2025-06-12 21:46:48,225 - pyswarms.single.global_best - INFO - Optimize for 50 iters with {'c1': 2, 'c2': 2, 'w': 0.9}
2025-06-12 21:46:48,539 - pyswarms.single.global_best - INFO - Optimization finished | best cost: 81.3428064048506, best pos: [ 7.65905817 16.71867912 12.56390889 16.55249273 10.42274836  3.38751158
  0.39370884  2.7600238  18.43588483 10.07706777 11.18565762 17.09285499
  3.90807396 13.56551643  8.55709434  9.487844    9.47604407  8.40312875
 13.02898006 17.4139068   2.70535891  4.53805478  9.05236539 11.18686372
 10.43689875  4.63348028  7.32993163  4.32768561 18.51314199  4.39437683
 16.92478634  7.53723456 10.40507913 14.61535972 11.19876079  9.69881514
 10.0460204  12.90425562  8.51442089  4.84663121  6.29056002  9.98471712
 12.99958949  2.4184419   3.633277   10.64615135  3.67423634  4.512402
  9.87600158  5.21039226 12.10898768  7.25951246  2.92098621  3.46248727
 15.00595233 12.41722338  1.68058802 10.63594387 14.5478719  18.7816756
  9.4436224   6.61653892 15.07991552  2.41501081 12.52312602 15.36663055
  6.34646959  6.40033195 11.04926762 17.28863405  6.47153531  3.35526734
  9.62088851  6.18618798 17.41373485  1.61617051 14.44784973  0.22796416
 10.90336798 12.93608527 11.65430802  3.65664368 16.459057   16.48760716
  9.44093771  3.75144871 15.07316914 11.07613762 16.73157994  3.95792504
 13.66051433 10.28802191  2.55859274 16.59932215  7.91705546  9.36845768
  9.87384187 17.13612688 14.1471462  16.49933579  3.91519844  7.81545398
 11.40957424 13.27497341 11.73327044  8.60438142  7.74226082 17.6039379
 15.43921915 16.04529559 13.46148085 17.10288608 13.86064278 12.46699809
  0.0491765  16.12757507  8.77079686 15.89660418  0.65844411 16.7087365
  1.87570009  7.42966299  3.21356878  9.85815386  6.124763   14.0923158
 10.99267676  7.20934163  2.58101088  7.76805948  0.59819934  4.01193714
 14.91076129 10.18946667 10.06793845 13.41399587 13.45961377 10.27258879
  7.69385233  6.96285446 12.80327483 13.35192939 12.51361738  5.81780455
 13.19951709 11.02043597 10.11244569 10.56501404 16.64822951  8.92360087
  3.78329028  9.61700306 12.28126443  7.94002619 11.03969729 16.49894249
 10.58950594  6.87340171 10.53920451 11.68693495 15.19008647  0.27036686
 11.29754337  1.31108716 16.16904537 11.4016786   8.93323959  5.00814063
 10.37280384 15.96822669 16.6816788   2.32286912  1.53558203 13.50102161
 16.99414749  4.5493166   4.66953373  6.2448814  13.06091219  8.04997309
  5.33532043 11.27666858 15.88947641  5.61600957 10.38702622 15.40051188
  9.77279003  7.95356888  8.68879409 12.29794352 16.42452329 14.79217666
  0.94197309  3.86874272  7.53024454  3.13767207 11.80436854 14.86882928
  5.79068293  1.5470021   6.76707192 16.73222246 11.72460738  8.54005968
 10.51533693 16.47324772 13.64536188  5.27454761 11.28730024 10.57297686
 11.68579837  9.91679004  6.50500468  6.49413376 13.12167686  5.32573023
 11.73370768  0.21440857 12.61981482  5.92470416  9.81527412  7.20939919
  4.09712234 13.77113761 16.73591197 18.52855904 11.9820993   1.38667009
 14.30477033 10.2202681  15.25912225  9.95789281 16.92645413  0.54557279
  9.39508902 11.46500638 14.69545596  1.33547858  2.33112971 16.67445331
  0.0468695   5.49659532 10.93941151 16.99223433  9.55947937 14.15884111
  0.9260469  17.06548467  7.04294932 17.22501691]
2025-06-12 21:46:48,543 - pyswarms.single.global_best - INFO - Optimize for 50 iters with {'c1': 2, 'c2': 2, 'w': 0.9}
2025-06-12 21:46:48,853 - pyswarms.single.global_best - INFO - Optimization finished | best cost: 81.22257176717179, best pos: [ 9.10195699  7.77587801  1.21560092 14.42143301 13.22551204  6.42837125
 14.5221418  10.6457654  13.98744623 16.66276087 10.27870801  1.83818772
 13.3998673   9.20189063  5.75355543 13.79700558  0.88293156  5.51497725
 15.05956808 16.12506641  9.10175667 12.3010199   6.9044827   5.11499885
  6.22023526 16.05336572 15.71499053 10.97066589 14.73472146  6.80890873
  0.92610698  1.10410923  7.85511339 13.45027814 10.29398926 11.06477397
 15.47627581  3.36486654 12.68239662  0.60344654 16.35568237 14.85785568
 10.48335186 12.23830458 13.84979699  8.84948128  8.27533372  1.23507308
  1.35767847  7.68500516 11.9502601  10.7563909  10.37802082  0.6650071
 16.32836792  7.79627612  7.29083477  0.29593441  9.65761657  0.87319949
 16.00468327  5.69897115  0.51728379  4.92502991  0.13365295 15.87947684
  1.57461317  7.80449528 11.82295409  9.03517014 12.64818551 14.40633372
  2.66311151 10.63049461 17.10891932  9.94611456  3.95541211  8.62081942
  4.10708923 12.44806129  4.89888821 15.59529661 10.66709937 12.3406211
  9.94679107  1.77381505 12.59213397  6.6438363   3.8063896  12.45333724
  9.02755035 17.40792253  8.58757774 10.70797299  2.36059034  7.84813107
  1.77051481  2.31911613  7.9432995   5.64183216 12.68890863 12.61150331
  5.35604863 13.058283   11.11223193  6.94043306 13.85455608  1.30293113
 15.95551117 14.37328474  2.97683358 14.1203597   7.59451502 15.78866162
  8.029793   14.10427928  1.55067706 14.15970009 18.87051794  4.41178819
  4.61800359  8.38091932  8.50126317 13.88455954  5.22587424  7.82480868
  9.61493957 13.28533906 16.00499624 10.43672835 14.6684929   6.49015229
  5.23477085  8.85939712  7.76031443  4.9968398   4.73236476 11.28732609
 11.569693    2.87883511  8.46533653 15.13039465  9.99421515 11.34779524
  5.51230089 16.28218192 18.56068882 17.68553441 13.93989795  0.74554578
 16.14150523 17.31033792 10.49415224  3.59928969  3.3497863   8.29423297
  7.21190655  4.93538084 11.13594559 11.30333582 16.51767735  3.08820628
 12.75594696 13.32340436 10.97083647 10.05332911  5.01924344 10.23642015
 18.27507976 14.4115396  11.3845889  13.43161062 11.05555669  4.74882638
 11.82219936 10.59761979  9.85860023 10.97041327 16.3325194   2.77609017
 11.25229203 11.53585084 10.16301513  1.63338872 11.13638889  4.27399567
 13.23064982 15.31667843  9.09561305  2.30419842  9.97781605 14.07660504
  4.65273851  7.58565032  6.35912551 16.21107423  5.43818205 16.16032879
 10.54750555 13.22634161  4.56591555 14.56725819 14.94286175 11.60848749
 11.48891941 12.02964827  8.42983266  8.1130475   0.39504296 13.80443608
 11.5844292   7.56897704 16.45659813 13.22383804  8.4057665  18.01581409
  8.85554413 13.68103744 16.47181424 10.37636874 12.0463808   0.14834413
  3.81901881 18.11813292 12.37004596 10.8201775  16.05939471  7.00200621
  3.48774075  7.48813476  9.82046781 12.83843027 11.62856199 15.15087985
  5.31886598 15.14973602  1.69365438  9.99649008 15.66265827  9.39840309
 13.06265905  5.74256995  6.88937299  3.11231847 15.95023167 15.12411511
 15.42336083 16.0132105  12.73647763  9.46669847]
2025-06-12 21:46:48,856 - pyswarms.single.global_best - INFO - Optimize for 50 iters with {'c1': 2, 'c2': 2, 'w': 0.9}
2025-06-12 21:46:49,175 - pyswarms.single.global_best - INFO - Optimization finished | best cost: 82.57831501118832, best pos: [15.87867229  6.72988017  8.6926533   7.35891273  8.86322433 15.57314451
  6.49421379 15.1587801   6.56151862  8.72496329 14.32625899  7.13152857
 16.00979705 14.94760786  9.12398489 15.61264975  8.5372389   8.22913562
  0.98372668 12.39513131  3.7685906  18.45088577 12.1674506   1.2160604
  6.24649184  5.22836573 11.52699574 11.2561799   0.25748141 15.72331086
  7.87110184  5.98236646  9.06182569  1.72975656  9.12943815 15.9060779
  4.05936276 14.69271262  6.7278739  14.41470076  1.09118313  5.34025644
  6.72388786  9.24999392  3.5236191   7.42286508  5.31481692 10.95506967
 11.96103441  0.42816928 16.98874874  1.46451668 14.92600761  0.65135471
 16.205515    6.12660645 15.83141444  8.74916008 16.14967342  0.39045055
 10.6352857   6.49945377 15.70011674  7.15555343  1.1164604  16.64778374
  8.80931979  1.88601647 11.54111572 14.30767183  8.21015261 10.12079485
 14.14789947 15.47864017 13.77839726  7.33796956  9.6934273   9.77559835
  9.5296842  13.51980521 13.49994509  3.01243133 10.03069614  4.69984025
  4.79929117 15.13806018  3.06971285  3.72387356 17.76277909  8.77817662
 18.57756694  6.14628167  6.18517615 11.83022651  0.54224527  3.64811445
 17.93655963  6.81130215 17.34158826 13.06262573  8.03646484  8.61100896
 12.51675723 13.61427012  7.42380312 18.75271159  5.90298864 14.71949124
 10.68495504  0.71369774 16.75176182 15.08721142  9.15011815  6.27423306
 13.55170642  7.43244045  6.41283224 11.07447346 16.41741899  1.00335638
  3.12375077  5.49477249 13.14036227  4.4458589   2.38730238  2.46738773
 14.37729028  8.52238872 14.48816167  0.47220606 12.80723853 14.67200755
 10.45576214 13.39738296 14.03913461 10.94330993  4.34386275 15.07825789
 12.55498396 16.33113053 10.46922353 15.57209986  3.61846071  0.04168864
  7.16630012  0.63437117 12.0177714   8.9699324  10.52227572  6.89937157
 14.00530343  1.21759187 16.24776361 15.6616691  18.16510617  4.06258901
 10.78989992  1.10494947 10.1194624   0.34069471  8.05417076 11.41085756
  5.14578414  4.67646033  4.96595806  6.23786708  1.02172297  9.55616368
  6.32922646 14.14822073  9.64853297 18.82900133  3.71111121 11.58338104
  9.43309897  1.37065617  5.11953663 10.55768726  1.93697053 10.53957597
  9.35816241 10.21777725 14.07439211  7.75028393  9.47703575  3.06030016
  5.89494305 13.22126313 12.15616107 10.8982101   9.43015676  5.76699882
  5.83547244 11.17553217 13.96870639  8.75442052  9.88978546  6.61210791
  3.61147486 13.31448834  6.41854448  1.17576835  1.24051315 16.59178288
  6.44816766 17.69465315  6.14905424 13.18868296 15.99089581  2.18709522
 11.10128756  9.40887442 14.10650287  5.15139374 13.82915259  2.93518497
  1.42065996 13.57560601  9.8364818  15.19397066  5.14232918  4.76460357
  9.4039009  12.87265947  7.37002265 18.78514695  6.72755048 16.81656087
 15.59876021  0.62582946 17.15279832  7.82567826  5.31495853  9.94716138
  3.39555288  1.03638434 11.52434732 14.5007604  17.68123788 13.81203652
  1.67970005 17.77312775 15.12132086 14.1874086   0.18200008  7.92070511
  6.86543941 12.84746768  6.0480553   9.35698383]
2025-06-12 21:46:49,179 - pyswarms.single.global_best - INFO - Optimize for 50 iters with {'c1': 2, 'c2': 2, 'w': 0.9}
2025-06-12 21:46:49,495 - pyswarms.single.global_best - INFO - Optimization finished | best cost: 78.90979125869097, best pos: [1.65182340e+01 1.14494064e+01 1.12130943e+01 1.42855734e+01
 7.48987644e+00 1.47217669e+01 1.70312351e+01 8.52753967e+00
 1.63950917e+01 1.59463494e+01 1.48685677e+01 1.20337137e+01
 1.04475284e+01 1.52873899e+01 1.15596889e+01 1.30951648e+01
 1.52429734e+01 8.78320791e+00 1.86150950e+01 1.46542251e+01
 1.82974776e+01 1.47862269e+01 1.47293564e+01 1.61234857e+01
 3.22068855e+00 9.00819516e+00 1.29500837e+01 1.14436787e+01
 1.42271482e+01 6.66575276e+00 1.25272087e+01 1.12723903e+01
 3.48250668e+00 6.15720190e+00 9.59546624e+00 1.61984429e+01
 2.90353759e+00 5.76963437e+00 9.80258077e+00 1.46324900e+01
 1.47728223e+01 1.28901637e+01 1.15268492e+01 1.87568420e+01
 6.79591890e+00 1.68276154e+01 2.92329187e-01 1.54371269e+01
 1.43998717e+01 7.76063561e+00 1.76627163e+01 1.26236832e+01
 2.68592193e+00 1.12789206e+01 1.48988580e+01 1.47558756e+00
 9.63460812e+00 1.52573507e+01 1.00606194e+00 1.47440643e+01
 6.88892470e+00 1.69203410e+01 1.36895370e+01 1.44039944e+01
 3.12567188e+00 9.12838672e+00 5.77799767e+00 3.02269981e-01
 3.03230647e+00 1.44780538e+01 6.68141689e+00 8.60086140e-01
 1.79717996e+01 7.96089624e+00 1.18111530e+01 2.46629287e+00
 1.17655029e+01 1.54292826e+01 7.58914635e+00 1.45826826e+01
 1.29189352e+01 7.53834211e+00 3.17450204e+00 1.69086424e+01
 8.36176806e+00 6.83756965e+00 1.84441678e+00 1.01353219e+01
 7.97180882e+00 1.48133025e+00 1.17812115e+01 7.04698613e+00
 2.44895670e+00 8.99700168e+00 1.06858584e+01 1.34302762e+01
 6.92104793e+00 2.75705941e+00 1.03408951e+01 9.86383632e+00
 6.05945046e-01 1.63460713e+01 1.13213672e+01 1.07783025e+01
 3.36001210e+00 9.65840676e-01 1.15162761e+01 1.21904214e+01
 6.98756803e+00 1.06967402e+01 1.84997824e+00 1.01875198e+01
 1.67475440e+01 1.30069407e+01 1.31035271e+01 1.28638337e-02
 1.87983719e+00 1.35327255e+01 1.33623831e+01 3.94874262e-02
 1.06873133e+00 1.83730573e+01 1.79226366e+01 5.17633930e+00
 1.33866743e+01 7.65382193e+00 5.12366466e+00 1.50015072e+01
 9.67576108e+00 1.12901631e+01 2.42178488e+00 8.16959099e-01
 6.28722622e+00 1.30638714e+01 1.24855358e+01 3.96358935e+00
 1.74458890e+01 1.12580156e+01 1.08472008e+01 6.20704447e+00
 7.40260413e+00 8.67513225e+00 1.35415304e+01 1.48051964e+01
 1.62169177e+01 1.29979864e+01 1.52531096e+00 1.23667691e+01
 1.43254666e+01 4.46945667e+00 1.40258959e+01 8.35539039e+00
 1.34831800e+01 1.00664675e+01 7.75730328e+00 1.41878082e+01
 1.29642394e+01 2.59894600e+00 1.12189641e+01 1.43447885e+01
 1.17050496e+01 7.78831510e+00 1.44259145e+01 1.89278114e+00
 1.31058046e+01 9.57144574e+00 2.50320164e-01 9.50210498e+00
 4.50586499e+00 1.10453648e+01 3.57175119e-01 1.98051952e+00
 2.79616138e+00 1.08136435e+00 1.13358422e+01 9.84334198e+00
 1.03471280e+01 1.49807082e+01 9.36953339e+00 8.26617551e+00
 1.62929609e+01 1.86376165e+01 1.27942292e+01 1.44127460e+01
 1.09351567e+01 1.19639391e+01 1.53840841e+01 8.43766963e+00
 1.77181452e+00 5.69250957e+00 6.58209851e+00 1.24239895e+01
 6.78285655e-01 1.45820825e+01 3.15818292e+00 9.75622792e+00
 1.12119031e+01 1.48082849e+01 1.64361937e+01 5.51915882e+00
 5.33116821e+00 6.45694817e+00 1.72043570e+01 1.74247329e-01
 1.42374925e+01 9.45000462e+00 1.22442596e-01 1.31510409e+01
 4.37548432e+00 1.58782863e+00 9.34799457e+00 7.76424797e-01
 7.17717191e+00 1.81113177e-01 1.33220503e+01 1.30812524e+01
 1.75730235e+00 2.54297453e+00 1.52026261e+01 5.84796091e+00
 1.60116320e+01 1.25139797e+00 1.51938473e+01 2.60259474e+00
 1.28755093e+01 1.58916117e+01 1.22199894e+00 1.30107561e+01
 1.28919406e+01 1.01811510e+01 7.48673610e+00 3.34696066e+00
 1.00625137e+01 5.01830716e+00 3.69276633e+00 1.20108750e+01
 2.60941417e+00 1.27812817e+01 8.02275202e+00 1.59479094e+01
 1.09689844e+01 1.69329028e+01 1.58279602e+01 1.27478622e+01
 1.65329323e+01 9.07822240e+00 8.06940628e+00 1.30007756e+01
 1.24893045e+01 1.60220390e+01]
2025-06-12 21:46:49,505 - pyswarms.single.global_best - INFO - Optimize for 50 iters with {'c1': 2, 'c2': 2, 'w': 0.9}
2025-06-12 21:46:49,818 - pyswarms.single.global_best - INFO - Optimization finished | best cost: 83.19187058646412, best pos: [18.81522041  9.63416075 13.60911926 14.06078044 10.02265654 15.29366373
 15.81694047  9.08782074  1.70952791  7.88336305  6.68380859  9.73952618
  3.53934795  1.52535159  9.200983   10.30174283 15.46754737 17.14248707
 12.51120634  6.93725801  4.51627168  0.76719079  9.46442884  4.14809484
  6.420654    1.32968085  6.86697383  3.76541301  7.37117792  1.33964223
  8.95653441 15.9770612  11.28823636  8.81036003  8.77950907  8.62603783
  1.81085023 10.94037145  8.74257725  5.97251195 15.9737515   8.05227838
 12.13382725  6.96461488 13.09934518 11.91557269  7.35794462 17.19838184
 12.71411436 11.34081391 12.02555468  8.27360256 12.89682799 16.97473685
  9.7045171  17.36930092 17.37335416 10.72390467 11.53468188  6.82378982
 10.15609822 13.27073573 12.68171     2.97118788 16.0768332   5.8939149
 11.32630728  9.46745932  8.57409161 13.97073634 11.11915553  3.45942247
  0.23016427  7.82653509 15.20126833  5.45563494 14.0677574   9.29845914
 17.04223616 10.06874519 11.35794471  0.65226132  2.02166208 11.32503435
 14.65715275 13.49276057 16.40570994 17.97432577  3.36030432  7.68089199
  6.09456616 11.90556911 13.08452882  3.53978076 12.23108479 11.95000983
 15.59238636  6.36708048 15.01677229  2.37693867 10.00387091  0.97017556
 10.69462207  7.37932662  2.65925788  6.18518439 13.06175794 10.26301449
  9.80108339 11.52079479  8.18983914  7.17464363  8.7296839   6.57544923
  2.3869393   4.7735299   4.23006921 10.42590753  6.55981753  6.1109414
  1.85010312  9.65331243 15.11315822 13.05131993 11.4156145  11.07842685
 11.63713831 10.44564681 13.26677988  7.87491754 13.48143481 11.08942504
 16.66044598 17.09039672  3.98358134 15.13603734 17.22975426 10.96471273
 14.10091423 16.94684049 15.6115005   6.46221455 13.43604763  6.63177601
  0.32042083 13.94735462  5.29250986 16.8896282  18.18622514 11.60910994
 17.40961818  7.34056467 12.31406542 15.5170913   1.80373945 14.52795546
 16.06898414 14.57558743  9.44203442  8.22558422  5.12725818  0.48440011
 12.30472644 15.22358366 17.81810262 15.37745206  3.78791796  8.99836615
  0.89209192  2.6125962   8.67531909  8.68149245 17.26529037  6.83935813
 10.10924519 17.63879056  2.30142943  9.67474546 10.45282693  6.31041668
  0.13579016 13.69979253 16.25700313  6.29374818 10.76072705  6.97607623
  7.19320496  0.18832973 10.83646173 10.44313161 16.19994242 14.00663407
 17.45669237 17.26207394 13.34233682  9.02388035  2.98434068 17.01511128
  7.11542895 10.8008134   3.98715487  0.79736813  9.05153738 13.94070128
  8.21768723 14.33293522  8.48041622 13.09790888  2.26603393  1.14622332
  5.02376283  2.27194782 12.5708284   5.07783531 16.55487304 14.2081117
 13.20802836 16.5433299  15.43983886  9.29286591 13.82420372 18.56816745
 12.25905919 16.88060728 17.36685491  8.69613405  6.50177655 16.73441046
 10.98081007 16.85904773 13.03703592 10.2183062   9.56584756 10.9239438
  3.99850904  8.38264138 11.25294563  9.70233173  6.25377645 16.66042366
 15.04849581 14.23552912 11.39632258  8.54446214 10.21578891 10.82532227
 11.79340821 10.04232005  7.5195719  17.05421236]
2025-06-12 21:46:49,821 - pyswarms.single.global_best - INFO - Optimize for 50 iters with {'c1': 2, 'c2': 2, 'w': 0.9}
2025-06-12 21:46:50,128 - pyswarms.single.global_best - INFO - Optimization finished | best cost: 81.65498616702496, best pos: [ 1.78037714 12.81932685 16.48155162 12.43695155  3.81988583 12.04377022
 12.79965355 13.02071193 17.00090942 18.13944001  9.07753944 15.98291774
  8.64255718 10.92755711 10.93680035 15.14717643  2.18190132  7.1132868
  9.78735977 15.34015526 18.66727354  6.00890206 15.52136602 13.3005429
  0.55070332 12.07723626  0.7974646   3.38045778 14.64431109  8.40758398
 17.75008615  5.11294663 12.41518599  5.88399228 16.56293827 12.0017139
 14.53249439 12.99606939 10.60570451 13.12241582 14.79201291  7.41766092
  6.9441929   8.14780247 16.32498513  8.34639384 12.81728039 16.08990716
  2.78641369  8.12347535  1.87317111  0.41737526  1.34785091  3.36109384
  5.08261332 18.00497606  1.21758044  7.60161539 11.82054769 13.51614356
  3.08272898  3.20197062  6.39718956 11.93788332 15.90054422  9.09333904
  6.95863211  2.68334112 10.62876172  8.49970593 17.45286523 13.86445699
  7.38340055  7.63136677  8.30496879  1.87693805  8.88829374  9.09811941
  5.53048134  5.50152271 10.38838539 11.80815921 14.52130226 16.81042266
  0.55149381  9.86862219 11.3542     17.412588   12.77785116 15.8094454
  3.23296517  1.58181054  6.61037945 14.94796701  3.83148639 10.1125858
 14.98221575  6.42919615  1.44962459  8.3693363   2.95929504  5.11997604
 11.44116796  0.97588487 16.52590135 10.01538117 17.84293184  9.94900229
  3.54393983  9.07944119 11.94144543 10.17448753 12.94006922 16.58975475
 12.60330327  8.21196474 10.3804193   3.64031302 15.55062916  0.97834073
  6.97032376 14.48062556  1.32234922 15.25802156 12.44635181 18.68097866
  5.82002091  5.90182705 16.85105615 13.94358845 13.64252407 12.44576728
  6.93238304  8.89658756  8.08063676  9.10566405  6.90808822  0.34408838
  3.03708542 10.26085398 11.11012793 10.7888773  13.45098163  4.3932764
 13.59965631  3.51512316  5.77055027  4.34269534  1.36082902 15.0614663
  4.38705209  9.37892519  8.44148081  8.32373415  5.20993625 17.06379218
 10.98147321 10.03746495  3.35322792 15.2239115   7.75758782 10.63874932
 12.6166357   9.72912394 12.64442363  9.94760279 15.52574654  0.91173588
  5.45606586 13.52771799 10.71179252  7.53536581  6.92057079  5.01810604
 11.75783156 11.55472443 15.25806925 15.44516153  6.69284244 18.50891446
  9.32391249 10.46068886  5.4351754  11.26207066 14.83822784 16.76052295
  9.12774339 15.05956948  0.79334245 12.82742025  7.6173313  10.78330955
  5.22383641  6.22820774 15.53655596  7.86951306 14.93672714  7.48326647
 14.20070878 13.11252402  7.52898327 11.1797862  15.90784241 17.59053981
 12.73796544 11.41052706 13.28719727 11.76963342  5.79649209  3.79350821
  3.54251939  9.60811053 13.57902836  1.15111127  7.44389079 14.35574587
  7.65977558  4.88348448  5.52500012  3.46563947  7.50143559  9.03115653
  3.59480775  5.62705412  5.66024052  6.34418298  8.60894095  1.13595012
 13.44871256 10.50835229  6.20608042  3.94289525  6.45006168 18.93889638
 12.64235754  0.72278848 10.16834328 13.42208798  0.80433627  4.49246867
  0.93136356 10.05788774  9.08497925  0.21173433  9.9042122   6.50724907
 10.24694137 17.50891049 10.5329793  17.31918981]
2025-06-12 21:46:50,131 - pyswarms.single.global_best - INFO - Optimize for 50 iters with {'c1': 2, 'c2': 2, 'w': 0.9}
2025-06-12 21:46:50,437 - pyswarms.single.global_best - INFO - Optimization finished | best cost: 82.6215662209081, best pos: [12.46837303 16.77659631 12.76552861  5.05604553  7.01651493  9.06701233
 12.51238088 11.82599988 16.29895335  7.41053653  1.24117624 13.21696347
  6.71332247 15.74299425 14.4397091   1.35324194  4.7941373  12.24835972
 12.69986994 17.61018643 18.35402997  1.99691909 16.08956756 11.03499969
  4.14164469 12.00765844  1.5463399   5.44963076 15.7147532  18.98616936
 14.8476019   6.84703511 10.03736411  8.26468861 15.40798639  7.74346514
  8.49912366 14.29457356 12.13037804 12.01437976 12.00747053 14.03892279
  2.23046183  0.6191807   9.36110491  4.65407715 13.24214958  9.92710402
  3.31027897 10.02743347 13.48313389  6.95686187 12.58064816  7.54621668
  5.52082146 14.98426167 10.7346148  17.25180373  7.82847221  3.12189421
  5.65948446  2.25845872  6.64431495  8.80885104 16.6569801   7.19737484
  8.73028929  2.64804764 13.31721727  3.63834477  9.88625509  9.62049219
  2.00070816 14.64990728  8.79613957  7.37809126 12.75608362 10.58522092
 14.88174811 16.41809871 16.3540068  10.99601114  4.60612748 10.75934092
  1.41886981  2.80149857  3.28599305  1.35931219  9.1048815  11.00246851
  8.80518023 14.9303327   5.52370429 13.63491439  7.82083461 15.2407083
  8.36429673  1.53787478  9.93557258  7.63048882  7.59312734  7.08432558
 18.4184614   5.32565155  4.76249713  9.84296393 10.85887611  8.30020992
  5.96972437  9.14001972 16.68368698  0.0287011  15.44818028  5.85202899
 12.36342207 15.87540445  3.28931866 16.3174414   9.60169925  0.62070048
  8.13228166 18.36156127 14.48966072  1.11745165 18.69915635 13.79777192
 13.01471247  0.49938558  9.00603095  5.49868965 12.52892276 12.48594298
 16.76021378 12.29142171  9.31678377 10.64074696 18.7399593   0.17489709
  7.71434876  1.66985037 15.52018488  6.78451214  1.67025786  8.82616629
 14.87790688 15.15637074 15.83727622 15.76123481 10.16003284  9.5790661
  5.12392645 12.25126435 12.68316847 15.76265443  0.16098859 12.76281172
 10.32361028 15.1294511  11.57467211  4.35313856  6.19881573 10.50677728
 11.35257343 11.08253956 12.27952321 13.46286253 13.33587041  1.97236123
  0.07392556 16.15190997  0.39493878  7.69908286 15.01802894  8.79994436
  1.80282604  9.55662613 16.89204297 10.75845763 17.5612334   6.27261804
  9.09502473 13.17539472 13.49574934 13.17063763 13.68211691 10.41011069
  0.279377   13.92482528 11.77528117 15.87974735 13.06189584 12.38318887
 11.37452748 16.55309722  1.38923624  3.22943263 15.7411147   9.93183184
  8.65011153  9.07415259 17.38089947  9.73421903 16.52108895 16.23258058
 13.46246014 17.83929135  5.7511629  12.75337927  2.68761292 11.3691786
  8.52840819 13.00075205  6.48278941  7.41888362  8.22841351  8.93061552
 13.94860756  4.12600789 14.27591208 12.73155167  5.49734119  7.10703126
 14.791717    6.34832604  5.866918   14.84111624 14.06921454 13.68061468
  9.18026758 13.54263479  4.32064562  3.81105779 10.71249522 12.49371195
 17.53958881  4.50867063  3.01053742 11.08247068  9.42701104  0.74334899
 13.85507917  3.68715027  7.73812595  4.18154113  0.3823472  11.91574396
  8.31872711 13.16828154 18.87472717  9.45911419]
2025-06-12 21:46:50,441 - pyswarms.single.global_best - INFO - Optimize for 50 iters with {'c1': 2, 'c2': 2, 'w': 0.9}
2025-06-12 21:46:50,746 - pyswarms.single.global_best - INFO - Optimization finished | best cost: 81.240257871743, best pos: [8.12582477e-01 6.68510597e+00 1.04217503e+01 6.25713670e+00
 1.77293467e+01 1.49128819e+01 5.95126246e+00 1.62507617e+01
 5.61105625e+00 6.03014628e+00 1.33352458e+01 3.35940704e+00
 1.03406679e+01 9.27968672e+00 6.34455589e+00 1.08280232e+01
 1.54145905e+01 1.35214801e+01 9.52858149e+00 1.84931229e+01
 9.12349358e+00 9.75722748e+00 2.74756038e+00 4.69935591e-01
 5.86302465e+00 3.96140430e+00 8.57598443e+00 1.36383848e+00
 1.35836801e+01 1.83175424e+00 1.75725312e+01 6.67705031e+00
 1.46239075e+01 1.21104734e+01 1.07943818e+01 9.82418432e+00
 1.12534756e+01 1.12302474e+01 9.47239005e+00 1.45624309e+01
 6.77191854e+00 4.38288088e-02 1.85773053e+01 2.39249375e+00
 7.76636518e+00 1.02155888e+01 1.03694797e+01 1.82170092e+01
 8.88099808e+00 7.04069167e+00 1.41598681e+01 9.51713706e+00
 1.58942086e+01 1.26725857e+01 1.10847781e+01 1.24161634e+01
 1.30207006e+00 1.27950877e+01 1.33875707e+01 1.27473328e+01
 9.18222546e+00 2.34290107e+00 8.57797515e+00 1.34589274e+01
 7.79586063e-03 1.28252913e+01 9.73427049e+00 8.21881990e+00
 1.07844474e+01 1.63127842e+01 1.06754137e+00 1.09323955e+01
 1.69555582e+01 1.24190708e+01 6.81744825e+00 5.38250853e+00
 1.34814295e+01 1.00225441e+01 5.08660677e+00 1.40340920e+01
 6.04973879e+00 1.02952005e+01 6.91431214e+00 1.09124160e+01
 6.22280254e+00 1.63124738e+01 4.78223627e+00 8.17449610e+00
 3.06670117e+00 1.45161384e+01 3.79990942e+00 2.42571790e+00
 1.27048120e+01 5.20341099e+00 1.64226740e+01 2.12876083e+00
 7.54888130e+00 1.08026442e+01 1.44109157e+01 9.53785646e+00
 1.60889067e+01 1.09186688e+01 8.29628908e+00 1.30584872e+01
 4.67433400e+00 8.74010150e+00 1.54237738e+01 1.57488658e+00
 1.05654378e+01 1.85210290e+01 9.65845772e+00 5.22639176e+00
 7.28101789e+00 1.46092171e+01 9.55571852e-02 1.54127071e+00
 6.29870756e-01 1.06164292e+01 7.62967047e+00 1.66854672e+01
 1.36159370e+01 1.36683361e+01 5.75217521e+00 8.26060473e+00
 4.49708822e-01 3.18459666e+00 6.52698177e+00 6.79156093e+00
 1.62437532e+01 1.52879739e+01 1.29055231e+01 2.75261682e+00
 1.03665376e+01 1.72954516e+01 1.55483008e+01 7.38337349e+00
 9.21513055e+00 7.73672838e-01 5.63798648e+00 1.39162966e+00
 1.09916810e+01 1.73606469e+00 5.52002081e+00 1.04400693e+01
 1.10308801e+01 1.22846711e+01 1.41760079e+01 9.79167869e+00
 1.68169613e+01 1.72062553e+00 4.01063177e-01 8.85362465e+00
 9.98255659e+00 4.84218159e+00 1.02685501e+01 1.51130432e+01
 1.06614849e+01 4.81903257e-01 7.35745569e+00 3.59230421e+00
 1.61501689e+01 4.09358714e+00 1.15500527e+01 1.53542509e+01
 9.42174819e+00 2.18768030e-01 1.01631231e+01 1.90678287e+00
 1.19521767e+01 8.24874829e+00 4.40385675e+00 8.02108370e-01
 9.46742487e+00 9.97921043e+00 2.33137400e+00 1.41993393e+01
 1.47084843e+01 6.16130077e+00 3.68675854e+00 1.52843529e+01
 9.05364590e+00 1.39461346e+01 9.44547120e+00 7.41635782e+00
 5.47164142e-01 1.03921736e+01 1.04699648e+01 1.15225940e+01
 1.27553660e+01 5.04852543e+00 6.03184618e+00 1.59597957e+01
 4.12940475e+00 6.21654536e-01 1.82964526e+01 1.48978877e+01
 1.67187741e+01 3.54141311e-01 1.15128937e+01 1.42938493e+01
 1.27056516e+01 1.47593349e+00 1.78448755e+00 1.11294742e+01
 1.06735505e+01 1.40070017e+01 3.43719755e+00 1.56141367e+01
 1.62199223e+01 6.28796764e+00 1.20168043e+01 1.59648822e+00
 1.39688556e+01 8.54927664e+00 1.63032936e+01 1.06894273e+01
 1.89343861e+01 1.25153814e+01 3.58229197e+00 9.49585458e+00
 6.67121836e+00 3.35380287e+00 1.78219604e+01 1.10724677e+01
 1.60746105e+01 1.10204102e+01 2.92750106e+00 8.64323792e+00
 4.73520120e-01 1.04604125e+00 1.79847246e+01 1.56151110e+01
 3.02631703e+00 6.32321933e+00 4.36304113e+00 8.99741922e+00
 1.68707919e+01 3.77098184e+00 3.77516567e+00 6.19463166e+00
 1.04858960e+01 4.55767846e-01 9.33725518e+00 3.38244747e+00
 7.35839121e-01 8.97075668e+00 1.01206619e+01 2.28240414e+00
 1.84947264e+01 1.13330787e+01]
2025-06-12 21:46:50,755 - pyswarms.single.global_best - INFO - Optimize for 50 iters with {'c1': 2, 'c2': 2, 'w': 0.9}
2025-06-12 21:46:51,064 - pyswarms.single.global_best - INFO - Optimization finished | best cost: 82.23073242398547, best pos: [11.07463063 13.70827635 13.43976027 11.5236337  13.91746757  6.69784801
 15.53658376  8.72173539  9.85020106  4.80324923 13.746676   10.73574505
  6.40476689  7.36614215  1.79881939  5.98571616  7.54751247  9.44618597
  9.40280488 17.05124912 10.72488395 11.55960756  6.81537455 12.7110712
 10.84077595  1.28548101 10.53492894 10.57040936 11.04093793  5.52790191
 10.01829309 16.58074362 17.1189555   5.9349483  16.93644657 17.51438326
 16.47329315 12.8835014   1.52728986 14.28381633 17.05777083 15.00006951
 16.05515641 15.93895261 12.99196619 11.04730087 12.99184839 13.7072866
 18.24826827  8.5196656  15.1462679   1.47584719  9.15288412  2.05860878
  5.52259213 16.5297832   1.04531332 15.27213633 16.36806969 12.27318788
 14.35583598 11.67223028  4.02539637  1.04048912  7.75220937  5.96129673
  3.79771939 13.87339335 10.49600766  6.02110706  9.30995219 11.20724447
 16.34692369  8.53339821 14.48615912 15.43647427  6.44975754 16.35631485
  0.87087821  0.53810495 10.31950877 14.16300261 15.49518159 13.54953952
 14.12244374 13.44330253 11.28668923 12.68249696  3.73212206  6.72725489
 12.20145886 10.62790448  0.75651601 10.40498803 11.86827057 10.86604194
  8.15385539 15.01005925  1.4123359  16.32826896 16.68484277  4.45905836
  6.29408442 10.56487987  9.49761479  1.21361151 15.85982313  0.39389986
 12.78002485  8.36701958 10.35220823 16.1253401   8.19870691  6.35201481
  4.03495988 14.25906004  7.84200535 11.15375157  7.07067061  4.16201443
 11.32091798  9.48084256 10.92242998 14.0476436  16.42333196 13.86246835
 10.68948057  9.90476625  5.77659887  4.31372517 10.00450515 18.88745783
 16.84157359 16.43575126 13.27825707  9.57798507  6.9397498   1.16863205
  6.92387161 14.88340193  8.89704113  4.30013827 16.80159002  4.96857159
  3.51689487  6.36524238  8.25673209 15.79562311 15.25186452  5.26406869
 15.33783665 16.04084528  3.77466395 16.58185631  1.48500178  3.63291481
  3.47993921 15.86149533 12.20158417 15.73498118  6.88079806 15.86422252
 12.1350174   9.64477086  8.94234947  9.91941699  1.15604064 11.6799851
 13.29956675  2.32261926  7.48879229 16.8631374   4.14997066  0.76932373
 15.66065726 12.61054902 16.0874257   7.54387142  7.19164312  8.22192643
 16.45288696 10.29433863  9.43118928  3.48597574 15.0898761  11.77453408
 17.69096494  8.66043221 10.90436543 11.16971607  5.48833266  1.30815948
  3.28304047  1.79436671 14.30624481 14.66469426  1.95549017  0.73471834
 13.50353809 17.02530176 14.15756348  9.02244826 10.32618249  6.61281274
  5.95614739  1.13504761 10.23900422 15.1230897   8.13412791  1.65262162
 10.71852205  5.95747169 13.47510667 10.93045011  0.83493672  7.55789579
  4.38112445 12.34059119  4.17093941 17.90464048  5.31386842 12.72989923
 12.23648539 13.19116323  3.85099748 18.38049129 13.55601135 10.46901816
  4.01330434  5.67352526 11.82864395 11.55004893  2.42144452 11.61054104
  1.38239351  4.35940042 10.50797148 10.00286653  2.81707693 12.10213387
  4.0528439  12.86840509  5.70388787 15.28660602  2.30914627 15.535702
 12.38969515  1.96826908 17.42111783  0.58575632]
2025-06-12 21:46:51,067 - pyswarms.single.global_best - INFO - Optimize for 50 iters with {'c1': 2, 'c2': 2, 'w': 0.9}
2025-06-12 21:46:51,380 - pyswarms.single.global_best - INFO - Optimization finished | best cost: 81.86411287461608, best pos: [4.89285363e+00 1.81949469e+01 1.60374751e+01 1.43983708e+01
 1.08428125e+01 1.26266896e+01 7.27013765e+00 7.96226943e+00
 1.47891488e+01 1.11933313e+01 9.27585636e+00 4.38065208e+00
 1.19104012e+01 9.71438028e+00 1.51119893e+01 1.44424739e+01
 1.47726138e+01 1.41471057e+01 2.39367995e+00 1.37675291e+01
 9.36886344e+00 6.82988417e+00 1.23567708e+01 9.69352195e+00
 2.68405964e+00 1.87415890e+00 5.51144943e+00 1.48059735e+01
 1.53152953e+00 6.63593787e+00 1.15931121e+01 1.22066374e+01
 6.26977989e+00 1.04531192e+01 1.39615798e+01 1.31371508e+01
 6.99535416e+00 3.84688830e-01 7.53135670e+00 1.61365874e+01
 1.44658873e+01 3.24683400e+00 8.02425196e-01 9.82623165e+00
 1.69378740e+01 8.49695129e+00 7.97707637e+00 1.61802840e+01
 7.66537254e+00 1.33765079e+01 1.18386507e+01 8.89535460e+00
 1.63106434e+01 1.42716932e+01 1.67883400e+01 1.15431283e+01
 5.25810897e+00 8.63037793e+00 9.56811326e+00 1.50546342e+01
 3.04592382e+00 6.67690723e+00 7.62626903e+00 5.11252794e+00
 1.17785349e+01 7.32520975e+00 5.74146446e+00 2.37420037e+00
 1.55077976e+01 1.12126928e+01 3.87619293e+00 2.70326677e+00
 1.65452705e+00 9.84739114e+00 9.09007351e-01 1.06593400e+01
 1.29590120e+01 7.55502537e+00 1.48174512e+01 5.91943552e+00
 1.59521015e+01 1.01621995e+01 1.53032234e+01 1.50809931e+01
 1.12732010e+01 8.72472731e+00 1.57225587e+01 1.66609390e+00
 1.03663435e+01 8.97066993e+00 6.83306775e+00 1.09509536e+01
 3.87852409e+00 1.05553454e-01 1.67265643e+01 1.50283049e+01
 1.07005401e+01 7.92206041e+00 2.54103786e+00 1.89038175e+01
 3.51246303e+00 3.85338780e+00 1.31181310e+00 8.03284062e+00
 4.36037397e+00 4.40202624e+00 6.15685340e+00 6.11438049e+00
 1.24484445e+01 7.64878834e+00 1.09292529e+01 1.68940055e+01
 6.99411166e+00 1.00409234e+01 5.69985864e+00 1.72970892e+00
 1.69962972e+01 8.60916493e+00 9.38792523e+00 8.17830367e+00
 5.00997326e+00 1.80703712e+00 9.14388367e+00 9.60189511e+00
 1.75947293e+01 5.83329262e+00 1.50426590e+01 2.81064944e+00
 1.33299604e+01 1.05436454e+01 3.61954146e-02 1.64316176e+01
 1.42353036e+01 9.08058035e+00 1.32739842e+01 1.11455326e+01
 1.01820165e+01 5.73737424e+00 7.61435613e+00 1.14035439e+01
 1.07630931e+01 1.08515150e+01 1.45972224e+01 4.85626343e+00
 2.45946300e+00 1.69068630e+01 1.09306492e+00 1.34018243e+00
 6.64216928e+00 5.30942221e+00 8.43160521e+00 1.47303739e+01
 6.62279152e+00 1.08553615e-02 5.35745838e+00 1.75809027e+01
 3.39352880e+00 1.12648912e+01 1.47445459e+01 7.88246996e+00
 8.93385216e+00 1.03245243e+01 1.61574814e+01 1.07755316e+01
 1.76122351e+01 8.23337369e+00 6.54416177e+00 8.25171523e+00
 1.64094975e+01 1.73734216e+01 2.18808593e-01 1.62205168e+01
 9.15423279e+00 2.45513350e+00 9.49005469e+00 8.78353420e+00
 5.07608533e+00 9.64144309e+00 9.81723497e+00 1.22720151e+01
 1.30487409e+01 1.67645983e+01 7.37920972e+00 1.15625330e+01
 9.10210568e+00 1.33055080e+01 1.07590410e+01 6.90535152e+00
 1.18152569e+01 1.13036344e+01 9.23662712e+00 6.94308557e+00
 2.90203866e+00 1.50603379e+01 1.07364216e+01 1.04821610e+01
 1.32415584e+01 6.91048325e+00 8.93970825e+00 1.63409504e+01
 1.67917902e+00 9.29208735e+00 1.05115279e+01 6.14057035e+00
 9.68617299e+00 3.92768689e+00 1.35928178e+01 1.51932961e+01
 1.02092326e+01 5.25122080e+00 1.67521502e+01 7.78123777e+00
 7.89268542e+00 1.06572200e+00 1.13060897e+01 5.25981589e+00
 4.87440742e+00 1.85804293e+00 8.04636183e+00 2.33848162e-01
 1.74821949e-01 9.63398749e+00 1.64000993e+01 3.68461639e+00
 1.10043458e+01 1.73934132e+01 8.35550057e+00 9.92483748e+00
 3.14333957e-01 9.28762216e+00 1.05567797e+01 1.36708372e-01
 7.11591770e+00 1.33651731e+01 9.00589036e+00 4.97754727e+00
 1.75562002e+01 8.36388617e+00 3.14007641e+00 6.28445805e+00
 1.44241860e+01 4.68852940e+00 1.87516619e+01 5.61150343e+00
 1.43192760e+01 1.01209293e+01 1.60227587e+01 1.77800716e+01
 1.58101649e+01 3.24865071e+00]
2025-06-12 21:47:17,222 - pyswarms.single.global_best - INFO - Optimize for 100 iters with {'c1': 1.5, 'c2': 1, 'w': 0.7}
2025-06-12 21:47:17,475 - pyswarms.single.global_best - INFO - Optimization finished | best cost: 12.090000000000009, best pos: [1.46480707 0.40905393 0.12153686 1.94311386 0.96964581 0.72247619
 1.18091935 0.17575173 1.78505487 0.52506224 1.04647121 0.46583783
 1.60433056 1.12859965 1.64777303 1.97280806 1.10570651 0.87132688
 0.85512159 1.24117967 0.72733032 1.42510932 0.29521823 0.76765774
 1.89022513 1.27521168 1.91681267 0.35331484 1.33825587 0.95759013]
2025-06-12 21:47:17,478 - pyswarms.single.global_best - INFO - Optimize for 100 iters with {'c1': 1.5, 'c2': 1, 'w': 0.7}
2025-06-12 21:47:17,730 - pyswarms.single.global_best - INFO - Optimization finished | best cost: 12.090000000000009, best pos: [0.87025833 1.91589527 1.77453518 1.09966955 0.48761691 1.46119848
 0.39185904 1.95901689 1.74931909 1.8424272  1.24260711 0.01144816
 1.21976937 1.30355724 1.53164808 0.6935776  1.67573429 0.25679124
 0.21997528 0.23706414 1.03726726 0.82674767 1.79896112 1.80906101
 0.85305958 1.86099271 1.09295818 0.66352807 1.26380248 1.80144014]
2025-06-12 21:47:17,734 - pyswarms.single.global_best - INFO - Optimize for 100 iters with {'c1': 1.5, 'c2': 1, 'w': 0.7}
2025-06-12 21:47:17,983 - pyswarms.single.global_best - INFO - Optimization finished | best cost: 12.090000000000009, best pos: [0.73336454 1.68333947 1.60797373 1.27977246 0.4844997  0.83363951
 1.30680197 1.15203115 0.95694031 0.77606215 0.92412203 0.27002782
 0.10888812 0.35968068 1.15467724 1.91980201 1.59498318 1.24449592
 1.05230627 1.85208258 0.11345411 1.15194763 0.42599337 1.26015038
 0.17641874 0.11844771 1.05077436 1.25717645 1.91953954 0.30646513]
2025-06-13 15:48:33,512 - pyswarms.single.global_best - INFO - Optimize for 100 iters with {'c1': 1.5, 'c2': 1, 'w': 0.7}
2025-06-13 15:48:33,767 - pyswarms.single.global_best - INFO - Optimization finished | best cost: 12.090000000000009, best pos: [1.58662916 0.03964142 0.27861277 1.97652923 0.69547744 1.42865246
 1.61312749 1.56704177 1.82354448 1.28192558 1.43081548 0.58281924
 0.53270076 0.25614174 1.91254378 1.56028705 0.70163964 1.67438403
 0.97984769 1.54564039 1.47218887 0.41324195 1.17831821 1.69089533
 0.73737126 1.45475988 1.29403945 1.44785495 1.36135449 1.83658726]
2025-06-13 15:48:33,770 - pyswarms.single.global_best - INFO - Optimize for 100 iters with {'c1': 1.5, 'c2': 1, 'w': 0.7}
2025-06-13 15:48:34,018 - pyswarms.single.global_best - INFO - Optimization finished | best cost: 12.090000000000009, best pos: [1.03089446 1.5443267  1.63768658 0.61428006 1.57938536 0.18713754
 0.11115679 1.3096505  1.31229078 0.41938509 1.80669805 1.93359248
 0.25260597 0.89296917 0.39192444 0.99760444 0.80811227 0.99873054
 0.79784887 1.46254031 0.90039265 1.71457397 1.48969056 1.03399151
 1.53400917 1.17369822 1.13482088 1.66371863 1.00787209 1.71844829]
2025-06-13 15:48:34,022 - pyswarms.single.global_best - INFO - Optimize for 100 iters with {'c1': 1.5, 'c2': 1, 'w': 0.7}
2025-06-13 15:48:34,267 - pyswarms.single.global_best - INFO - Optimization finished | best cost: 12.090000000000009, best pos: [1.84900802 0.66758089 0.1375091  1.82815196 0.64413808 0.42222829
 0.54055788 0.4915498  1.20981516 1.11352652 0.80107547 1.26937078
 0.37637117 1.44813632 1.75498159 0.78455472 1.44313455 0.21936728
 1.81009191 0.06436153 0.44224558 1.77174079 0.56635087 0.59940881
 1.99644685 0.04435292 0.6881636  0.67398256 1.60632117 1.39554381]
2025-06-24 17:19:16,232 - pyswarms.single.global_best - INFO - Optimize for 50 iters with {'c1': 2, 'c2': 2, 'w': 0.9}
2025-06-24 17:19:16,547 - pyswarms.single.global_best - INFO - Optimization finished | best cost: 81.3428064048506, best pos: [ 7.65905817 16.71867912 12.56390889 16.55249273 10.42274836  3.38751158
  0.39370884  2.7600238  18.43588483 10.07706777 11.18565762 17.09285499
  3.90807396 13.56551643  8.55709434  9.487844    9.47604407  8.40312875
 13.02898006 17.4139068   2.70535891  4.53805478  9.05236539 11.18686372
 10.43689875  4.63348028  7.32993163  4.32768561 18.51314199  4.39437683
 16.92478634  7.53723456 10.40507913 14.61535972 11.19876079  9.69881514
 10.0460204  12.90425562  8.51442089  4.84663121  6.29056002  9.98471712
 12.99958949  2.4184419   3.633277   10.64615135  3.67423634  4.512402
  9.87600158  5.21039226 12.10898768  7.25951246  2.92098621  3.46248727
 15.00595233 12.41722338  1.68058802 10.63594387 14.5478719  18.7816756
  9.4436224   6.61653892 15.07991552  2.41501081 12.52312602 15.36663055
  6.34646959  6.40033195 11.04926762 17.28863405  6.47153531  3.35526734
  9.62088851  6.18618798 17.41373485  1.61617051 14.44784973  0.22796416
 10.90336798 12.93608527 11.65430802  3.65664368 16.459057   16.48760716
  9.44093771  3.75144871 15.07316914 11.07613762 16.73157994  3.95792504
 13.66051433 10.28802191  2.55859274 16.59932215  7.91705546  9.36845768
  9.87384187 17.13612688 14.1471462  16.49933579  3.91519844  7.81545398
 11.40957424 13.27497341 11.73327044  8.60438142  7.74226082 17.6039379
 15.43921915 16.04529559 13.46148085 17.10288608 13.86064278 12.46699809
  0.0491765  16.12757507  8.77079686 15.89660418  0.65844411 16.7087365
  1.87570009  7.42966299  3.21356878  9.85815386  6.124763   14.0923158
 10.99267676  7.20934163  2.58101088  7.76805948  0.59819934  4.01193714
 14.91076129 10.18946667 10.06793845 13.41399587 13.45961377 10.27258879
  7.69385233  6.96285446 12.80327483 13.35192939 12.51361738  5.81780455
 13.19951709 11.02043597 10.11244569 10.56501404 16.64822951  8.92360087
  3.78329028  9.61700306 12.28126443  7.94002619 11.03969729 16.49894249
 10.58950594  6.87340171 10.53920451 11.68693495 15.19008647  0.27036686
 11.29754337  1.31108716 16.16904537 11.4016786   8.93323959  5.00814063
 10.37280384 15.96822669 16.6816788   2.32286912  1.53558203 13.50102161
 16.99414749  4.5493166   4.66953373  6.2448814  13.06091219  8.04997309
  5.33532043 11.27666858 15.88947641  5.61600957 10.38702622 15.40051188
  9.77279003  7.95356888  8.68879409 12.29794352 16.42452329 14.79217666
  0.94197309  3.86874272  7.53024454  3.13767207 11.80436854 14.86882928
  5.79068293  1.5470021   6.76707192 16.73222246 11.72460738  8.54005968
 10.51533693 16.47324772 13.64536188  5.27454761 11.28730024 10.57297686
 11.68579837  9.91679004  6.50500468  6.49413376 13.12167686  5.32573023
 11.73370768  0.21440857 12.61981482  5.92470416  9.81527412  7.20939919
  4.09712234 13.77113761 16.73591197 18.52855904 11.9820993   1.38667009
 14.30477033 10.2202681  15.25912225  9.95789281 16.92645413  0.54557279
  9.39508902 11.46500638 14.69545596  1.33547858  2.33112971 16.67445331
  0.0468695   5.49659532 10.93941151 16.99223433  9.55947937 14.15884111
  0.9260469  17.06548467  7.04294932 17.22501691]
2025-06-24 17:19:16,551 - pyswarms.single.global_best - INFO - Optimize for 50 iters with {'c1': 2, 'c2': 2, 'w': 0.9}
2025-06-24 17:19:16,854 - pyswarms.single.global_best - INFO - Optimization finished | best cost: 81.22257176717179, best pos: [ 9.10195699  7.77587801  1.21560092 14.42143301 13.22551204  6.42837125
 14.5221418  10.6457654  13.98744623 16.66276087 10.27870801  1.83818772
 13.3998673   9.20189063  5.75355543 13.79700558  0.88293156  5.51497725
 15.05956808 16.12506641  9.10175667 12.3010199   6.9044827   5.11499885
  6.22023526 16.05336572 15.71499053 10.97066589 14.73472146  6.80890873
  0.92610698  1.10410923  7.85511339 13.45027814 10.29398926 11.06477397
 15.47627581  3.36486654 12.68239662  0.60344654 16.35568237 14.85785568
 10.48335186 12.23830458 13.84979699  8.84948128  8.27533372  1.23507308
  1.35767847  7.68500516 11.9502601  10.7563909  10.37802082  0.6650071
 16.32836792  7.79627612  7.29083477  0.29593441  9.65761657  0.87319949
 16.00468327  5.69897115  0.51728379  4.92502991  0.13365295 15.87947684
  1.57461317  7.80449528 11.82295409  9.03517014 12.64818551 14.40633372
  2.66311151 10.63049461 17.10891932  9.94611456  3.95541211  8.62081942
  4.10708923 12.44806129  4.89888821 15.59529661 10.66709937 12.3406211
  9.94679107  1.77381505 12.59213397  6.6438363   3.8063896  12.45333724
  9.02755035 17.40792253  8.58757774 10.70797299  2.36059034  7.84813107
  1.77051481  2.31911613  7.9432995   5.64183216 12.68890863 12.61150331
  5.35604863 13.058283   11.11223193  6.94043306 13.85455608  1.30293113
 15.95551117 14.37328474  2.97683358 14.1203597   7.59451502 15.78866162
  8.029793   14.10427928  1.55067706 14.15970009 18.87051794  4.41178819
  4.61800359  8.38091932  8.50126317 13.88455954  5.22587424  7.82480868
  9.61493957 13.28533906 16.00499624 10.43672835 14.6684929   6.49015229
  5.23477085  8.85939712  7.76031443  4.9968398   4.73236476 11.28732609
 11.569693    2.87883511  8.46533653 15.13039465  9.99421515 11.34779524
  5.51230089 16.28218192 18.56068882 17.68553441 13.93989795  0.74554578
 16.14150523 17.31033792 10.49415224  3.59928969  3.3497863   8.29423297
  7.21190655  4.93538084 11.13594559 11.30333582 16.51767735  3.08820628
 12.75594696 13.32340436 10.97083647 10.05332911  5.01924344 10.23642015
 18.27507976 14.4115396  11.3845889  13.43161062 11.05555669  4.74882638
 11.82219936 10.59761979  9.85860023 10.97041327 16.3325194   2.77609017
 11.25229203 11.53585084 10.16301513  1.63338872 11.13638889  4.27399567
 13.23064982 15.31667843  9.09561305  2.30419842  9.97781605 14.07660504
  4.65273851  7.58565032  6.35912551 16.21107423  5.43818205 16.16032879
 10.54750555 13.22634161  4.56591555 14.56725819 14.94286175 11.60848749
 11.48891941 12.02964827  8.42983266  8.1130475   0.39504296 13.80443608
 11.5844292   7.56897704 16.45659813 13.22383804  8.4057665  18.01581409
  8.85554413 13.68103744 16.47181424 10.37636874 12.0463808   0.14834413
  3.81901881 18.11813292 12.37004596 10.8201775  16.05939471  7.00200621
  3.48774075  7.48813476  9.82046781 12.83843027 11.62856199 15.15087985
  5.31886598 15.14973602  1.69365438  9.99649008 15.66265827  9.39840309
 13.06265905  5.74256995  6.88937299  3.11231847 15.95023167 15.12411511
 15.42336083 16.0132105  12.73647763  9.46669847]
2025-06-24 17:19:16,857 - pyswarms.single.global_best - INFO - Optimize for 50 iters with {'c1': 2, 'c2': 2, 'w': 0.9}
2025-06-24 17:19:17,164 - pyswarms.single.global_best - INFO - Optimization finished | best cost: 82.57831501118832, best pos: [15.87867229  6.72988017  8.6926533   7.35891273  8.86322433 15.57314451
  6.49421379 15.1587801   6.56151862  8.72496329 14.32625899  7.13152857
 16.00979705 14.94760786  9.12398489 15.61264975  8.5372389   8.22913562
  0.98372668 12.39513131  3.7685906  18.45088577 12.1674506   1.2160604
  6.24649184  5.22836573 11.52699574 11.2561799   0.25748141 15.72331086
  7.87110184  5.98236646  9.06182569  1.72975656  9.12943815 15.9060779
  4.05936276 14.69271262  6.7278739  14.41470076  1.09118313  5.34025644
  6.72388786  9.24999392  3.5236191   7.42286508  5.31481692 10.95506967
 11.96103441  0.42816928 16.98874874  1.46451668 14.92600761  0.65135471
 16.205515    6.12660645 15.83141444  8.74916008 16.14967342  0.39045055
 10.6352857   6.49945377 15.70011674  7.15555343  1.1164604  16.64778374
  8.80931979  1.88601647 11.54111572 14.30767183  8.21015261 10.12079485
 14.14789947 15.47864017 13.77839726  7.33796956  9.6934273   9.77559835
  9.5296842  13.51980521 13.49994509  3.01243133 10.03069614  4.69984025
  4.79929117 15.13806018  3.06971285  3.72387356 17.76277909  8.77817662
 18.57756694  6.14628167  6.18517615 11.83022651  0.54224527  3.64811445
 17.93655963  6.81130215 17.34158826 13.06262573  8.03646484  8.61100896
 12.51675723 13.61427012  7.42380312 18.75271159  5.90298864 14.71949124
 10.68495504  0.71369774 16.75176182 15.08721142  9.15011815  6.27423306
 13.55170642  7.43244045  6.41283224 11.07447346 16.41741899  1.00335638
  3.12375077  5.49477249 13.14036227  4.4458589   2.38730238  2.46738773
 14.37729028  8.52238872 14.48816167  0.47220606 12.80723853 14.67200755
 10.45576214 13.39738296 14.03913461 10.94330993  4.34386275 15.07825789
 12.55498396 16.33113053 10.46922353 15.57209986  3.61846071  0.04168864
  7.16630012  0.63437117 12.0177714   8.9699324  10.52227572  6.89937157
 14.00530343  1.21759187 16.24776361 15.6616691  18.16510617  4.06258901
 10.78989992  1.10494947 10.1194624   0.34069471  8.05417076 11.41085756
  5.14578414  4.67646033  4.96595806  6.23786708  1.02172297  9.55616368
  6.32922646 14.14822073  9.64853297 18.82900133  3.71111121 11.58338104
  9.43309897  1.37065617  5.11953663 10.55768726  1.93697053 10.53957597
  9.35816241 10.21777725 14.07439211  7.75028393  9.47703575  3.06030016
  5.89494305 13.22126313 12.15616107 10.8982101   9.43015676  5.76699882
  5.83547244 11.17553217 13.96870639  8.75442052  9.88978546  6.61210791
  3.61147486 13.31448834  6.41854448  1.17576835  1.24051315 16.59178288
  6.44816766 17.69465315  6.14905424 13.18868296 15.99089581  2.18709522
 11.10128756  9.40887442 14.10650287  5.15139374 13.82915259  2.93518497
  1.42065996 13.57560601  9.8364818  15.19397066  5.14232918  4.76460357
  9.4039009  12.87265947  7.37002265 18.78514695  6.72755048 16.81656087
 15.59876021  0.62582946 17.15279832  7.82567826  5.31495853  9.94716138
  3.39555288  1.03638434 11.52434732 14.5007604  17.68123788 13.81203652
  1.67970005 17.77312775 15.12132086 14.1874086   0.18200008  7.92070511
  6.86543941 12.84746768  6.0480553   9.35698383]
2025-06-24 17:19:17,167 - pyswarms.single.global_best - INFO - Optimize for 50 iters with {'c1': 2, 'c2': 2, 'w': 0.9}
2025-06-24 17:19:17,468 - pyswarms.single.global_best - INFO - Optimization finished | best cost: 78.90979125869097, best pos: [1.65182340e+01 1.14494064e+01 1.12130943e+01 1.42855734e+01
 7.48987644e+00 1.47217669e+01 1.70312351e+01 8.52753967e+00
 1.63950917e+01 1.59463494e+01 1.48685677e+01 1.20337137e+01
 1.04475284e+01 1.52873899e+01 1.15596889e+01 1.30951648e+01
 1.52429734e+01 8.78320791e+00 1.86150950e+01 1.46542251e+01
 1.82974776e+01 1.47862269e+01 1.47293564e+01 1.61234857e+01
 3.22068855e+00 9.00819516e+00 1.29500837e+01 1.14436787e+01
 1.42271482e+01 6.66575276e+00 1.25272087e+01 1.12723903e+01
 3.48250668e+00 6.15720190e+00 9.59546624e+00 1.61984429e+01
 2.90353759e+00 5.76963437e+00 9.80258077e+00 1.46324900e+01
 1.47728223e+01 1.28901637e+01 1.15268492e+01 1.87568420e+01
 6.79591890e+00 1.68276154e+01 2.92329187e-01 1.54371269e+01
 1.43998717e+01 7.76063561e+00 1.76627163e+01 1.26236832e+01
 2.68592193e+00 1.12789206e+01 1.48988580e+01 1.47558756e+00
 9.63460812e+00 1.52573507e+01 1.00606194e+00 1.47440643e+01
 6.88892470e+00 1.69203410e+01 1.36895370e+01 1.44039944e+01
 3.12567188e+00 9.12838672e+00 5.77799767e+00 3.02269981e-01
 3.03230647e+00 1.44780538e+01 6.68141689e+00 8.60086140e-01
 1.79717996e+01 7.96089624e+00 1.18111530e+01 2.46629287e+00
 1.17655029e+01 1.54292826e+01 7.58914635e+00 1.45826826e+01
 1.29189352e+01 7.53834211e+00 3.17450204e+00 1.69086424e+01
 8.36176806e+00 6.83756965e+00 1.84441678e+00 1.01353219e+01
 7.97180882e+00 1.48133025e+00 1.17812115e+01 7.04698613e+00
 2.44895670e+00 8.99700168e+00 1.06858584e+01 1.34302762e+01
 6.92104793e+00 2.75705941e+00 1.03408951e+01 9.86383632e+00
 6.05945046e-01 1.63460713e+01 1.13213672e+01 1.07783025e+01
 3.36001210e+00 9.65840676e-01 1.15162761e+01 1.21904214e+01
 6.98756803e+00 1.06967402e+01 1.84997824e+00 1.01875198e+01
 1.67475440e+01 1.30069407e+01 1.31035271e+01 1.28638337e-02
 1.87983719e+00 1.35327255e+01 1.33623831e+01 3.94874262e-02
 1.06873133e+00 1.83730573e+01 1.79226366e+01 5.17633930e+00
 1.33866743e+01 7.65382193e+00 5.12366466e+00 1.50015072e+01
 9.67576108e+00 1.12901631e+01 2.42178488e+00 8.16959099e-01
 6.28722622e+00 1.30638714e+01 1.24855358e+01 3.96358935e+00
 1.74458890e+01 1.12580156e+01 1.08472008e+01 6.20704447e+00
 7.40260413e+00 8.67513225e+00 1.35415304e+01 1.48051964e+01
 1.62169177e+01 1.29979864e+01 1.52531096e+00 1.23667691e+01
 1.43254666e+01 4.46945667e+00 1.40258959e+01 8.35539039e+00
 1.34831800e+01 1.00664675e+01 7.75730328e+00 1.41878082e+01
 1.29642394e+01 2.59894600e+00 1.12189641e+01 1.43447885e+01
 1.17050496e+01 7.78831510e+00 1.44259145e+01 1.89278114e+00
 1.31058046e+01 9.57144574e+00 2.50320164e-01 9.50210498e+00
 4.50586499e+00 1.10453648e+01 3.57175119e-01 1.98051952e+00
 2.79616138e+00 1.08136435e+00 1.13358422e+01 9.84334198e+00
 1.03471280e+01 1.49807082e+01 9.36953339e+00 8.26617551e+00
 1.62929609e+01 1.86376165e+01 1.27942292e+01 1.44127460e+01
 1.09351567e+01 1.19639391e+01 1.53840841e+01 8.43766963e+00
 1.77181452e+00 5.69250957e+00 6.58209851e+00 1.24239895e+01
 6.78285655e-01 1.45820825e+01 3.15818292e+00 9.75622792e+00
 1.12119031e+01 1.48082849e+01 1.64361937e+01 5.51915882e+00
 5.33116821e+00 6.45694817e+00 1.72043570e+01 1.74247329e-01
 1.42374925e+01 9.45000462e+00 1.22442596e-01 1.31510409e+01
 4.37548432e+00 1.58782863e+00 9.34799457e+00 7.76424797e-01
 7.17717191e+00 1.81113177e-01 1.33220503e+01 1.30812524e+01
 1.75730235e+00 2.54297453e+00 1.52026261e+01 5.84796091e+00
 1.60116320e+01 1.25139797e+00 1.51938473e+01 2.60259474e+00
 1.28755093e+01 1.58916117e+01 1.22199894e+00 1.30107561e+01
 1.28919406e+01 1.01811510e+01 7.48673610e+00 3.34696066e+00
 1.00625137e+01 5.01830716e+00 3.69276633e+00 1.20108750e+01
 2.60941417e+00 1.27812817e+01 8.02275202e+00 1.59479094e+01
 1.09689844e+01 1.69329028e+01 1.58279602e+01 1.27478622e+01
 1.65329323e+01 9.07822240e+00 8.06940628e+00 1.30007756e+01
 1.24893045e+01 1.60220390e+01]
2025-06-24 17:19:17,486 - pyswarms.single.global_best - INFO - Optimize for 50 iters with {'c1': 2, 'c2': 2, 'w': 0.9}
2025-06-24 17:19:17,789 - pyswarms.single.global_best - INFO - Optimization finished | best cost: 83.19187058646412, best pos: [18.81522041  9.63416075 13.60911926 14.06078044 10.02265654 15.29366373
 15.81694047  9.08782074  1.70952791  7.88336305  6.68380859  9.73952618
  3.53934795  1.52535159  9.200983   10.30174283 15.46754737 17.14248707
 12.51120634  6.93725801  4.51627168  0.76719079  9.46442884  4.14809484
  6.420654    1.32968085  6.86697383  3.76541301  7.37117792  1.33964223
  8.95653441 15.9770612  11.28823636  8.81036003  8.77950907  8.62603783
  1.81085023 10.94037145  8.74257725  5.97251195 15.9737515   8.05227838
 12.13382725  6.96461488 13.09934518 11.91557269  7.35794462 17.19838184
 12.71411436 11.34081391 12.02555468  8.27360256 12.89682799 16.97473685
  9.7045171  17.36930092 17.37335416 10.72390467 11.53468188  6.82378982
 10.15609822 13.27073573 12.68171     2.97118788 16.0768332   5.8939149
 11.32630728  9.46745932  8.57409161 13.97073634 11.11915553  3.45942247
  0.23016427  7.82653509 15.20126833  5.45563494 14.0677574   9.29845914
 17.04223616 10.06874519 11.35794471  0.65226132  2.02166208 11.32503435
 14.65715275 13.49276057 16.40570994 17.97432577  3.36030432  7.68089199
  6.09456616 11.90556911 13.08452882  3.53978076 12.23108479 11.95000983
 15.59238636  6.36708048 15.01677229  2.37693867 10.00387091  0.97017556
 10.69462207  7.37932662  2.65925788  6.18518439 13.06175794 10.26301449
  9.80108339 11.52079479  8.18983914  7.17464363  8.7296839   6.57544923
  2.3869393   4.7735299   4.23006921 10.42590753  6.55981753  6.1109414
  1.85010312  9.65331243 15.11315822 13.05131993 11.4156145  11.07842685
 11.63713831 10.44564681 13.26677988  7.87491754 13.48143481 11.08942504
 16.66044598 17.09039672  3.98358134 15.13603734 17.22975426 10.96471273
 14.10091423 16.94684049 15.6115005   6.46221455 13.43604763  6.63177601
  0.32042083 13.94735462  5.29250986 16.8896282  18.18622514 11.60910994
 17.40961818  7.34056467 12.31406542 15.5170913   1.80373945 14.52795546
 16.06898414 14.57558743  9.44203442  8.22558422  5.12725818  0.48440011
 12.30472644 15.22358366 17.81810262 15.37745206  3.78791796  8.99836615
  0.89209192  2.6125962   8.67531909  8.68149245 17.26529037  6.83935813
 10.10924519 17.63879056  2.30142943  9.67474546 10.45282693  6.31041668
  0.13579016 13.69979253 16.25700313  6.29374818 10.76072705  6.97607623
  7.19320496  0.18832973 10.83646173 10.44313161 16.19994242 14.00663407
 17.45669237 17.26207394 13.34233682  9.02388035  2.98434068 17.01511128
  7.11542895 10.8008134   3.98715487  0.79736813  9.05153738 13.94070128
  8.21768723 14.33293522  8.48041622 13.09790888  2.26603393  1.14622332
  5.02376283  2.27194782 12.5708284   5.07783531 16.55487304 14.2081117
 13.20802836 16.5433299  15.43983886  9.29286591 13.82420372 18.56816745
 12.25905919 16.88060728 17.36685491  8.69613405  6.50177655 16.73441046
 10.98081007 16.85904773 13.03703592 10.2183062   9.56584756 10.9239438
  3.99850904  8.38264138 11.25294563  9.70233173  6.25377645 16.66042366
 15.04849581 14.23552912 11.39632258  8.54446214 10.21578891 10.82532227
 11.79340821 10.04232005  7.5195719  17.05421236]
2025-06-24 17:19:17,792 - pyswarms.single.global_best - INFO - Optimize for 50 iters with {'c1': 2, 'c2': 2, 'w': 0.9}
2025-06-24 17:19:18,104 - pyswarms.single.global_best - INFO - Optimization finished | best cost: 81.65498616702496, best pos: [ 1.78037714 12.81932685 16.48155162 12.43695155  3.81988583 12.04377022
 12.79965355 13.02071193 17.00090942 18.13944001  9.07753944 15.98291774
  8.64255718 10.92755711 10.93680035 15.14717643  2.18190132  7.1132868
  9.78735977 15.34015526 18.66727354  6.00890206 15.52136602 13.3005429
  0.55070332 12.07723626  0.7974646   3.38045778 14.64431109  8.40758398
 17.75008615  5.11294663 12.41518599  5.88399228 16.56293827 12.0017139
 14.53249439 12.99606939 10.60570451 13.12241582 14.79201291  7.41766092
  6.9441929   8.14780247 16.32498513  8.34639384 12.81728039 16.08990716
  2.78641369  8.12347535  1.87317111  0.41737526  1.34785091  3.36109384
  5.08261332 18.00497606  1.21758044  7.60161539 11.82054769 13.51614356
  3.08272898  3.20197062  6.39718956 11.93788332 15.90054422  9.09333904
  6.95863211  2.68334112 10.62876172  8.49970593 17.45286523 13.86445699
  7.38340055  7.63136677  8.30496879  1.87693805  8.88829374  9.09811941
  5.53048134  5.50152271 10.38838539 11.80815921 14.52130226 16.81042266
  0.55149381  9.86862219 11.3542     17.412588   12.77785116 15.8094454
  3.23296517  1.58181054  6.61037945 14.94796701  3.83148639 10.1125858
 14.98221575  6.42919615  1.44962459  8.3693363   2.95929504  5.11997604
 11.44116796  0.97588487 16.52590135 10.01538117 17.84293184  9.94900229
  3.54393983  9.07944119 11.94144543 10.17448753 12.94006922 16.58975475
 12.60330327  8.21196474 10.3804193   3.64031302 15.55062916  0.97834073
  6.97032376 14.48062556  1.32234922 15.25802156 12.44635181 18.68097866
  5.82002091  5.90182705 16.85105615 13.94358845 13.64252407 12.44576728
  6.93238304  8.89658756  8.08063676  9.10566405  6.90808822  0.34408838
  3.03708542 10.26085398 11.11012793 10.7888773  13.45098163  4.3932764
 13.59965631  3.51512316  5.77055027  4.34269534  1.36082902 15.0614663
  4.38705209  9.37892519  8.44148081  8.32373415  5.20993625 17.06379218
 10.98147321 10.03746495  3.35322792 15.2239115   7.75758782 10.63874932
 12.6166357   9.72912394 12.64442363  9.94760279 15.52574654  0.91173588
  5.45606586 13.52771799 10.71179252  7.53536581  6.92057079  5.01810604
 11.75783156 11.55472443 15.25806925 15.44516153  6.69284244 18.50891446
  9.32391249 10.46068886  5.4351754  11.26207066 14.83822784 16.76052295
  9.12774339 15.05956948  0.79334245 12.82742025  7.6173313  10.78330955
  5.22383641  6.22820774 15.53655596  7.86951306 14.93672714  7.48326647
 14.20070878 13.11252402  7.52898327 11.1797862  15.90784241 17.59053981
 12.73796544 11.41052706 13.28719727 11.76963342  5.79649209  3.79350821
  3.54251939  9.60811053 13.57902836  1.15111127  7.44389079 14.35574587
  7.65977558  4.88348448  5.52500012  3.46563947  7.50143559  9.03115653
  3.59480775  5.62705412  5.66024052  6.34418298  8.60894095  1.13595012
 13.44871256 10.50835229  6.20608042  3.94289525  6.45006168 18.93889638
 12.64235754  0.72278848 10.16834328 13.42208798  0.80433627  4.49246867
  0.93136356 10.05788774  9.08497925  0.21173433  9.9042122   6.50724907
 10.24694137 17.50891049 10.5329793  17.31918981]
2025-06-24 17:19:18,107 - pyswarms.single.global_best - INFO - Optimize for 50 iters with {'c1': 2, 'c2': 2, 'w': 0.9}
2025-06-24 17:19:18,413 - pyswarms.single.global_best - INFO - Optimization finished | best cost: 82.6215662209081, best pos: [12.46837303 16.77659631 12.76552861  5.05604553  7.01651493  9.06701233
 12.51238088 11.82599988 16.29895335  7.41053653  1.24117624 13.21696347
  6.71332247 15.74299425 14.4397091   1.35324194  4.7941373  12.24835972
 12.69986994 17.61018643 18.35402997  1.99691909 16.08956756 11.03499969
  4.14164469 12.00765844  1.5463399   5.44963076 15.7147532  18.98616936
 14.8476019   6.84703511 10.03736411  8.26468861 15.40798639  7.74346514
  8.49912366 14.29457356 12.13037804 12.01437976 12.00747053 14.03892279
  2.23046183  0.6191807   9.36110491  4.65407715 13.24214958  9.92710402
  3.31027897 10.02743347 13.48313389  6.95686187 12.58064816  7.54621668
  5.52082146 14.98426167 10.7346148  17.25180373  7.82847221  3.12189421
  5.65948446  2.25845872  6.64431495  8.80885104 16.6569801   7.19737484
  8.73028929  2.64804764 13.31721727  3.63834477  9.88625509  9.62049219
  2.00070816 14.64990728  8.79613957  7.37809126 12.75608362 10.58522092
 14.88174811 16.41809871 16.3540068  10.99601114  4.60612748 10.75934092
  1.41886981  2.80149857  3.28599305  1.35931219  9.1048815  11.00246851
  8.80518023 14.9303327   5.52370429 13.63491439  7.82083461 15.2407083
  8.36429673  1.53787478  9.93557258  7.63048882  7.59312734  7.08432558
 18.4184614   5.32565155  4.76249713  9.84296393 10.85887611  8.30020992
  5.96972437  9.14001972 16.68368698  0.0287011  15.44818028  5.85202899
 12.36342207 15.87540445  3.28931866 16.3174414   9.60169925  0.62070048
  8.13228166 18.36156127 14.48966072  1.11745165 18.69915635 13.79777192
 13.01471247  0.49938558  9.00603095  5.49868965 12.52892276 12.48594298
 16.76021378 12.29142171  9.31678377 10.64074696 18.7399593   0.17489709
  7.71434876  1.66985037 15.52018488  6.78451214  1.67025786  8.82616629
 14.87790688 15.15637074 15.83727622 15.76123481 10.16003284  9.5790661
  5.12392645 12.25126435 12.68316847 15.76265443  0.16098859 12.76281172
 10.32361028 15.1294511  11.57467211  4.35313856  6.19881573 10.50677728
 11.35257343 11.08253956 12.27952321 13.46286253 13.33587041  1.97236123
  0.07392556 16.15190997  0.39493878  7.69908286 15.01802894  8.79994436
  1.80282604  9.55662613 16.89204297 10.75845763 17.5612334   6.27261804
  9.09502473 13.17539472 13.49574934 13.17063763 13.68211691 10.41011069
  0.279377   13.92482528 11.77528117 15.87974735 13.06189584 12.38318887
 11.37452748 16.55309722  1.38923624  3.22943263 15.7411147   9.93183184
  8.65011153  9.07415259 17.38089947  9.73421903 16.52108895 16.23258058
 13.46246014 17.83929135  5.7511629  12.75337927  2.68761292 11.3691786
  8.52840819 13.00075205  6.48278941  7.41888362  8.22841351  8.93061552
 13.94860756  4.12600789 14.27591208 12.73155167  5.49734119  7.10703126
 14.791717    6.34832604  5.866918   14.84111624 14.06921454 13.68061468
  9.18026758 13.54263479  4.32064562  3.81105779 10.71249522 12.49371195
 17.53958881  4.50867063  3.01053742 11.08247068  9.42701104  0.74334899
 13.85507917  3.68715027  7.73812595  4.18154113  0.3823472  11.91574396
  8.31872711 13.16828154 18.87472717  9.45911419]
2025-06-24 17:19:18,416 - pyswarms.single.global_best - INFO - Optimize for 50 iters with {'c1': 2, 'c2': 2, 'w': 0.9}
2025-06-24 17:19:18,722 - pyswarms.single.global_best - INFO - Optimization finished | best cost: 81.240257871743, best pos: [8.12582477e-01 6.68510597e+00 1.04217503e+01 6.25713670e+00
 1.77293467e+01 1.49128819e+01 5.95126246e+00 1.62507617e+01
 5.61105625e+00 6.03014628e+00 1.33352458e+01 3.35940704e+00
 1.03406679e+01 9.27968672e+00 6.34455589e+00 1.08280232e+01
 1.54145905e+01 1.35214801e+01 9.52858149e+00 1.84931229e+01
 9.12349358e+00 9.75722748e+00 2.74756038e+00 4.69935591e-01
 5.86302465e+00 3.96140430e+00 8.57598443e+00 1.36383848e+00
 1.35836801e+01 1.83175424e+00 1.75725312e+01 6.67705031e+00
 1.46239075e+01 1.21104734e+01 1.07943818e+01 9.82418432e+00
 1.12534756e+01 1.12302474e+01 9.47239005e+00 1.45624309e+01
 6.77191854e+00 4.38288088e-02 1.85773053e+01 2.39249375e+00
 7.76636518e+00 1.02155888e+01 1.03694797e+01 1.82170092e+01
 8.88099808e+00 7.04069167e+00 1.41598681e+01 9.51713706e+00
 1.58942086e+01 1.26725857e+01 1.10847781e+01 1.24161634e+01
 1.30207006e+00 1.27950877e+01 1.33875707e+01 1.27473328e+01
 9.18222546e+00 2.34290107e+00 8.57797515e+00 1.34589274e+01
 7.79586063e-03 1.28252913e+01 9.73427049e+00 8.21881990e+00
 1.07844474e+01 1.63127842e+01 1.06754137e+00 1.09323955e+01
 1.69555582e+01 1.24190708e+01 6.81744825e+00 5.38250853e+00
 1.34814295e+01 1.00225441e+01 5.08660677e+00 1.40340920e+01
 6.04973879e+00 1.02952005e+01 6.91431214e+00 1.09124160e+01
 6.22280254e+00 1.63124738e+01 4.78223627e+00 8.17449610e+00
 3.06670117e+00 1.45161384e+01 3.79990942e+00 2.42571790e+00
 1.27048120e+01 5.20341099e+00 1.64226740e+01 2.12876083e+00
 7.54888130e+00 1.08026442e+01 1.44109157e+01 9.53785646e+00
 1.60889067e+01 1.09186688e+01 8.29628908e+00 1.30584872e+01
 4.67433400e+00 8.74010150e+00 1.54237738e+01 1.57488658e+00
 1.05654378e+01 1.85210290e+01 9.65845772e+00 5.22639176e+00
 7.28101789e+00 1.46092171e+01 9.55571852e-02 1.54127071e+00
 6.29870756e-01 1.06164292e+01 7.62967047e+00 1.66854672e+01
 1.36159370e+01 1.36683361e+01 5.75217521e+00 8.26060473e+00
 4.49708822e-01 3.18459666e+00 6.52698177e+00 6.79156093e+00
 1.62437532e+01 1.52879739e+01 1.29055231e+01 2.75261682e+00
 1.03665376e+01 1.72954516e+01 1.55483008e+01 7.38337349e+00
 9.21513055e+00 7.73672838e-01 5.63798648e+00 1.39162966e+00
 1.09916810e+01 1.73606469e+00 5.52002081e+00 1.04400693e+01
 1.10308801e+01 1.22846711e+01 1.41760079e+01 9.79167869e+00
 1.68169613e+01 1.72062553e+00 4.01063177e-01 8.85362465e+00
 9.98255659e+00 4.84218159e+00 1.02685501e+01 1.51130432e+01
 1.06614849e+01 4.81903257e-01 7.35745569e+00 3.59230421e+00
 1.61501689e+01 4.09358714e+00 1.15500527e+01 1.53542509e+01
 9.42174819e+00 2.18768030e-01 1.01631231e+01 1.90678287e+00
 1.19521767e+01 8.24874829e+00 4.40385675e+00 8.02108370e-01
 9.46742487e+00 9.97921043e+00 2.33137400e+00 1.41993393e+01
 1.47084843e+01 6.16130077e+00 3.68675854e+00 1.52843529e+01
 9.05364590e+00 1.39461346e+01 9.44547120e+00 7.41635782e+00
 5.47164142e-01 1.03921736e+01 1.04699648e+01 1.15225940e+01
 1.27553660e+01 5.04852543e+00 6.03184618e+00 1.59597957e+01
 4.12940475e+00 6.21654536e-01 1.82964526e+01 1.48978877e+01
 1.67187741e+01 3.54141311e-01 1.15128937e+01 1.42938493e+01
 1.27056516e+01 1.47593349e+00 1.78448755e+00 1.11294742e+01
 1.06735505e+01 1.40070017e+01 3.43719755e+00 1.56141367e+01
 1.62199223e+01 6.28796764e+00 1.20168043e+01 1.59648822e+00
 1.39688556e+01 8.54927664e+00 1.63032936e+01 1.06894273e+01
 1.89343861e+01 1.25153814e+01 3.58229197e+00 9.49585458e+00
 6.67121836e+00 3.35380287e+00 1.78219604e+01 1.10724677e+01
 1.60746105e+01 1.10204102e+01 2.92750106e+00 8.64323792e+00
 4.73520120e-01 1.04604125e+00 1.79847246e+01 1.56151110e+01
 3.02631703e+00 6.32321933e+00 4.36304113e+00 8.99741922e+00
 1.68707919e+01 3.77098184e+00 3.77516567e+00 6.19463166e+00
 1.04858960e+01 4.55767846e-01 9.33725518e+00 3.38244747e+00
 7.35839121e-01 8.97075668e+00 1.01206619e+01 2.28240414e+00
 1.84947264e+01 1.13330787e+01]
2025-06-24 17:19:18,735 - pyswarms.single.global_best - INFO - Optimize for 50 iters with {'c1': 2, 'c2': 2, 'w': 0.9}
2025-06-24 17:19:19,042 - pyswarms.single.global_best - INFO - Optimization finished | best cost: 82.23073242398547, best pos: [11.07463063 13.70827635 13.43976027 11.5236337  13.91746757  6.69784801
 15.53658376  8.72173539  9.85020106  4.80324923 13.746676   10.73574505
  6.40476689  7.36614215  1.79881939  5.98571616  7.54751247  9.44618597
  9.40280488 17.05124912 10.72488395 11.55960756  6.81537455 12.7110712
 10.84077595  1.28548101 10.53492894 10.57040936 11.04093793  5.52790191
 10.01829309 16.58074362 17.1189555   5.9349483  16.93644657 17.51438326
 16.47329315 12.8835014   1.52728986 14.28381633 17.05777083 15.00006951
 16.05515641 15.93895261 12.99196619 11.04730087 12.99184839 13.7072866
 18.24826827  8.5196656  15.1462679   1.47584719  9.15288412  2.05860878
  5.52259213 16.5297832   1.04531332 15.27213633 16.36806969 12.27318788
 14.35583598 11.67223028  4.02539637  1.04048912  7.75220937  5.96129673
  3.79771939 13.87339335 10.49600766  6.02110706  9.30995219 11.20724447
 16.34692369  8.53339821 14.48615912 15.43647427  6.44975754 16.35631485
  0.87087821  0.53810495 10.31950877 14.16300261 15.49518159 13.54953952
 14.12244374 13.44330253 11.28668923 12.68249696  3.73212206  6.72725489
 12.20145886 10.62790448  0.75651601 10.40498803 11.86827057 10.86604194
  8.15385539 15.01005925  1.4123359  16.32826896 16.68484277  4.45905836
  6.29408442 10.56487987  9.49761479  1.21361151 15.85982313  0.39389986
 12.78002485  8.36701958 10.35220823 16.1253401   8.19870691  6.35201481
  4.03495988 14.25906004  7.84200535 11.15375157  7.07067061  4.16201443
 11.32091798  9.48084256 10.92242998 14.0476436  16.42333196 13.86246835
 10.68948057  9.90476625  5.77659887  4.31372517 10.00450515 18.88745783
 16.84157359 16.43575126 13.27825707  9.57798507  6.9397498   1.16863205
  6.92387161 14.88340193  8.89704113  4.30013827 16.80159002  4.96857159
  3.51689487  6.36524238  8.25673209 15.79562311 15.25186452  5.26406869
 15.33783665 16.04084528  3.77466395 16.58185631  1.48500178  3.63291481
  3.47993921 15.86149533 12.20158417 15.73498118  6.88079806 15.86422252
 12.1350174   9.64477086  8.94234947  9.91941699  1.15604064 11.6799851
 13.29956675  2.32261926  7.48879229 16.8631374   4.14997066  0.76932373
 15.66065726 12.61054902 16.0874257   7.54387142  7.19164312  8.22192643
 16.45288696 10.29433863  9.43118928  3.48597574 15.0898761  11.77453408
 17.69096494  8.66043221 10.90436543 11.16971607  5.48833266  1.30815948
  3.28304047  1.79436671 14.30624481 14.66469426  1.95549017  0.73471834
 13.50353809 17.02530176 14.15756348  9.02244826 10.32618249  6.61281274
  5.95614739  1.13504761 10.23900422 15.1230897   8.13412791  1.65262162
 10.71852205  5.95747169 13.47510667 10.93045011  0.83493672  7.55789579
  4.38112445 12.34059119  4.17093941 17.90464048  5.31386842 12.72989923
 12.23648539 13.19116323  3.85099748 18.38049129 13.55601135 10.46901816
  4.01330434  5.67352526 11.82864395 11.55004893  2.42144452 11.61054104
  1.38239351  4.35940042 10.50797148 10.00286653  2.81707693 12.10213387
  4.0528439  12.86840509  5.70388787 15.28660602  2.30914627 15.535702
 12.38969515  1.96826908 17.42111783  0.58575632]
2025-06-24 17:19:19,045 - pyswarms.single.global_best - INFO - Optimize for 50 iters with {'c1': 2, 'c2': 2, 'w': 0.9}
2025-06-24 17:19:19,347 - pyswarms.single.global_best - INFO - Optimization finished | best cost: 81.86411287461608, best pos: [4.89285363e+00 1.81949469e+01 1.60374751e+01 1.43983708e+01
 1.08428125e+01 1.26266896e+01 7.27013765e+00 7.96226943e+00
 1.47891488e+01 1.11933313e+01 9.27585636e+00 4.38065208e+00
 1.19104012e+01 9.71438028e+00 1.51119893e+01 1.44424739e+01
 1.47726138e+01 1.41471057e+01 2.39367995e+00 1.37675291e+01
 9.36886344e+00 6.82988417e+00 1.23567708e+01 9.69352195e+00
 2.68405964e+00 1.87415890e+00 5.51144943e+00 1.48059735e+01
 1.53152953e+00 6.63593787e+00 1.15931121e+01 1.22066374e+01
 6.26977989e+00 1.04531192e+01 1.39615798e+01 1.31371508e+01
 6.99535416e+00 3.84688830e-01 7.53135670e+00 1.61365874e+01
 1.44658873e+01 3.24683400e+00 8.02425196e-01 9.82623165e+00
 1.69378740e+01 8.49695129e+00 7.97707637e+00 1.61802840e+01
 7.66537254e+00 1.33765079e+01 1.18386507e+01 8.89535460e+00
 1.63106434e+01 1.42716932e+01 1.67883400e+01 1.15431283e+01
 5.25810897e+00 8.63037793e+00 9.56811326e+00 1.50546342e+01
 3.04592382e+00 6.67690723e+00 7.62626903e+00 5.11252794e+00
 1.17785349e+01 7.32520975e+00 5.74146446e+00 2.37420037e+00
 1.55077976e+01 1.12126928e+01 3.87619293e+00 2.70326677e+00
 1.65452705e+00 9.84739114e+00 9.09007351e-01 1.06593400e+01
 1.29590120e+01 7.55502537e+00 1.48174512e+01 5.91943552e+00
 1.59521015e+01 1.01621995e+01 1.53032234e+01 1.50809931e+01
 1.12732010e+01 8.72472731e+00 1.57225587e+01 1.66609390e+00
 1.03663435e+01 8.97066993e+00 6.83306775e+00 1.09509536e+01
 3.87852409e+00 1.05553454e-01 1.67265643e+01 1.50283049e+01
 1.07005401e+01 7.92206041e+00 2.54103786e+00 1.89038175e+01
 3.51246303e+00 3.85338780e+00 1.31181310e+00 8.03284062e+00
 4.36037397e+00 4.40202624e+00 6.15685340e+00 6.11438049e+00
 1.24484445e+01 7.64878834e+00 1.09292529e+01 1.68940055e+01
 6.99411166e+00 1.00409234e+01 5.69985864e+00 1.72970892e+00
 1.69962972e+01 8.60916493e+00 9.38792523e+00 8.17830367e+00
 5.00997326e+00 1.80703712e+00 9.14388367e+00 9.60189511e+00
 1.75947293e+01 5.83329262e+00 1.50426590e+01 2.81064944e+00
 1.33299604e+01 1.05436454e+01 3.61954146e-02 1.64316176e+01
 1.42353036e+01 9.08058035e+00 1.32739842e+01 1.11455326e+01
 1.01820165e+01 5.73737424e+00 7.61435613e+00 1.14035439e+01
 1.07630931e+01 1.08515150e+01 1.45972224e+01 4.85626343e+00
 2.45946300e+00 1.69068630e+01 1.09306492e+00 1.34018243e+00
 6.64216928e+00 5.30942221e+00 8.43160521e+00 1.47303739e+01
 6.62279152e+00 1.08553615e-02 5.35745838e+00 1.75809027e+01
 3.39352880e+00 1.12648912e+01 1.47445459e+01 7.88246996e+00
 8.93385216e+00 1.03245243e+01 1.61574814e+01 1.07755316e+01
 1.76122351e+01 8.23337369e+00 6.54416177e+00 8.25171523e+00
 1.64094975e+01 1.73734216e+01 2.18808593e-01 1.62205168e+01
 9.15423279e+00 2.45513350e+00 9.49005469e+00 8.78353420e+00
 5.07608533e+00 9.64144309e+00 9.81723497e+00 1.22720151e+01
 1.30487409e+01 1.67645983e+01 7.37920972e+00 1.15625330e+01
 9.10210568e+00 1.33055080e+01 1.07590410e+01 6.90535152e+00
 1.18152569e+01 1.13036344e+01 9.23662712e+00 6.94308557e+00
 2.90203866e+00 1.50603379e+01 1.07364216e+01 1.04821610e+01
 1.32415584e+01 6.91048325e+00 8.93970825e+00 1.63409504e+01
 1.67917902e+00 9.29208735e+00 1.05115279e+01 6.14057035e+00
 9.68617299e+00 3.92768689e+00 1.35928178e+01 1.51932961e+01
 1.02092326e+01 5.25122080e+00 1.67521502e+01 7.78123777e+00
 7.89268542e+00 1.06572200e+00 1.13060897e+01 5.25981589e+00
 4.87440742e+00 1.85804293e+00 8.04636183e+00 2.33848162e-01
 1.74821949e-01 9.63398749e+00 1.64000993e+01 3.68461639e+00
 1.10043458e+01 1.73934132e+01 8.35550057e+00 9.92483748e+00
 3.14333957e-01 9.28762216e+00 1.05567797e+01 1.36708372e-01
 7.11591770e+00 1.33651731e+01 9.00589036e+00 4.97754727e+00
 1.75562002e+01 8.36388617e+00 3.14007641e+00 6.28445805e+00
 1.44241860e+01 4.68852940e+00 1.87516619e+01 5.61150343e+00
 1.43192760e+01 1.01209293e+01 1.60227587e+01 1.77800716e+01
 1.58101649e+01 3.24865071e+00]
2025-06-24 17:19:34,600 - pyswarms.single.global_best - INFO - Optimize for 100 iters with {'c1': 1.5, 'c2': 1, 'w': 0.7}
2025-06-24 17:19:34,857 - pyswarms.single.global_best - INFO - Optimization finished | best cost: 12.090000000000009, best pos: [1.67979816 0.75049876 1.53096026 0.86619184 0.6503964  0.99680505
 1.53366958 0.69382295 0.56230442 1.5110222  1.76544072 0.66536262
 1.82496705 1.44674514 0.80870867 1.85447367 0.45157711 0.8734739
 1.05870712 0.52393843 0.82519457 0.80584855 0.98279142 1.88306399
 0.89539158 1.61046986 1.5441915  0.96652959 1.2717919  0.45211794]
2025-06-24 17:19:34,860 - pyswarms.single.global_best - INFO - Optimize for 100 iters with {'c1': 1.5, 'c2': 1, 'w': 0.7}
2025-06-24 17:19:35,114 - pyswarms.single.global_best - INFO - Optimization finished | best cost: 12.090000000000009, best pos: [1.01182605 0.36570625 1.2801318  1.72586465 1.30128472 0.832359
 1.90502577 0.90448353 0.53293826 1.68084905 0.2988922  1.06869545
 1.71628069 0.16126706 1.6690403  0.2026787  1.20924463 0.1969328
 0.20112574 0.08796289 1.3426283  0.56223258 0.45539817 0.27875464
 0.13219676 1.24295129 0.30747862 0.10612585 1.71804269 1.52577419]
2025-06-24 17:19:35,117 - pyswarms.single.global_best - INFO - Optimize for 100 iters with {'c1': 1.5, 'c2': 1, 'w': 0.7}
2025-06-24 17:19:35,371 - pyswarms.single.global_best - INFO - Optimization finished | best cost: 12.090000000000009, best pos: [0.55822793 0.36542751 1.05974272 0.25459057 0.81670123 1.13909842
 0.32091942 1.60340524 1.05930242 0.80197536 0.37078797 0.30806848
 1.26518263 0.95044051 0.84869684 1.61326513 0.31752335 0.24989694
 1.86790685 0.03549074 1.11503498 0.41295897 1.13727549 1.41293561
 0.74069302 1.24701402 0.34431545 1.95938693 0.92652742 0.54786814]
2025-06-24 20:56:33,286 - pyswarms.single.global_best - INFO - Optimize for 50 iters with {'c1': 2, 'c2': 2, 'w': 0.9}
2025-06-24 20:56:33,594 - pyswarms.single.global_best - INFO - Optimization finished | best cost: 81.3428064048506, best pos: [ 7.65905817 16.71867912 12.56390889 16.55249273 10.42274836  3.38751158
  0.39370884  2.7600238  18.43588483 10.07706777 11.18565762 17.09285499
  3.90807396 13.56551643  8.55709434  9.487844    9.47604407  8.40312875
 13.02898006 17.4139068   2.70535891  4.53805478  9.05236539 11.18686372
 10.43689875  4.63348028  7.32993163  4.32768561 18.51314199  4.39437683
 16.92478634  7.53723456 10.40507913 14.61535972 11.19876079  9.69881514
 10.0460204  12.90425562  8.51442089  4.84663121  6.29056002  9.98471712
 12.99958949  2.4184419   3.633277   10.64615135  3.67423634  4.512402
  9.87600158  5.21039226 12.10898768  7.25951246  2.92098621  3.46248727
 15.00595233 12.41722338  1.68058802 10.63594387 14.5478719  18.7816756
  9.4436224   6.61653892 15.07991552  2.41501081 12.52312602 15.36663055
  6.34646959  6.40033195 11.04926762 17.28863405  6.47153531  3.35526734
  9.62088851  6.18618798 17.41373485  1.61617051 14.44784973  0.22796416
 10.90336798 12.93608527 11.65430802  3.65664368 16.459057   16.48760716
  9.44093771  3.75144871 15.07316914 11.07613762 16.73157994  3.95792504
 13.66051433 10.28802191  2.55859274 16.59932215  7.91705546  9.36845768
  9.87384187 17.13612688 14.1471462  16.49933579  3.91519844  7.81545398
 11.40957424 13.27497341 11.73327044  8.60438142  7.74226082 17.6039379
 15.43921915 16.04529559 13.46148085 17.10288608 13.86064278 12.46699809
  0.0491765  16.12757507  8.77079686 15.89660418  0.65844411 16.7087365
  1.87570009  7.42966299  3.21356878  9.85815386  6.124763   14.0923158
 10.99267676  7.20934163  2.58101088  7.76805948  0.59819934  4.01193714
 14.91076129 10.18946667 10.06793845 13.41399587 13.45961377 10.27258879
  7.69385233  6.96285446 12.80327483 13.35192939 12.51361738  5.81780455
 13.19951709 11.02043597 10.11244569 10.56501404 16.64822951  8.92360087
  3.78329028  9.61700306 12.28126443  7.94002619 11.03969729 16.49894249
 10.58950594  6.87340171 10.53920451 11.68693495 15.19008647  0.27036686
 11.29754337  1.31108716 16.16904537 11.4016786   8.93323959  5.00814063
 10.37280384 15.96822669 16.6816788   2.32286912  1.53558203 13.50102161
 16.99414749  4.5493166   4.66953373  6.2448814  13.06091219  8.04997309
  5.33532043 11.27666858 15.88947641  5.61600957 10.38702622 15.40051188
  9.77279003  7.95356888  8.68879409 12.29794352 16.42452329 14.79217666
  0.94197309  3.86874272  7.53024454  3.13767207 11.80436854 14.86882928
  5.79068293  1.5470021   6.76707192 16.73222246 11.72460738  8.54005968
 10.51533693 16.47324772 13.64536188  5.27454761 11.28730024 10.57297686
 11.68579837  9.91679004  6.50500468  6.49413376 13.12167686  5.32573023
 11.73370768  0.21440857 12.61981482  5.92470416  9.81527412  7.20939919
  4.09712234 13.77113761 16.73591197 18.52855904 11.9820993   1.38667009
 14.30477033 10.2202681  15.25912225  9.95789281 16.92645413  0.54557279
  9.39508902 11.46500638 14.69545596  1.33547858  2.33112971 16.67445331
  0.0468695   5.49659532 10.93941151 16.99223433  9.55947937 14.15884111
  0.9260469  17.06548467  7.04294932 17.22501691]
2025-06-24 20:56:33,598 - pyswarms.single.global_best - INFO - Optimize for 50 iters with {'c1': 2, 'c2': 2, 'w': 0.9}
2025-06-24 20:56:33,906 - pyswarms.single.global_best - INFO - Optimization finished | best cost: 81.22257176717179, best pos: [ 9.10195699  7.77587801  1.21560092 14.42143301 13.22551204  6.42837125
 14.5221418  10.6457654  13.98744623 16.66276087 10.27870801  1.83818772
 13.3998673   9.20189063  5.75355543 13.79700558  0.88293156  5.51497725
 15.05956808 16.12506641  9.10175667 12.3010199   6.9044827   5.11499885
  6.22023526 16.05336572 15.71499053 10.97066589 14.73472146  6.80890873
  0.92610698  1.10410923  7.85511339 13.45027814 10.29398926 11.06477397
 15.47627581  3.36486654 12.68239662  0.60344654 16.35568237 14.85785568
 10.48335186 12.23830458 13.84979699  8.84948128  8.27533372  1.23507308
  1.35767847  7.68500516 11.9502601  10.7563909  10.37802082  0.6650071
 16.32836792  7.79627612  7.29083477  0.29593441  9.65761657  0.87319949
 16.00468327  5.69897115  0.51728379  4.92502991  0.13365295 15.87947684
  1.57461317  7.80449528 11.82295409  9.03517014 12.64818551 14.40633372
  2.66311151 10.63049461 17.10891932  9.94611456  3.95541211  8.62081942
  4.10708923 12.44806129  4.89888821 15.59529661 10.66709937 12.3406211
  9.94679107  1.77381505 12.59213397  6.6438363   3.8063896  12.45333724
  9.02755035 17.40792253  8.58757774 10.70797299  2.36059034  7.84813107
  1.77051481  2.31911613  7.9432995   5.64183216 12.68890863 12.61150331
  5.35604863 13.058283   11.11223193  6.94043306 13.85455608  1.30293113
 15.95551117 14.37328474  2.97683358 14.1203597   7.59451502 15.78866162
  8.029793   14.10427928  1.55067706 14.15970009 18.87051794  4.41178819
  4.61800359  8.38091932  8.50126317 13.88455954  5.22587424  7.82480868
  9.61493957 13.28533906 16.00499624 10.43672835 14.6684929   6.49015229
  5.23477085  8.85939712  7.76031443  4.9968398   4.73236476 11.28732609
 11.569693    2.87883511  8.46533653 15.13039465  9.99421515 11.34779524
  5.51230089 16.28218192 18.56068882 17.68553441 13.93989795  0.74554578
 16.14150523 17.31033792 10.49415224  3.59928969  3.3497863   8.29423297
  7.21190655  4.93538084 11.13594559 11.30333582 16.51767735  3.08820628
 12.75594696 13.32340436 10.97083647 10.05332911  5.01924344 10.23642015
 18.27507976 14.4115396  11.3845889  13.43161062 11.05555669  4.74882638
 11.82219936 10.59761979  9.85860023 10.97041327 16.3325194   2.77609017
 11.25229203 11.53585084 10.16301513  1.63338872 11.13638889  4.27399567
 13.23064982 15.31667843  9.09561305  2.30419842  9.97781605 14.07660504
  4.65273851  7.58565032  6.35912551 16.21107423  5.43818205 16.16032879
 10.54750555 13.22634161  4.56591555 14.56725819 14.94286175 11.60848749
 11.48891941 12.02964827  8.42983266  8.1130475   0.39504296 13.80443608
 11.5844292   7.56897704 16.45659813 13.22383804  8.4057665  18.01581409
  8.85554413 13.68103744 16.47181424 10.37636874 12.0463808   0.14834413
  3.81901881 18.11813292 12.37004596 10.8201775  16.05939471  7.00200621
  3.48774075  7.48813476  9.82046781 12.83843027 11.62856199 15.15087985
  5.31886598 15.14973602  1.69365438  9.99649008 15.66265827  9.39840309
 13.06265905  5.74256995  6.88937299  3.11231847 15.95023167 15.12411511
 15.42336083 16.0132105  12.73647763  9.46669847]
2025-06-24 20:56:33,909 - pyswarms.single.global_best - INFO - Optimize for 50 iters with {'c1': 2, 'c2': 2, 'w': 0.9}
2025-06-24 20:56:34,214 - pyswarms.single.global_best - INFO - Optimization finished | best cost: 82.57831501118832, best pos: [15.87867229  6.72988017  8.6926533   7.35891273  8.86322433 15.57314451
  6.49421379 15.1587801   6.56151862  8.72496329 14.32625899  7.13152857
 16.00979705 14.94760786  9.12398489 15.61264975  8.5372389   8.22913562
  0.98372668 12.39513131  3.7685906  18.45088577 12.1674506   1.2160604
  6.24649184  5.22836573 11.52699574 11.2561799   0.25748141 15.72331086
  7.87110184  5.98236646  9.06182569  1.72975656  9.12943815 15.9060779
  4.05936276 14.69271262  6.7278739  14.41470076  1.09118313  5.34025644
  6.72388786  9.24999392  3.5236191   7.42286508  5.31481692 10.95506967
 11.96103441  0.42816928 16.98874874  1.46451668 14.92600761  0.65135471
 16.205515    6.12660645 15.83141444  8.74916008 16.14967342  0.39045055
 10.6352857   6.49945377 15.70011674  7.15555343  1.1164604  16.64778374
  8.80931979  1.88601647 11.54111572 14.30767183  8.21015261 10.12079485
 14.14789947 15.47864017 13.77839726  7.33796956  9.6934273   9.77559835
  9.5296842  13.51980521 13.49994509  3.01243133 10.03069614  4.69984025
  4.79929117 15.13806018  3.06971285  3.72387356 17.76277909  8.77817662
 18.57756694  6.14628167  6.18517615 11.83022651  0.54224527  3.64811445
 17.93655963  6.81130215 17.34158826 13.06262573  8.03646484  8.61100896
 12.51675723 13.61427012  7.42380312 18.75271159  5.90298864 14.71949124
 10.68495504  0.71369774 16.75176182 15.08721142  9.15011815  6.27423306
 13.55170642  7.43244045  6.41283224 11.07447346 16.41741899  1.00335638
  3.12375077  5.49477249 13.14036227  4.4458589   2.38730238  2.46738773
 14.37729028  8.52238872 14.48816167  0.47220606 12.80723853 14.67200755
 10.45576214 13.39738296 14.03913461 10.94330993  4.34386275 15.07825789
 12.55498396 16.33113053 10.46922353 15.57209986  3.61846071  0.04168864
  7.16630012  0.63437117 12.0177714   8.9699324  10.52227572  6.89937157
 14.00530343  1.21759187 16.24776361 15.6616691  18.16510617  4.06258901
 10.78989992  1.10494947 10.1194624   0.34069471  8.05417076 11.41085756
  5.14578414  4.67646033  4.96595806  6.23786708  1.02172297  9.55616368
  6.32922646 14.14822073  9.64853297 18.82900133  3.71111121 11.58338104
  9.43309897  1.37065617  5.11953663 10.55768726  1.93697053 10.53957597
  9.35816241 10.21777725 14.07439211  7.75028393  9.47703575  3.06030016
  5.89494305 13.22126313 12.15616107 10.8982101   9.43015676  5.76699882
  5.83547244 11.17553217 13.96870639  8.75442052  9.88978546  6.61210791
  3.61147486 13.31448834  6.41854448  1.17576835  1.24051315 16.59178288
  6.44816766 17.69465315  6.14905424 13.18868296 15.99089581  2.18709522
 11.10128756  9.40887442 14.10650287  5.15139374 13.82915259  2.93518497
  1.42065996 13.57560601  9.8364818  15.19397066  5.14232918  4.76460357
  9.4039009  12.87265947  7.37002265 18.78514695  6.72755048 16.81656087
 15.59876021  0.62582946 17.15279832  7.82567826  5.31495853  9.94716138
  3.39555288  1.03638434 11.52434732 14.5007604  17.68123788 13.81203652
  1.67970005 17.77312775 15.12132086 14.1874086   0.18200008  7.92070511
  6.86543941 12.84746768  6.0480553   9.35698383]
2025-06-24 20:56:34,217 - pyswarms.single.global_best - INFO - Optimize for 50 iters with {'c1': 2, 'c2': 2, 'w': 0.9}
2025-06-24 20:56:34,525 - pyswarms.single.global_best - INFO - Optimization finished | best cost: 78.90979125869097, best pos: [1.65182340e+01 1.14494064e+01 1.12130943e+01 1.42855734e+01
 7.48987644e+00 1.47217669e+01 1.70312351e+01 8.52753967e+00
 1.63950917e+01 1.59463494e+01 1.48685677e+01 1.20337137e+01
 1.04475284e+01 1.52873899e+01 1.15596889e+01 1.30951648e+01
 1.52429734e+01 8.78320791e+00 1.86150950e+01 1.46542251e+01
 1.82974776e+01 1.47862269e+01 1.47293564e+01 1.61234857e+01
 3.22068855e+00 9.00819516e+00 1.29500837e+01 1.14436787e+01
 1.42271482e+01 6.66575276e+00 1.25272087e+01 1.12723903e+01
 3.48250668e+00 6.15720190e+00 9.59546624e+00 1.61984429e+01
 2.90353759e+00 5.76963437e+00 9.80258077e+00 1.46324900e+01
 1.47728223e+01 1.28901637e+01 1.15268492e+01 1.87568420e+01
 6.79591890e+00 1.68276154e+01 2.92329187e-01 1.54371269e+01
 1.43998717e+01 7.76063561e+00 1.76627163e+01 1.26236832e+01
 2.68592193e+00 1.12789206e+01 1.48988580e+01 1.47558756e+00
 9.63460812e+00 1.52573507e+01 1.00606194e+00 1.47440643e+01
 6.88892470e+00 1.69203410e+01 1.36895370e+01 1.44039944e+01
 3.12567188e+00 9.12838672e+00 5.77799767e+00 3.02269981e-01
 3.03230647e+00 1.44780538e+01 6.68141689e+00 8.60086140e-01
 1.79717996e+01 7.96089624e+00 1.18111530e+01 2.46629287e+00
 1.17655029e+01 1.54292826e+01 7.58914635e+00 1.45826826e+01
 1.29189352e+01 7.53834211e+00 3.17450204e+00 1.69086424e+01
 8.36176806e+00 6.83756965e+00 1.84441678e+00 1.01353219e+01
 7.97180882e+00 1.48133025e+00 1.17812115e+01 7.04698613e+00
 2.44895670e+00 8.99700168e+00 1.06858584e+01 1.34302762e+01
 6.92104793e+00 2.75705941e+00 1.03408951e+01 9.86383632e+00
 6.05945046e-01 1.63460713e+01 1.13213672e+01 1.07783025e+01
 3.36001210e+00 9.65840676e-01 1.15162761e+01 1.21904214e+01
 6.98756803e+00 1.06967402e+01 1.84997824e+00 1.01875198e+01
 1.67475440e+01 1.30069407e+01 1.31035271e+01 1.28638337e-02
 1.87983719e+00 1.35327255e+01 1.33623831e+01 3.94874262e-02
 1.06873133e+00 1.83730573e+01 1.79226366e+01 5.17633930e+00
 1.33866743e+01 7.65382193e+00 5.12366466e+00 1.50015072e+01
 9.67576108e+00 1.12901631e+01 2.42178488e+00 8.16959099e-01
 6.28722622e+00 1.30638714e+01 1.24855358e+01 3.96358935e+00
 1.74458890e+01 1.12580156e+01 1.08472008e+01 6.20704447e+00
 7.40260413e+00 8.67513225e+00 1.35415304e+01 1.48051964e+01
 1.62169177e+01 1.29979864e+01 1.52531096e+00 1.23667691e+01
 1.43254666e+01 4.46945667e+00 1.40258959e+01 8.35539039e+00
 1.34831800e+01 1.00664675e+01 7.75730328e+00 1.41878082e+01
 1.29642394e+01 2.59894600e+00 1.12189641e+01 1.43447885e+01
 1.17050496e+01 7.78831510e+00 1.44259145e+01 1.89278114e+00
 1.31058046e+01 9.57144574e+00 2.50320164e-01 9.50210498e+00
 4.50586499e+00 1.10453648e+01 3.57175119e-01 1.98051952e+00
 2.79616138e+00 1.08136435e+00 1.13358422e+01 9.84334198e+00
 1.03471280e+01 1.49807082e+01 9.36953339e+00 8.26617551e+00
 1.62929609e+01 1.86376165e+01 1.27942292e+01 1.44127460e+01
 1.09351567e+01 1.19639391e+01 1.53840841e+01 8.43766963e+00
 1.77181452e+00 5.69250957e+00 6.58209851e+00 1.24239895e+01
 6.78285655e-01 1.45820825e+01 3.15818292e+00 9.75622792e+00
 1.12119031e+01 1.48082849e+01 1.64361937e+01 5.51915882e+00
 5.33116821e+00 6.45694817e+00 1.72043570e+01 1.74247329e-01
 1.42374925e+01 9.45000462e+00 1.22442596e-01 1.31510409e+01
 4.37548432e+00 1.58782863e+00 9.34799457e+00 7.76424797e-01
 7.17717191e+00 1.81113177e-01 1.33220503e+01 1.30812524e+01
 1.75730235e+00 2.54297453e+00 1.52026261e+01 5.84796091e+00
 1.60116320e+01 1.25139797e+00 1.51938473e+01 2.60259474e+00
 1.28755093e+01 1.58916117e+01 1.22199894e+00 1.30107561e+01
 1.28919406e+01 1.01811510e+01 7.48673610e+00 3.34696066e+00
 1.00625137e+01 5.01830716e+00 3.69276633e+00 1.20108750e+01
 2.60941417e+00 1.27812817e+01 8.02275202e+00 1.59479094e+01
 1.09689844e+01 1.69329028e+01 1.58279602e+01 1.27478622e+01
 1.65329323e+01 9.07822240e+00 8.06940628e+00 1.30007756e+01
 1.24893045e+01 1.60220390e+01]
2025-06-24 20:56:34,534 - pyswarms.single.global_best - INFO - Optimize for 50 iters with {'c1': 2, 'c2': 2, 'w': 0.9}
2025-06-24 20:56:34,841 - pyswarms.single.global_best - INFO - Optimization finished | best cost: 83.19187058646412, best pos: [18.81522041  9.63416075 13.60911926 14.06078044 10.02265654 15.29366373
 15.81694047  9.08782074  1.70952791  7.88336305  6.68380859  9.73952618
  3.53934795  1.52535159  9.200983   10.30174283 15.46754737 17.14248707
 12.51120634  6.93725801  4.51627168  0.76719079  9.46442884  4.14809484
  6.420654    1.32968085  6.86697383  3.76541301  7.37117792  1.33964223
  8.95653441 15.9770612  11.28823636  8.81036003  8.77950907  8.62603783
  1.81085023 10.94037145  8.74257725  5.97251195 15.9737515   8.05227838
 12.13382725  6.96461488 13.09934518 11.91557269  7.35794462 17.19838184
 12.71411436 11.34081391 12.02555468  8.27360256 12.89682799 16.97473685
  9.7045171  17.36930092 17.37335416 10.72390467 11.53468188  6.82378982
 10.15609822 13.27073573 12.68171     2.97118788 16.0768332   5.8939149
 11.32630728  9.46745932  8.57409161 13.97073634 11.11915553  3.45942247
  0.23016427  7.82653509 15.20126833  5.45563494 14.0677574   9.29845914
 17.04223616 10.06874519 11.35794471  0.65226132  2.02166208 11.32503435
 14.65715275 13.49276057 16.40570994 17.97432577  3.36030432  7.68089199
  6.09456616 11.90556911 13.08452882  3.53978076 12.23108479 11.95000983
 15.59238636  6.36708048 15.01677229  2.37693867 10.00387091  0.97017556
 10.69462207  7.37932662  2.65925788  6.18518439 13.06175794 10.26301449
  9.80108339 11.52079479  8.18983914  7.17464363  8.7296839   6.57544923
  2.3869393   4.7735299   4.23006921 10.42590753  6.55981753  6.1109414
  1.85010312  9.65331243 15.11315822 13.05131993 11.4156145  11.07842685
 11.63713831 10.44564681 13.26677988  7.87491754 13.48143481 11.08942504
 16.66044598 17.09039672  3.98358134 15.13603734 17.22975426 10.96471273
 14.10091423 16.94684049 15.6115005   6.46221455 13.43604763  6.63177601
  0.32042083 13.94735462  5.29250986 16.8896282  18.18622514 11.60910994
 17.40961818  7.34056467 12.31406542 15.5170913   1.80373945 14.52795546
 16.06898414 14.57558743  9.44203442  8.22558422  5.12725818  0.48440011
 12.30472644 15.22358366 17.81810262 15.37745206  3.78791796  8.99836615
  0.89209192  2.6125962   8.67531909  8.68149245 17.26529037  6.83935813
 10.10924519 17.63879056  2.30142943  9.67474546 10.45282693  6.31041668
  0.13579016 13.69979253 16.25700313  6.29374818 10.76072705  6.97607623
  7.19320496  0.18832973 10.83646173 10.44313161 16.19994242 14.00663407
 17.45669237 17.26207394 13.34233682  9.02388035  2.98434068 17.01511128
  7.11542895 10.8008134   3.98715487  0.79736813  9.05153738 13.94070128
  8.21768723 14.33293522  8.48041622 13.09790888  2.26603393  1.14622332
  5.02376283  2.27194782 12.5708284   5.07783531 16.55487304 14.2081117
 13.20802836 16.5433299  15.43983886  9.29286591 13.82420372 18.56816745
 12.25905919 16.88060728 17.36685491  8.69613405  6.50177655 16.73441046
 10.98081007 16.85904773 13.03703592 10.2183062   9.56584756 10.9239438
  3.99850904  8.38264138 11.25294563  9.70233173  6.25377645 16.66042366
 15.04849581 14.23552912 11.39632258  8.54446214 10.21578891 10.82532227
 11.79340821 10.04232005  7.5195719  17.05421236]
2025-06-24 20:56:34,844 - pyswarms.single.global_best - INFO - Optimize for 50 iters with {'c1': 2, 'c2': 2, 'w': 0.9}
2025-06-24 20:56:35,151 - pyswarms.single.global_best - INFO - Optimization finished | best cost: 81.65498616702496, best pos: [ 1.78037714 12.81932685 16.48155162 12.43695155  3.81988583 12.04377022
 12.79965355 13.02071193 17.00090942 18.13944001  9.07753944 15.98291774
  8.64255718 10.92755711 10.93680035 15.14717643  2.18190132  7.1132868
  9.78735977 15.34015526 18.66727354  6.00890206 15.52136602 13.3005429
  0.55070332 12.07723626  0.7974646   3.38045778 14.64431109  8.40758398
 17.75008615  5.11294663 12.41518599  5.88399228 16.56293827 12.0017139
 14.53249439 12.99606939 10.60570451 13.12241582 14.79201291  7.41766092
  6.9441929   8.14780247 16.32498513  8.34639384 12.81728039 16.08990716
  2.78641369  8.12347535  1.87317111  0.41737526  1.34785091  3.36109384
  5.08261332 18.00497606  1.21758044  7.60161539 11.82054769 13.51614356
  3.08272898  3.20197062  6.39718956 11.93788332 15.90054422  9.09333904
  6.95863211  2.68334112 10.62876172  8.49970593 17.45286523 13.86445699
  7.38340055  7.63136677  8.30496879  1.87693805  8.88829374  9.09811941
  5.53048134  5.50152271 10.38838539 11.80815921 14.52130226 16.81042266
  0.55149381  9.86862219 11.3542     17.412588   12.77785116 15.8094454
  3.23296517  1.58181054  6.61037945 14.94796701  3.83148639 10.1125858
 14.98221575  6.42919615  1.44962459  8.3693363   2.95929504  5.11997604
 11.44116796  0.97588487 16.52590135 10.01538117 17.84293184  9.94900229
  3.54393983  9.07944119 11.94144543 10.17448753 12.94006922 16.58975475
 12.60330327  8.21196474 10.3804193   3.64031302 15.55062916  0.97834073
  6.97032376 14.48062556  1.32234922 15.25802156 12.44635181 18.68097866
  5.82002091  5.90182705 16.85105615 13.94358845 13.64252407 12.44576728
  6.93238304  8.89658756  8.08063676  9.10566405  6.90808822  0.34408838
  3.03708542 10.26085398 11.11012793 10.7888773  13.45098163  4.3932764
 13.59965631  3.51512316  5.77055027  4.34269534  1.36082902 15.0614663
  4.38705209  9.37892519  8.44148081  8.32373415  5.20993625 17.06379218
 10.98147321 10.03746495  3.35322792 15.2239115   7.75758782 10.63874932
 12.6166357   9.72912394 12.64442363  9.94760279 15.52574654  0.91173588
  5.45606586 13.52771799 10.71179252  7.53536581  6.92057079  5.01810604
 11.75783156 11.55472443 15.25806925 15.44516153  6.69284244 18.50891446
  9.32391249 10.46068886  5.4351754  11.26207066 14.83822784 16.76052295
  9.12774339 15.05956948  0.79334245 12.82742025  7.6173313  10.78330955
  5.22383641  6.22820774 15.53655596  7.86951306 14.93672714  7.48326647
 14.20070878 13.11252402  7.52898327 11.1797862  15.90784241 17.59053981
 12.73796544 11.41052706 13.28719727 11.76963342  5.79649209  3.79350821
  3.54251939  9.60811053 13.57902836  1.15111127  7.44389079 14.35574587
  7.65977558  4.88348448  5.52500012  3.46563947  7.50143559  9.03115653
  3.59480775  5.62705412  5.66024052  6.34418298  8.60894095  1.13595012
 13.44871256 10.50835229  6.20608042  3.94289525  6.45006168 18.93889638
 12.64235754  0.72278848 10.16834328 13.42208798  0.80433627  4.49246867
  0.93136356 10.05788774  9.08497925  0.21173433  9.9042122   6.50724907
 10.24694137 17.50891049 10.5329793  17.31918981]
2025-06-24 20:56:35,155 - pyswarms.single.global_best - INFO - Optimize for 50 iters with {'c1': 2, 'c2': 2, 'w': 0.9}
2025-06-24 20:56:35,464 - pyswarms.single.global_best - INFO - Optimization finished | best cost: 82.6215662209081, best pos: [12.46837303 16.77659631 12.76552861  5.05604553  7.01651493  9.06701233
 12.51238088 11.82599988 16.29895335  7.41053653  1.24117624 13.21696347
  6.71332247 15.74299425 14.4397091   1.35324194  4.7941373  12.24835972
 12.69986994 17.61018643 18.35402997  1.99691909 16.08956756 11.03499969
  4.14164469 12.00765844  1.5463399   5.44963076 15.7147532  18.98616936
 14.8476019   6.84703511 10.03736411  8.26468861 15.40798639  7.74346514
  8.49912366 14.29457356 12.13037804 12.01437976 12.00747053 14.03892279
  2.23046183  0.6191807   9.36110491  4.65407715 13.24214958  9.92710402
  3.31027897 10.02743347 13.48313389  6.95686187 12.58064816  7.54621668
  5.52082146 14.98426167 10.7346148  17.25180373  7.82847221  3.12189421
  5.65948446  2.25845872  6.64431495  8.80885104 16.6569801   7.19737484
  8.73028929  2.64804764 13.31721727  3.63834477  9.88625509  9.62049219
  2.00070816 14.64990728  8.79613957  7.37809126 12.75608362 10.58522092
 14.88174811 16.41809871 16.3540068  10.99601114  4.60612748 10.75934092
  1.41886981  2.80149857  3.28599305  1.35931219  9.1048815  11.00246851
  8.80518023 14.9303327   5.52370429 13.63491439  7.82083461 15.2407083
  8.36429673  1.53787478  9.93557258  7.63048882  7.59312734  7.08432558
 18.4184614   5.32565155  4.76249713  9.84296393 10.85887611  8.30020992
  5.96972437  9.14001972 16.68368698  0.0287011  15.44818028  5.85202899
 12.36342207 15.87540445  3.28931866 16.3174414   9.60169925  0.62070048
  8.13228166 18.36156127 14.48966072  1.11745165 18.69915635 13.79777192
 13.01471247  0.49938558  9.00603095  5.49868965 12.52892276 12.48594298
 16.76021378 12.29142171  9.31678377 10.64074696 18.7399593   0.17489709
  7.71434876  1.66985037 15.52018488  6.78451214  1.67025786  8.82616629
 14.87790688 15.15637074 15.83727622 15.76123481 10.16003284  9.5790661
  5.12392645 12.25126435 12.68316847 15.76265443  0.16098859 12.76281172
 10.32361028 15.1294511  11.57467211  4.35313856  6.19881573 10.50677728
 11.35257343 11.08253956 12.27952321 13.46286253 13.33587041  1.97236123
  0.07392556 16.15190997  0.39493878  7.69908286 15.01802894  8.79994436
  1.80282604  9.55662613 16.89204297 10.75845763 17.5612334   6.27261804
  9.09502473 13.17539472 13.49574934 13.17063763 13.68211691 10.41011069
  0.279377   13.92482528 11.77528117 15.87974735 13.06189584 12.38318887
 11.37452748 16.55309722  1.38923624  3.22943263 15.7411147   9.93183184
  8.65011153  9.07415259 17.38089947  9.73421903 16.52108895 16.23258058
 13.46246014 17.83929135  5.7511629  12.75337927  2.68761292 11.3691786
  8.52840819 13.00075205  6.48278941  7.41888362  8.22841351  8.93061552
 13.94860756  4.12600789 14.27591208 12.73155167  5.49734119  7.10703126
 14.791717    6.34832604  5.866918   14.84111624 14.06921454 13.68061468
  9.18026758 13.54263479  4.32064562  3.81105779 10.71249522 12.49371195
 17.53958881  4.50867063  3.01053742 11.08247068  9.42701104  0.74334899
 13.85507917  3.68715027  7.73812595  4.18154113  0.3823472  11.91574396
  8.31872711 13.16828154 18.87472717  9.45911419]
2025-06-24 20:56:35,467 - pyswarms.single.global_best - INFO - Optimize for 50 iters with {'c1': 2, 'c2': 2, 'w': 0.9}
2025-06-24 20:56:35,774 - pyswarms.single.global_best - INFO - Optimization finished | best cost: 81.240257871743, best pos: [8.12582477e-01 6.68510597e+00 1.04217503e+01 6.25713670e+00
 1.77293467e+01 1.49128819e+01 5.95126246e+00 1.62507617e+01
 5.61105625e+00 6.03014628e+00 1.33352458e+01 3.35940704e+00
 1.03406679e+01 9.27968672e+00 6.34455589e+00 1.08280232e+01
 1.54145905e+01 1.35214801e+01 9.52858149e+00 1.84931229e+01
 9.12349358e+00 9.75722748e+00 2.74756038e+00 4.69935591e-01
 5.86302465e+00 3.96140430e+00 8.57598443e+00 1.36383848e+00
 1.35836801e+01 1.83175424e+00 1.75725312e+01 6.67705031e+00
 1.46239075e+01 1.21104734e+01 1.07943818e+01 9.82418432e+00
 1.12534756e+01 1.12302474e+01 9.47239005e+00 1.45624309e+01
 6.77191854e+00 4.38288088e-02 1.85773053e+01 2.39249375e+00
 7.76636518e+00 1.02155888e+01 1.03694797e+01 1.82170092e+01
 8.88099808e+00 7.04069167e+00 1.41598681e+01 9.51713706e+00
 1.58942086e+01 1.26725857e+01 1.10847781e+01 1.24161634e+01
 1.30207006e+00 1.27950877e+01 1.33875707e+01 1.27473328e+01
 9.18222546e+00 2.34290107e+00 8.57797515e+00 1.34589274e+01
 7.79586063e-03 1.28252913e+01 9.73427049e+00 8.21881990e+00
 1.07844474e+01 1.63127842e+01 1.06754137e+00 1.09323955e+01
 1.69555582e+01 1.24190708e+01 6.81744825e+00 5.38250853e+00
 1.34814295e+01 1.00225441e+01 5.08660677e+00 1.40340920e+01
 6.04973879e+00 1.02952005e+01 6.91431214e+00 1.09124160e+01
 6.22280254e+00 1.63124738e+01 4.78223627e+00 8.17449610e+00
 3.06670117e+00 1.45161384e+01 3.79990942e+00 2.42571790e+00
 1.27048120e+01 5.20341099e+00 1.64226740e+01 2.12876083e+00
 7.54888130e+00 1.08026442e+01 1.44109157e+01 9.53785646e+00
 1.60889067e+01 1.09186688e+01 8.29628908e+00 1.30584872e+01
 4.67433400e+00 8.74010150e+00 1.54237738e+01 1.57488658e+00
 1.05654378e+01 1.85210290e+01 9.65845772e+00 5.22639176e+00
 7.28101789e+00 1.46092171e+01 9.55571852e-02 1.54127071e+00
 6.29870756e-01 1.06164292e+01 7.62967047e+00 1.66854672e+01
 1.36159370e+01 1.36683361e+01 5.75217521e+00 8.26060473e+00
 4.49708822e-01 3.18459666e+00 6.52698177e+00 6.79156093e+00
 1.62437532e+01 1.52879739e+01 1.29055231e+01 2.75261682e+00
 1.03665376e+01 1.72954516e+01 1.55483008e+01 7.38337349e+00
 9.21513055e+00 7.73672838e-01 5.63798648e+00 1.39162966e+00
 1.09916810e+01 1.73606469e+00 5.52002081e+00 1.04400693e+01
 1.10308801e+01 1.22846711e+01 1.41760079e+01 9.79167869e+00
 1.68169613e+01 1.72062553e+00 4.01063177e-01 8.85362465e+00
 9.98255659e+00 4.84218159e+00 1.02685501e+01 1.51130432e+01
 1.06614849e+01 4.81903257e-01 7.35745569e+00 3.59230421e+00
 1.61501689e+01 4.09358714e+00 1.15500527e+01 1.53542509e+01
 9.42174819e+00 2.18768030e-01 1.01631231e+01 1.90678287e+00
 1.19521767e+01 8.24874829e+00 4.40385675e+00 8.02108370e-01
 9.46742487e+00 9.97921043e+00 2.33137400e+00 1.41993393e+01
 1.47084843e+01 6.16130077e+00 3.68675854e+00 1.52843529e+01
 9.05364590e+00 1.39461346e+01 9.44547120e+00 7.41635782e+00
 5.47164142e-01 1.03921736e+01 1.04699648e+01 1.15225940e+01
 1.27553660e+01 5.04852543e+00 6.03184618e+00 1.59597957e+01
 4.12940475e+00 6.21654536e-01 1.82964526e+01 1.48978877e+01
 1.67187741e+01 3.54141311e-01 1.15128937e+01 1.42938493e+01
 1.27056516e+01 1.47593349e+00 1.78448755e+00 1.11294742e+01
 1.06735505e+01 1.40070017e+01 3.43719755e+00 1.56141367e+01
 1.62199223e+01 6.28796764e+00 1.20168043e+01 1.59648822e+00
 1.39688556e+01 8.54927664e+00 1.63032936e+01 1.06894273e+01
 1.89343861e+01 1.25153814e+01 3.58229197e+00 9.49585458e+00
 6.67121836e+00 3.35380287e+00 1.78219604e+01 1.10724677e+01
 1.60746105e+01 1.10204102e+01 2.92750106e+00 8.64323792e+00
 4.73520120e-01 1.04604125e+00 1.79847246e+01 1.56151110e+01
 3.02631703e+00 6.32321933e+00 4.36304113e+00 8.99741922e+00
 1.68707919e+01 3.77098184e+00 3.77516567e+00 6.19463166e+00
 1.04858960e+01 4.55767846e-01 9.33725518e+00 3.38244747e+00
 7.35839121e-01 8.97075668e+00 1.01206619e+01 2.28240414e+00
 1.84947264e+01 1.13330787e+01]
2025-06-24 20:56:35,777 - pyswarms.single.global_best - INFO - Optimize for 50 iters with {'c1': 2, 'c2': 2, 'w': 0.9}
2025-06-24 20:56:36,100 - pyswarms.single.global_best - INFO - Optimization finished | best cost: 82.23073242398547, best pos: [11.07463063 13.70827635 13.43976027 11.5236337  13.91746757  6.69784801
 15.53658376  8.72173539  9.85020106  4.80324923 13.746676   10.73574505
  6.40476689  7.36614215  1.79881939  5.98571616  7.54751247  9.44618597
  9.40280488 17.05124912 10.72488395 11.55960756  6.81537455 12.7110712
 10.84077595  1.28548101 10.53492894 10.57040936 11.04093793  5.52790191
 10.01829309 16.58074362 17.1189555   5.9349483  16.93644657 17.51438326
 16.47329315 12.8835014   1.52728986 14.28381633 17.05777083 15.00006951
 16.05515641 15.93895261 12.99196619 11.04730087 12.99184839 13.7072866
 18.24826827  8.5196656  15.1462679   1.47584719  9.15288412  2.05860878
  5.52259213 16.5297832   1.04531332 15.27213633 16.36806969 12.27318788
 14.35583598 11.67223028  4.02539637  1.04048912  7.75220937  5.96129673
  3.79771939 13.87339335 10.49600766  6.02110706  9.30995219 11.20724447
 16.34692369  8.53339821 14.48615912 15.43647427  6.44975754 16.35631485
  0.87087821  0.53810495 10.31950877 14.16300261 15.49518159 13.54953952
 14.12244374 13.44330253 11.28668923 12.68249696  3.73212206  6.72725489
 12.20145886 10.62790448  0.75651601 10.40498803 11.86827057 10.86604194
  8.15385539 15.01005925  1.4123359  16.32826896 16.68484277  4.45905836
  6.29408442 10.56487987  9.49761479  1.21361151 15.85982313  0.39389986
 12.78002485  8.36701958 10.35220823 16.1253401   8.19870691  6.35201481
  4.03495988 14.25906004  7.84200535 11.15375157  7.07067061  4.16201443
 11.32091798  9.48084256 10.92242998 14.0476436  16.42333196 13.86246835
 10.68948057  9.90476625  5.77659887  4.31372517 10.00450515 18.88745783
 16.84157359 16.43575126 13.27825707  9.57798507  6.9397498   1.16863205
  6.92387161 14.88340193  8.89704113  4.30013827 16.80159002  4.96857159
  3.51689487  6.36524238  8.25673209 15.79562311 15.25186452  5.26406869
 15.33783665 16.04084528  3.77466395 16.58185631  1.48500178  3.63291481
  3.47993921 15.86149533 12.20158417 15.73498118  6.88079806 15.86422252
 12.1350174   9.64477086  8.94234947  9.91941699  1.15604064 11.6799851
 13.29956675  2.32261926  7.48879229 16.8631374   4.14997066  0.76932373
 15.66065726 12.61054902 16.0874257   7.54387142  7.19164312  8.22192643
 16.45288696 10.29433863  9.43118928  3.48597574 15.0898761  11.77453408
 17.69096494  8.66043221 10.90436543 11.16971607  5.48833266  1.30815948
  3.28304047  1.79436671 14.30624481 14.66469426  1.95549017  0.73471834
 13.50353809 17.02530176 14.15756348  9.02244826 10.32618249  6.61281274
  5.95614739  1.13504761 10.23900422 15.1230897   8.13412791  1.65262162
 10.71852205  5.95747169 13.47510667 10.93045011  0.83493672  7.55789579
  4.38112445 12.34059119  4.17093941 17.90464048  5.31386842 12.72989923
 12.23648539 13.19116323  3.85099748 18.38049129 13.55601135 10.46901816
  4.01330434  5.67352526 11.82864395 11.55004893  2.42144452 11.61054104
  1.38239351  4.35940042 10.50797148 10.00286653  2.81707693 12.10213387
  4.0528439  12.86840509  5.70388787 15.28660602  2.30914627 15.535702
 12.38969515  1.96826908 17.42111783  0.58575632]
2025-06-24 20:56:36,104 - pyswarms.single.global_best - INFO - Optimize for 50 iters with {'c1': 2, 'c2': 2, 'w': 0.9}
2025-06-24 20:56:36,410 - pyswarms.single.global_best - INFO - Optimization finished | best cost: 81.86411287461608, best pos: [4.89285363e+00 1.81949469e+01 1.60374751e+01 1.43983708e+01
 1.08428125e+01 1.26266896e+01 7.27013765e+00 7.96226943e+00
 1.47891488e+01 1.11933313e+01 9.27585636e+00 4.38065208e+00
 1.19104012e+01 9.71438028e+00 1.51119893e+01 1.44424739e+01
 1.47726138e+01 1.41471057e+01 2.39367995e+00 1.37675291e+01
 9.36886344e+00 6.82988417e+00 1.23567708e+01 9.69352195e+00
 2.68405964e+00 1.87415890e+00 5.51144943e+00 1.48059735e+01
 1.53152953e+00 6.63593787e+00 1.15931121e+01 1.22066374e+01
 6.26977989e+00 1.04531192e+01 1.39615798e+01 1.31371508e+01
 6.99535416e+00 3.84688830e-01 7.53135670e+00 1.61365874e+01
 1.44658873e+01 3.24683400e+00 8.02425196e-01 9.82623165e+00
 1.69378740e+01 8.49695129e+00 7.97707637e+00 1.61802840e+01
 7.66537254e+00 1.33765079e+01 1.18386507e+01 8.89535460e+00
 1.63106434e+01 1.42716932e+01 1.67883400e+01 1.15431283e+01
 5.25810897e+00 8.63037793e+00 9.56811326e+00 1.50546342e+01
 3.04592382e+00 6.67690723e+00 7.62626903e+00 5.11252794e+00
 1.17785349e+01 7.32520975e+00 5.74146446e+00 2.37420037e+00
 1.55077976e+01 1.12126928e+01 3.87619293e+00 2.70326677e+00
 1.65452705e+00 9.84739114e+00 9.09007351e-01 1.06593400e+01
 1.29590120e+01 7.55502537e+00 1.48174512e+01 5.91943552e+00
 1.59521015e+01 1.01621995e+01 1.53032234e+01 1.50809931e+01
 1.12732010e+01 8.72472731e+00 1.57225587e+01 1.66609390e+00
 1.03663435e+01 8.97066993e+00 6.83306775e+00 1.09509536e+01
 3.87852409e+00 1.05553454e-01 1.67265643e+01 1.50283049e+01
 1.07005401e+01 7.92206041e+00 2.54103786e+00 1.89038175e+01
 3.51246303e+00 3.85338780e+00 1.31181310e+00 8.03284062e+00
 4.36037397e+00 4.40202624e+00 6.15685340e+00 6.11438049e+00
 1.24484445e+01 7.64878834e+00 1.09292529e+01 1.68940055e+01
 6.99411166e+00 1.00409234e+01 5.69985864e+00 1.72970892e+00
 1.69962972e+01 8.60916493e+00 9.38792523e+00 8.17830367e+00
 5.00997326e+00 1.80703712e+00 9.14388367e+00 9.60189511e+00
 1.75947293e+01 5.83329262e+00 1.50426590e+01 2.81064944e+00
 1.33299604e+01 1.05436454e+01 3.61954146e-02 1.64316176e+01
 1.42353036e+01 9.08058035e+00 1.32739842e+01 1.11455326e+01
 1.01820165e+01 5.73737424e+00 7.61435613e+00 1.14035439e+01
 1.07630931e+01 1.08515150e+01 1.45972224e+01 4.85626343e+00
 2.45946300e+00 1.69068630e+01 1.09306492e+00 1.34018243e+00
 6.64216928e+00 5.30942221e+00 8.43160521e+00 1.47303739e+01
 6.62279152e+00 1.08553615e-02 5.35745838e+00 1.75809027e+01
 3.39352880e+00 1.12648912e+01 1.47445459e+01 7.88246996e+00
 8.93385216e+00 1.03245243e+01 1.61574814e+01 1.07755316e+01
 1.76122351e+01 8.23337369e+00 6.54416177e+00 8.25171523e+00
 1.64094975e+01 1.73734216e+01 2.18808593e-01 1.62205168e+01
 9.15423279e+00 2.45513350e+00 9.49005469e+00 8.78353420e+00
 5.07608533e+00 9.64144309e+00 9.81723497e+00 1.22720151e+01
 1.30487409e+01 1.67645983e+01 7.37920972e+00 1.15625330e+01
 9.10210568e+00 1.33055080e+01 1.07590410e+01 6.90535152e+00
 1.18152569e+01 1.13036344e+01 9.23662712e+00 6.94308557e+00
 2.90203866e+00 1.50603379e+01 1.07364216e+01 1.04821610e+01
 1.32415584e+01 6.91048325e+00 8.93970825e+00 1.63409504e+01
 1.67917902e+00 9.29208735e+00 1.05115279e+01 6.14057035e+00
 9.68617299e+00 3.92768689e+00 1.35928178e+01 1.51932961e+01
 1.02092326e+01 5.25122080e+00 1.67521502e+01 7.78123777e+00
 7.89268542e+00 1.06572200e+00 1.13060897e+01 5.25981589e+00
 4.87440742e+00 1.85804293e+00 8.04636183e+00 2.33848162e-01
 1.74821949e-01 9.63398749e+00 1.64000993e+01 3.68461639e+00
 1.10043458e+01 1.73934132e+01 8.35550057e+00 9.92483748e+00
 3.14333957e-01 9.28762216e+00 1.05567797e+01 1.36708372e-01
 7.11591770e+00 1.33651731e+01 9.00589036e+00 4.97754727e+00
 1.75562002e+01 8.36388617e+00 3.14007641e+00 6.28445805e+00
 1.44241860e+01 4.68852940e+00 1.87516619e+01 5.61150343e+00
 1.43192760e+01 1.01209293e+01 1.60227587e+01 1.77800716e+01
 1.58101649e+01 3.24865071e+00]
2025-06-24 20:57:36,750 - pyswarms.single.global_best - INFO - Optimize for 100 iters with {'c1': 1.5, 'c2': 1, 'w': 0.7}
2025-06-24 20:57:37,007 - pyswarms.single.global_best - INFO - Optimization finished | best cost: 12.090000000000009, best pos: [0.05388395 1.79784712 0.28993077 0.40132454 1.57050668 1.80741179
 1.23673251 0.96996996 0.76924689 1.29940654 1.53243951 0.47434885
 0.56020425 1.69912898 1.17588095 0.20554903 0.00686144 1.79736828
 1.82158392 0.26867276 1.69304155 1.25181955 1.77130257 0.77029907
 0.02910175 0.24367207 0.62221379 1.96146166 1.62534013 1.70666449]
2025-06-24 20:57:37,011 - pyswarms.single.global_best - INFO - Optimize for 100 iters with {'c1': 1.5, 'c2': 1, 'w': 0.7}
2025-06-24 20:57:37,265 - pyswarms.single.global_best - INFO - Optimization finished | best cost: 12.090000000000009, best pos: [1.13862121 1.51852181 0.37569425 0.18804401 1.24560568 1.60217635
 0.21454528 1.67907705 1.05874493 1.89089091 1.46402926 0.42523514
 0.37272556 1.98405891 1.92853221 1.24113029 1.71799445 1.74803711
 1.71191751 0.34889782 1.72753954 1.37737977 1.91473617 0.59835176
 0.82888681 0.27914352 0.52791481 1.31007926 0.1086481  0.18590524]
2025-06-24 20:57:37,268 - pyswarms.single.global_best - INFO - Optimize for 100 iters with {'c1': 1.5, 'c2': 1, 'w': 0.7}
2025-06-24 20:57:37,516 - pyswarms.single.global_best - INFO - Optimization finished | best cost: 12.090000000000009, best pos: [0.77503118 0.28219054 1.44201323 0.62603409 0.23623349 1.38018031
 0.20481273 1.46038563 0.6096497  0.19959855 0.76181959 1.70935394
 1.04175219 0.94804207 1.32135828 0.10807274 1.26117292 1.8125891
 1.88395721 0.08907393 0.28989326 1.61871033 1.4694309  0.21227099
 1.4439684  0.80337151 1.40631892 0.78355105 1.56212179 1.81412316]
2025-07-15 10:40:18,953 - pyswarms.single.global_best - INFO - Optimize for 50 iters with {'c1': 2, 'c2': 2, 'w': 0.9}
2025-07-15 10:40:19,606 - pyswarms.single.global_best - INFO - Optimization finished | best cost: 81.3428064048506, best pos: [ 7.65905817 16.71867912 12.56390889 16.55249273 10.42274836  3.38751158
  0.39370884  2.7600238  18.43588483 10.07706777 11.18565762 17.09285499
  3.90807396 13.56551643  8.55709434  9.487844    9.47604407  8.40312875
 13.02898006 17.4139068   2.70535891  4.53805478  9.05236539 11.18686372
 10.43689875  4.63348028  7.32993163  4.32768561 18.51314199  4.39437683
 16.92478634  7.53723456 10.40507913 14.61535972 11.19876079  9.69881514
 10.0460204  12.90425562  8.51442089  4.84663121  6.29056002  9.98471712
 12.99958949  2.4184419   3.633277   10.64615135  3.67423634  4.512402
  9.87600158  5.21039226 12.10898768  7.25951246  2.92098621  3.46248727
 15.00595233 12.41722338  1.68058802 10.63594387 14.5478719  18.7816756
  9.4436224   6.61653892 15.07991552  2.41501081 12.52312602 15.36663055
  6.34646959  6.40033195 11.04926762 17.28863405  6.47153531  3.35526734
  9.62088851  6.18618798 17.41373485  1.61617051 14.44784973  0.22796416
 10.90336798 12.93608527 11.65430802  3.65664368 16.459057   16.48760716
  9.44093771  3.75144871 15.07316914 11.07613762 16.73157994  3.95792504
 13.66051433 10.28802191  2.55859274 16.59932215  7.91705546  9.36845768
  9.87384187 17.13612688 14.1471462  16.49933579  3.91519844  7.81545398
 11.40957424 13.27497341 11.73327044  8.60438142  7.74226082 17.6039379
 15.43921915 16.04529559 13.46148085 17.10288608 13.86064278 12.46699809
  0.0491765  16.12757507  8.77079686 15.89660418  0.65844411 16.7087365
  1.87570009  7.42966299  3.21356878  9.85815386  6.124763   14.0923158
 10.99267676  7.20934163  2.58101088  7.76805948  0.59819934  4.01193714
 14.91076129 10.18946667 10.06793845 13.41399587 13.45961377 10.27258879
  7.69385233  6.96285446 12.80327483 13.35192939 12.51361738  5.81780455
 13.19951709 11.02043597 10.11244569 10.56501404 16.64822951  8.92360087
  3.78329028  9.61700306 12.28126443  7.94002619 11.03969729 16.49894249
 10.58950594  6.87340171 10.53920451 11.68693495 15.19008647  0.27036686
 11.29754337  1.31108716 16.16904537 11.4016786   8.93323959  5.00814063
 10.37280384 15.96822669 16.6816788   2.32286912  1.53558203 13.50102161
 16.99414749  4.5493166   4.66953373  6.2448814  13.06091219  8.04997309
  5.33532043 11.27666858 15.88947641  5.61600957 10.38702622 15.40051188
  9.77279003  7.95356888  8.68879409 12.29794352 16.42452329 14.79217666
  0.94197309  3.86874272  7.53024454  3.13767207 11.80436854 14.86882928
  5.79068293  1.5470021   6.76707192 16.73222246 11.72460738  8.54005968
 10.51533693 16.47324772 13.64536188  5.27454761 11.28730024 10.57297686
 11.68579837  9.91679004  6.50500468  6.49413376 13.12167686  5.32573023
 11.73370768  0.21440857 12.61981482  5.92470416  9.81527412  7.20939919
  4.09712234 13.77113761 16.73591197 18.52855904 11.9820993   1.38667009
 14.30477033 10.2202681  15.25912225  9.95789281 16.92645413  0.54557279
  9.39508902 11.46500638 14.69545596  1.33547858  2.33112971 16.67445331
  0.0468695   5.49659532 10.93941151 16.99223433  9.55947937 14.15884111
  0.9260469  17.06548467  7.04294932 17.22501691]
2025-07-15 10:40:19,614 - pyswarms.single.global_best - INFO - Optimize for 50 iters with {'c1': 2, 'c2': 2, 'w': 0.9}
2025-07-15 10:40:20,250 - pyswarms.single.global_best - INFO - Optimization finished | best cost: 81.22257176717179, best pos: [ 9.10195699  7.77587801  1.21560092 14.42143301 13.22551204  6.42837125
 14.5221418  10.6457654  13.98744623 16.66276087 10.27870801  1.83818772
 13.3998673   9.20189063  5.75355543 13.79700558  0.88293156  5.51497725
 15.05956808 16.12506641  9.10175667 12.3010199   6.9044827   5.11499885
  6.22023526 16.05336572 15.71499053 10.97066589 14.73472146  6.80890873
  0.92610698  1.10410923  7.85511339 13.45027814 10.29398926 11.06477397
 15.47627581  3.36486654 12.68239662  0.60344654 16.35568237 14.85785568
 10.48335186 12.23830458 13.84979699  8.84948128  8.27533372  1.23507308
  1.35767847  7.68500516 11.9502601  10.7563909  10.37802082  0.6650071
 16.32836792  7.79627612  7.29083477  0.29593441  9.65761657  0.87319949
 16.00468327  5.69897115  0.51728379  4.92502991  0.13365295 15.87947684
  1.57461317  7.80449528 11.82295409  9.03517014 12.64818551 14.40633372
  2.66311151 10.63049461 17.10891932  9.94611456  3.95541211  8.62081942
  4.10708923 12.44806129  4.89888821 15.59529661 10.66709937 12.3406211
  9.94679107  1.77381505 12.59213397  6.6438363   3.8063896  12.45333724
  9.02755035 17.40792253  8.58757774 10.70797299  2.36059034  7.84813107
  1.77051481  2.31911613  7.9432995   5.64183216 12.68890863 12.61150331
  5.35604863 13.058283   11.11223193  6.94043306 13.85455608  1.30293113
 15.95551117 14.37328474  2.97683358 14.1203597   7.59451502 15.78866162
  8.029793   14.10427928  1.55067706 14.15970009 18.87051794  4.41178819
  4.61800359  8.38091932  8.50126317 13.88455954  5.22587424  7.82480868
  9.61493957 13.28533906 16.00499624 10.43672835 14.6684929   6.49015229
  5.23477085  8.85939712  7.76031443  4.9968398   4.73236476 11.28732609
 11.569693    2.87883511  8.46533653 15.13039465  9.99421515 11.34779524
  5.51230089 16.28218192 18.56068882 17.68553441 13.93989795  0.74554578
 16.14150523 17.31033792 10.49415224  3.59928969  3.3497863   8.29423297
  7.21190655  4.93538084 11.13594559 11.30333582 16.51767735  3.08820628
 12.75594696 13.32340436 10.97083647 10.05332911  5.01924344 10.23642015
 18.27507976 14.4115396  11.3845889  13.43161062 11.05555669  4.74882638
 11.82219936 10.59761979  9.85860023 10.97041327 16.3325194   2.77609017
 11.25229203 11.53585084 10.16301513  1.63338872 11.13638889  4.27399567
 13.23064982 15.31667843  9.09561305  2.30419842  9.97781605 14.07660504
  4.65273851  7.58565032  6.35912551 16.21107423  5.43818205 16.16032879
 10.54750555 13.22634161  4.56591555 14.56725819 14.94286175 11.60848749
 11.48891941 12.02964827  8.42983266  8.1130475   0.39504296 13.80443608
 11.5844292   7.56897704 16.45659813 13.22383804  8.4057665  18.01581409
  8.85554413 13.68103744 16.47181424 10.37636874 12.0463808   0.14834413
  3.81901881 18.11813292 12.37004596 10.8201775  16.05939471  7.00200621
  3.48774075  7.48813476  9.82046781 12.83843027 11.62856199 15.15087985
  5.31886598 15.14973602  1.69365438  9.99649008 15.66265827  9.39840309
 13.06265905  5.74256995  6.88937299  3.11231847 15.95023167 15.12411511
 15.42336083 16.0132105  12.73647763  9.46669847]
2025-07-15 10:40:20,256 - pyswarms.single.global_best - INFO - Optimize for 50 iters with {'c1': 2, 'c2': 2, 'w': 0.9}
2025-07-15 10:40:20,941 - pyswarms.single.global_best - INFO - Optimization finished | best cost: 82.57831501118832, best pos: [15.87867229  6.72988017  8.6926533   7.35891273  8.86322433 15.57314451
  6.49421379 15.1587801   6.56151862  8.72496329 14.32625899  7.13152857
 16.00979705 14.94760786  9.12398489 15.61264975  8.5372389   8.22913562
  0.98372668 12.39513131  3.7685906  18.45088577 12.1674506   1.2160604
  6.24649184  5.22836573 11.52699574 11.2561799   0.25748141 15.72331086
  7.87110184  5.98236646  9.06182569  1.72975656  9.12943815 15.9060779
  4.05936276 14.69271262  6.7278739  14.41470076  1.09118313  5.34025644
  6.72388786  9.24999392  3.5236191   7.42286508  5.31481692 10.95506967
 11.96103441  0.42816928 16.98874874  1.46451668 14.92600761  0.65135471
 16.205515    6.12660645 15.83141444  8.74916008 16.14967342  0.39045055
 10.6352857   6.49945377 15.70011674  7.15555343  1.1164604  16.64778374
  8.80931979  1.88601647 11.54111572 14.30767183  8.21015261 10.12079485
 14.14789947 15.47864017 13.77839726  7.33796956  9.6934273   9.77559835
  9.5296842  13.51980521 13.49994509  3.01243133 10.03069614  4.69984025
  4.79929117 15.13806018  3.06971285  3.72387356 17.76277909  8.77817662
 18.57756694  6.14628167  6.18517615 11.83022651  0.54224527  3.64811445
 17.93655963  6.81130215 17.34158826 13.06262573  8.03646484  8.61100896
 12.51675723 13.61427012  7.42380312 18.75271159  5.90298864 14.71949124
 10.68495504  0.71369774 16.75176182 15.08721142  9.15011815  6.27423306
 13.55170642  7.43244045  6.41283224 11.07447346 16.41741899  1.00335638
  3.12375077  5.49477249 13.14036227  4.4458589   2.38730238  2.46738773
 14.37729028  8.52238872 14.48816167  0.47220606 12.80723853 14.67200755
 10.45576214 13.39738296 14.03913461 10.94330993  4.34386275 15.07825789
 12.55498396 16.33113053 10.46922353 15.57209986  3.61846071  0.04168864
  7.16630012  0.63437117 12.0177714   8.9699324  10.52227572  6.89937157
 14.00530343  1.21759187 16.24776361 15.6616691  18.16510617  4.06258901
 10.78989992  1.10494947 10.1194624   0.34069471  8.05417076 11.41085756
  5.14578414  4.67646033  4.96595806  6.23786708  1.02172297  9.55616368
  6.32922646 14.14822073  9.64853297 18.82900133  3.71111121 11.58338104
  9.43309897  1.37065617  5.11953663 10.55768726  1.93697053 10.53957597
  9.35816241 10.21777725 14.07439211  7.75028393  9.47703575  3.06030016
  5.89494305 13.22126313 12.15616107 10.8982101   9.43015676  5.76699882
  5.83547244 11.17553217 13.96870639  8.75442052  9.88978546  6.61210791
  3.61147486 13.31448834  6.41854448  1.17576835  1.24051315 16.59178288
  6.44816766 17.69465315  6.14905424 13.18868296 15.99089581  2.18709522
 11.10128756  9.40887442 14.10650287  5.15139374 13.82915259  2.93518497
  1.42065996 13.57560601  9.8364818  15.19397066  5.14232918  4.76460357
  9.4039009  12.87265947  7.37002265 18.78514695  6.72755048 16.81656087
 15.59876021  0.62582946 17.15279832  7.82567826  5.31495853  9.94716138
  3.39555288  1.03638434 11.52434732 14.5007604  17.68123788 13.81203652
  1.67970005 17.77312775 15.12132086 14.1874086   0.18200008  7.92070511
  6.86543941 12.84746768  6.0480553   9.35698383]
2025-07-15 10:40:20,946 - pyswarms.single.global_best - INFO - Optimize for 50 iters with {'c1': 2, 'c2': 2, 'w': 0.9}
2025-07-15 10:40:21,598 - pyswarms.single.global_best - INFO - Optimization finished | best cost: 78.90979125869097, best pos: [1.65182340e+01 1.14494064e+01 1.12130943e+01 1.42855734e+01
 7.48987644e+00 1.47217669e+01 1.70312351e+01 8.52753967e+00
 1.63950917e+01 1.59463494e+01 1.48685677e+01 1.20337137e+01
 1.04475284e+01 1.52873899e+01 1.15596889e+01 1.30951648e+01
 1.52429734e+01 8.78320791e+00 1.86150950e+01 1.46542251e+01
 1.82974776e+01 1.47862269e+01 1.47293564e+01 1.61234857e+01
 3.22068855e+00 9.00819516e+00 1.29500837e+01 1.14436787e+01
 1.42271482e+01 6.66575276e+00 1.25272087e+01 1.12723903e+01
 3.48250668e+00 6.15720190e+00 9.59546624e+00 1.61984429e+01
 2.90353759e+00 5.76963437e+00 9.80258077e+00 1.46324900e+01
 1.47728223e+01 1.28901637e+01 1.15268492e+01 1.87568420e+01
 6.79591890e+00 1.68276154e+01 2.92329187e-01 1.54371269e+01
 1.43998717e+01 7.76063561e+00 1.76627163e+01 1.26236832e+01
 2.68592193e+00 1.12789206e+01 1.48988580e+01 1.47558756e+00
 9.63460812e+00 1.52573507e+01 1.00606194e+00 1.47440643e+01
 6.88892470e+00 1.69203410e+01 1.36895370e+01 1.44039944e+01
 3.12567188e+00 9.12838672e+00 5.77799767e+00 3.02269981e-01
 3.03230647e+00 1.44780538e+01 6.68141689e+00 8.60086140e-01
 1.79717996e+01 7.96089624e+00 1.18111530e+01 2.46629287e+00
 1.17655029e+01 1.54292826e+01 7.58914635e+00 1.45826826e+01
 1.29189352e+01 7.53834211e+00 3.17450204e+00 1.69086424e+01
 8.36176806e+00 6.83756965e+00 1.84441678e+00 1.01353219e+01
 7.97180882e+00 1.48133025e+00 1.17812115e+01 7.04698613e+00
 2.44895670e+00 8.99700168e+00 1.06858584e+01 1.34302762e+01
 6.92104793e+00 2.75705941e+00 1.03408951e+01 9.86383632e+00
 6.05945046e-01 1.63460713e+01 1.13213672e+01 1.07783025e+01
 3.36001210e+00 9.65840676e-01 1.15162761e+01 1.21904214e+01
 6.98756803e+00 1.06967402e+01 1.84997824e+00 1.01875198e+01
 1.67475440e+01 1.30069407e+01 1.31035271e+01 1.28638337e-02
 1.87983719e+00 1.35327255e+01 1.33623831e+01 3.94874262e-02
 1.06873133e+00 1.83730573e+01 1.79226366e+01 5.17633930e+00
 1.33866743e+01 7.65382193e+00 5.12366466e+00 1.50015072e+01
 9.67576108e+00 1.12901631e+01 2.42178488e+00 8.16959099e-01
 6.28722622e+00 1.30638714e+01 1.24855358e+01 3.96358935e+00
 1.74458890e+01 1.12580156e+01 1.08472008e+01 6.20704447e+00
 7.40260413e+00 8.67513225e+00 1.35415304e+01 1.48051964e+01
 1.62169177e+01 1.29979864e+01 1.52531096e+00 1.23667691e+01
 1.43254666e+01 4.46945667e+00 1.40258959e+01 8.35539039e+00
 1.34831800e+01 1.00664675e+01 7.75730328e+00 1.41878082e+01
 1.29642394e+01 2.59894600e+00 1.12189641e+01 1.43447885e+01
 1.17050496e+01 7.78831510e+00 1.44259145e+01 1.89278114e+00
 1.31058046e+01 9.57144574e+00 2.50320164e-01 9.50210498e+00
 4.50586499e+00 1.10453648e+01 3.57175119e-01 1.98051952e+00
 2.79616138e+00 1.08136435e+00 1.13358422e+01 9.84334198e+00
 1.03471280e+01 1.49807082e+01 9.36953339e+00 8.26617551e+00
 1.62929609e+01 1.86376165e+01 1.27942292e+01 1.44127460e+01
 1.09351567e+01 1.19639391e+01 1.53840841e+01 8.43766963e+00
 1.77181452e+00 5.69250957e+00 6.58209851e+00 1.24239895e+01
 6.78285655e-01 1.45820825e+01 3.15818292e+00 9.75622792e+00
 1.12119031e+01 1.48082849e+01 1.64361937e+01 5.51915882e+00
 5.33116821e+00 6.45694817e+00 1.72043570e+01 1.74247329e-01
 1.42374925e+01 9.45000462e+00 1.22442596e-01 1.31510409e+01
 4.37548432e+00 1.58782863e+00 9.34799457e+00 7.76424797e-01
 7.17717191e+00 1.81113177e-01 1.33220503e+01 1.30812524e+01
 1.75730235e+00 2.54297453e+00 1.52026261e+01 5.84796091e+00
 1.60116320e+01 1.25139797e+00 1.51938473e+01 2.60259474e+00
 1.28755093e+01 1.58916117e+01 1.22199894e+00 1.30107561e+01
 1.28919406e+01 1.01811510e+01 7.48673610e+00 3.34696066e+00
 1.00625137e+01 5.01830716e+00 3.69276633e+00 1.20108750e+01
 2.60941417e+00 1.27812817e+01 8.02275202e+00 1.59479094e+01
 1.09689844e+01 1.69329028e+01 1.58279602e+01 1.27478622e+01
 1.65329323e+01 9.07822240e+00 8.06940628e+00 1.30007756e+01
 1.24893045e+01 1.60220390e+01]
2025-07-15 10:40:21,617 - pyswarms.single.global_best - INFO - Optimize for 50 iters with {'c1': 2, 'c2': 2, 'w': 0.9}
2025-07-15 10:40:22,270 - pyswarms.single.global_best - INFO - Optimization finished | best cost: 83.19187058646412, best pos: [18.81522041  9.63416075 13.60911926 14.06078044 10.02265654 15.29366373
 15.81694047  9.08782074  1.70952791  7.88336305  6.68380859  9.73952618
  3.53934795  1.52535159  9.200983   10.30174283 15.46754737 17.14248707
 12.51120634  6.93725801  4.51627168  0.76719079  9.46442884  4.14809484
  6.420654    1.32968085  6.86697383  3.76541301  7.37117792  1.33964223
  8.95653441 15.9770612  11.28823636  8.81036003  8.77950907  8.62603783
  1.81085023 10.94037145  8.74257725  5.97251195 15.9737515   8.05227838
 12.13382725  6.96461488 13.09934518 11.91557269  7.35794462 17.19838184
 12.71411436 11.34081391 12.02555468  8.27360256 12.89682799 16.97473685
  9.7045171  17.36930092 17.37335416 10.72390467 11.53468188  6.82378982
 10.15609822 13.27073573 12.68171     2.97118788 16.0768332   5.8939149
 11.32630728  9.46745932  8.57409161 13.97073634 11.11915553  3.45942247
  0.23016427  7.82653509 15.20126833  5.45563494 14.0677574   9.29845914
 17.04223616 10.06874519 11.35794471  0.65226132  2.02166208 11.32503435
 14.65715275 13.49276057 16.40570994 17.97432577  3.36030432  7.68089199
  6.09456616 11.90556911 13.08452882  3.53978076 12.23108479 11.95000983
 15.59238636  6.36708048 15.01677229  2.37693867 10.00387091  0.97017556
 10.69462207  7.37932662  2.65925788  6.18518439 13.06175794 10.26301449
  9.80108339 11.52079479  8.18983914  7.17464363  8.7296839   6.57544923
  2.3869393   4.7735299   4.23006921 10.42590753  6.55981753  6.1109414
  1.85010312  9.65331243 15.11315822 13.05131993 11.4156145  11.07842685
 11.63713831 10.44564681 13.26677988  7.87491754 13.48143481 11.08942504
 16.66044598 17.09039672  3.98358134 15.13603734 17.22975426 10.96471273
 14.10091423 16.94684049 15.6115005   6.46221455 13.43604763  6.63177601
  0.32042083 13.94735462  5.29250986 16.8896282  18.18622514 11.60910994
 17.40961818  7.34056467 12.31406542 15.5170913   1.80373945 14.52795546
 16.06898414 14.57558743  9.44203442  8.22558422  5.12725818  0.48440011
 12.30472644 15.22358366 17.81810262 15.37745206  3.78791796  8.99836615
  0.89209192  2.6125962   8.67531909  8.68149245 17.26529037  6.83935813
 10.10924519 17.63879056  2.30142943  9.67474546 10.45282693  6.31041668
  0.13579016 13.69979253 16.25700313  6.29374818 10.76072705  6.97607623
  7.19320496  0.18832973 10.83646173 10.44313161 16.19994242 14.00663407
 17.45669237 17.26207394 13.34233682  9.02388035  2.98434068 17.01511128
  7.11542895 10.8008134   3.98715487  0.79736813  9.05153738 13.94070128
  8.21768723 14.33293522  8.48041622 13.09790888  2.26603393  1.14622332
  5.02376283  2.27194782 12.5708284   5.07783531 16.55487304 14.2081117
 13.20802836 16.5433299  15.43983886  9.29286591 13.82420372 18.56816745
 12.25905919 16.88060728 17.36685491  8.69613405  6.50177655 16.73441046
 10.98081007 16.85904773 13.03703592 10.2183062   9.56584756 10.9239438
  3.99850904  8.38264138 11.25294563  9.70233173  6.25377645 16.66042366
 15.04849581 14.23552912 11.39632258  8.54446214 10.21578891 10.82532227
 11.79340821 10.04232005  7.5195719  17.05421236]
2025-07-15 10:40:22,276 - pyswarms.single.global_best - INFO - Optimize for 50 iters with {'c1': 2, 'c2': 2, 'w': 0.9}
2025-07-15 10:40:22,971 - pyswarms.single.global_best - INFO - Optimization finished | best cost: 81.65498616702496, best pos: [ 1.78037714 12.81932685 16.48155162 12.43695155  3.81988583 12.04377022
 12.79965355 13.02071193 17.00090942 18.13944001  9.07753944 15.98291774
  8.64255718 10.92755711 10.93680035 15.14717643  2.18190132  7.1132868
  9.78735977 15.34015526 18.66727354  6.00890206 15.52136602 13.3005429
  0.55070332 12.07723626  0.7974646   3.38045778 14.64431109  8.40758398
 17.75008615  5.11294663 12.41518599  5.88399228 16.56293827 12.0017139
 14.53249439 12.99606939 10.60570451 13.12241582 14.79201291  7.41766092
  6.9441929   8.14780247 16.32498513  8.34639384 12.81728039 16.08990716
  2.78641369  8.12347535  1.87317111  0.41737526  1.34785091  3.36109384
  5.08261332 18.00497606  1.21758044  7.60161539 11.82054769 13.51614356
  3.08272898  3.20197062  6.39718956 11.93788332 15.90054422  9.09333904
  6.95863211  2.68334112 10.62876172  8.49970593 17.45286523 13.86445699
  7.38340055  7.63136677  8.30496879  1.87693805  8.88829374  9.09811941
  5.53048134  5.50152271 10.38838539 11.80815921 14.52130226 16.81042266
  0.55149381  9.86862219 11.3542     17.412588   12.77785116 15.8094454
  3.23296517  1.58181054  6.61037945 14.94796701  3.83148639 10.1125858
 14.98221575  6.42919615  1.44962459  8.3693363   2.95929504  5.11997604
 11.44116796  0.97588487 16.52590135 10.01538117 17.84293184  9.94900229
  3.54393983  9.07944119 11.94144543 10.17448753 12.94006922 16.58975475
 12.60330327  8.21196474 10.3804193   3.64031302 15.55062916  0.97834073
  6.97032376 14.48062556  1.32234922 15.25802156 12.44635181 18.68097866
  5.82002091  5.90182705 16.85105615 13.94358845 13.64252407 12.44576728
  6.93238304  8.89658756  8.08063676  9.10566405  6.90808822  0.34408838
  3.03708542 10.26085398 11.11012793 10.7888773  13.45098163  4.3932764
 13.59965631  3.51512316  5.77055027  4.34269534  1.36082902 15.0614663
  4.38705209  9.37892519  8.44148081  8.32373415  5.20993625 17.06379218
 10.98147321 10.03746495  3.35322792 15.2239115   7.75758782 10.63874932
 12.6166357   9.72912394 12.64442363  9.94760279 15.52574654  0.91173588
  5.45606586 13.52771799 10.71179252  7.53536581  6.92057079  5.01810604
 11.75783156 11.55472443 15.25806925 15.44516153  6.69284244 18.50891446
  9.32391249 10.46068886  5.4351754  11.26207066 14.83822784 16.76052295
  9.12774339 15.05956948  0.79334245 12.82742025  7.6173313  10.78330955
  5.22383641  6.22820774 15.53655596  7.86951306 14.93672714  7.48326647
 14.20070878 13.11252402  7.52898327 11.1797862  15.90784241 17.59053981
 12.73796544 11.41052706 13.28719727 11.76963342  5.79649209  3.79350821
  3.54251939  9.60811053 13.57902836  1.15111127  7.44389079 14.35574587
  7.65977558  4.88348448  5.52500012  3.46563947  7.50143559  9.03115653
  3.59480775  5.62705412  5.66024052  6.34418298  8.60894095  1.13595012
 13.44871256 10.50835229  6.20608042  3.94289525  6.45006168 18.93889638
 12.64235754  0.72278848 10.16834328 13.42208798  0.80433627  4.49246867
  0.93136356 10.05788774  9.08497925  0.21173433  9.9042122   6.50724907
 10.24694137 17.50891049 10.5329793  17.31918981]
2025-07-15 10:40:22,980 - pyswarms.single.global_best - INFO - Optimize for 50 iters with {'c1': 2, 'c2': 2, 'w': 0.9}
2025-07-15 10:40:23,649 - pyswarms.single.global_best - INFO - Optimization finished | best cost: 82.6215662209081, best pos: [12.46837303 16.77659631 12.76552861  5.05604553  7.01651493  9.06701233
 12.51238088 11.82599988 16.29895335  7.41053653  1.24117624 13.21696347
  6.71332247 15.74299425 14.4397091   1.35324194  4.7941373  12.24835972
 12.69986994 17.61018643 18.35402997  1.99691909 16.08956756 11.03499969
  4.14164469 12.00765844  1.5463399   5.44963076 15.7147532  18.98616936
 14.8476019   6.84703511 10.03736411  8.26468861 15.40798639  7.74346514
  8.49912366 14.29457356 12.13037804 12.01437976 12.00747053 14.03892279
  2.23046183  0.6191807   9.36110491  4.65407715 13.24214958  9.92710402
  3.31027897 10.02743347 13.48313389  6.95686187 12.58064816  7.54621668
  5.52082146 14.98426167 10.7346148  17.25180373  7.82847221  3.12189421
  5.65948446  2.25845872  6.64431495  8.80885104 16.6569801   7.19737484
  8.73028929  2.64804764 13.31721727  3.63834477  9.88625509  9.62049219
  2.00070816 14.64990728  8.79613957  7.37809126 12.75608362 10.58522092
 14.88174811 16.41809871 16.3540068  10.99601114  4.60612748 10.75934092
  1.41886981  2.80149857  3.28599305  1.35931219  9.1048815  11.00246851
  8.80518023 14.9303327   5.52370429 13.63491439  7.82083461 15.2407083
  8.36429673  1.53787478  9.93557258  7.63048882  7.59312734  7.08432558
 18.4184614   5.32565155  4.76249713  9.84296393 10.85887611  8.30020992
  5.96972437  9.14001972 16.68368698  0.0287011  15.44818028  5.85202899
 12.36342207 15.87540445  3.28931866 16.3174414   9.60169925  0.62070048
  8.13228166 18.36156127 14.48966072  1.11745165 18.69915635 13.79777192
 13.01471247  0.49938558  9.00603095  5.49868965 12.52892276 12.48594298
 16.76021378 12.29142171  9.31678377 10.64074696 18.7399593   0.17489709
  7.71434876  1.66985037 15.52018488  6.78451214  1.67025786  8.82616629
 14.87790688 15.15637074 15.83727622 15.76123481 10.16003284  9.5790661
  5.12392645 12.25126435 12.68316847 15.76265443  0.16098859 12.76281172
 10.32361028 15.1294511  11.57467211  4.35313856  6.19881573 10.50677728
 11.35257343 11.08253956 12.27952321 13.46286253 13.33587041  1.97236123
  0.07392556 16.15190997  0.39493878  7.69908286 15.01802894  8.79994436
  1.80282604  9.55662613 16.89204297 10.75845763 17.5612334   6.27261804
  9.09502473 13.17539472 13.49574934 13.17063763 13.68211691 10.41011069
  0.279377   13.92482528 11.77528117 15.87974735 13.06189584 12.38318887
 11.37452748 16.55309722  1.38923624  3.22943263 15.7411147   9.93183184
  8.65011153  9.07415259 17.38089947  9.73421903 16.52108895 16.23258058
 13.46246014 17.83929135  5.7511629  12.75337927  2.68761292 11.3691786
  8.52840819 13.00075205  6.48278941  7.41888362  8.22841351  8.93061552
 13.94860756  4.12600789 14.27591208 12.73155167  5.49734119  7.10703126
 14.791717    6.34832604  5.866918   14.84111624 14.06921454 13.68061468
  9.18026758 13.54263479  4.32064562  3.81105779 10.71249522 12.49371195
 17.53958881  4.50867063  3.01053742 11.08247068  9.42701104  0.74334899
 13.85507917  3.68715027  7.73812595  4.18154113  0.3823472  11.91574396
  8.31872711 13.16828154 18.87472717  9.45911419]
2025-07-15 10:40:23,654 - pyswarms.single.global_best - INFO - Optimize for 50 iters with {'c1': 2, 'c2': 2, 'w': 0.9}
2025-07-15 10:40:24,338 - pyswarms.single.global_best - INFO - Optimization finished | best cost: 81.240257871743, best pos: [8.12582477e-01 6.68510597e+00 1.04217503e+01 6.25713670e+00
 1.77293467e+01 1.49128819e+01 5.95126246e+00 1.62507617e+01
 5.61105625e+00 6.03014628e+00 1.33352458e+01 3.35940704e+00
 1.03406679e+01 9.27968672e+00 6.34455589e+00 1.08280232e+01
 1.54145905e+01 1.35214801e+01 9.52858149e+00 1.84931229e+01
 9.12349358e+00 9.75722748e+00 2.74756038e+00 4.69935591e-01
 5.86302465e+00 3.96140430e+00 8.57598443e+00 1.36383848e+00
 1.35836801e+01 1.83175424e+00 1.75725312e+01 6.67705031e+00
 1.46239075e+01 1.21104734e+01 1.07943818e+01 9.82418432e+00
 1.12534756e+01 1.12302474e+01 9.47239005e+00 1.45624309e+01
 6.77191854e+00 4.38288088e-02 1.85773053e+01 2.39249375e+00
 7.76636518e+00 1.02155888e+01 1.03694797e+01 1.82170092e+01
 8.88099808e+00 7.04069167e+00 1.41598681e+01 9.51713706e+00
 1.58942086e+01 1.26725857e+01 1.10847781e+01 1.24161634e+01
 1.30207006e+00 1.27950877e+01 1.33875707e+01 1.27473328e+01
 9.18222546e+00 2.34290107e+00 8.57797515e+00 1.34589274e+01
 7.79586063e-03 1.28252913e+01 9.73427049e+00 8.21881990e+00
 1.07844474e+01 1.63127842e+01 1.06754137e+00 1.09323955e+01
 1.69555582e+01 1.24190708e+01 6.81744825e+00 5.38250853e+00
 1.34814295e+01 1.00225441e+01 5.08660677e+00 1.40340920e+01
 6.04973879e+00 1.02952005e+01 6.91431214e+00 1.09124160e+01
 6.22280254e+00 1.63124738e+01 4.78223627e+00 8.17449610e+00
 3.06670117e+00 1.45161384e+01 3.79990942e+00 2.42571790e+00
 1.27048120e+01 5.20341099e+00 1.64226740e+01 2.12876083e+00
 7.54888130e+00 1.08026442e+01 1.44109157e+01 9.53785646e+00
 1.60889067e+01 1.09186688e+01 8.29628908e+00 1.30584872e+01
 4.67433400e+00 8.74010150e+00 1.54237738e+01 1.57488658e+00
 1.05654378e+01 1.85210290e+01 9.65845772e+00 5.22639176e+00
 7.28101789e+00 1.46092171e+01 9.55571852e-02 1.54127071e+00
 6.29870756e-01 1.06164292e+01 7.62967047e+00 1.66854672e+01
 1.36159370e+01 1.36683361e+01 5.75217521e+00 8.26060473e+00
 4.49708822e-01 3.18459666e+00 6.52698177e+00 6.79156093e+00
 1.62437532e+01 1.52879739e+01 1.29055231e+01 2.75261682e+00
 1.03665376e+01 1.72954516e+01 1.55483008e+01 7.38337349e+00
 9.21513055e+00 7.73672838e-01 5.63798648e+00 1.39162966e+00
 1.09916810e+01 1.73606469e+00 5.52002081e+00 1.04400693e+01
 1.10308801e+01 1.22846711e+01 1.41760079e+01 9.79167869e+00
 1.68169613e+01 1.72062553e+00 4.01063177e-01 8.85362465e+00
 9.98255659e+00 4.84218159e+00 1.02685501e+01 1.51130432e+01
 1.06614849e+01 4.81903257e-01 7.35745569e+00 3.59230421e+00
 1.61501689e+01 4.09358714e+00 1.15500527e+01 1.53542509e+01
 9.42174819e+00 2.18768030e-01 1.01631231e+01 1.90678287e+00
 1.19521767e+01 8.24874829e+00 4.40385675e+00 8.02108370e-01
 9.46742487e+00 9.97921043e+00 2.33137400e+00 1.41993393e+01
 1.47084843e+01 6.16130077e+00 3.68675854e+00 1.52843529e+01
 9.05364590e+00 1.39461346e+01 9.44547120e+00 7.41635782e+00
 5.47164142e-01 1.03921736e+01 1.04699648e+01 1.15225940e+01
 1.27553660e+01 5.04852543e+00 6.03184618e+00 1.59597957e+01
 4.12940475e+00 6.21654536e-01 1.82964526e+01 1.48978877e+01
 1.67187741e+01 3.54141311e-01 1.15128937e+01 1.42938493e+01
 1.27056516e+01 1.47593349e+00 1.78448755e+00 1.11294742e+01
 1.06735505e+01 1.40070017e+01 3.43719755e+00 1.56141367e+01
 1.62199223e+01 6.28796764e+00 1.20168043e+01 1.59648822e+00
 1.39688556e+01 8.54927664e+00 1.63032936e+01 1.06894273e+01
 1.89343861e+01 1.25153814e+01 3.58229197e+00 9.49585458e+00
 6.67121836e+00 3.35380287e+00 1.78219604e+01 1.10724677e+01
 1.60746105e+01 1.10204102e+01 2.92750106e+00 8.64323792e+00
 4.73520120e-01 1.04604125e+00 1.79847246e+01 1.56151110e+01
 3.02631703e+00 6.32321933e+00 4.36304113e+00 8.99741922e+00
 1.68707919e+01 3.77098184e+00 3.77516567e+00 6.19463166e+00
 1.04858960e+01 4.55767846e-01 9.33725518e+00 3.38244747e+00
 7.35839121e-01 8.97075668e+00 1.01206619e+01 2.28240414e+00
 1.84947264e+01 1.13330787e+01]
2025-07-15 10:40:24,345 - pyswarms.single.global_best - INFO - Optimize for 50 iters with {'c1': 2, 'c2': 2, 'w': 0.9}
2025-07-15 10:40:25,000 - pyswarms.single.global_best - INFO - Optimization finished | best cost: 82.23073242398547, best pos: [11.07463063 13.70827635 13.43976027 11.5236337  13.91746757  6.69784801
 15.53658376  8.72173539  9.85020106  4.80324923 13.746676   10.73574505
  6.40476689  7.36614215  1.79881939  5.98571616  7.54751247  9.44618597
  9.40280488 17.05124912 10.72488395 11.55960756  6.81537455 12.7110712
 10.84077595  1.28548101 10.53492894 10.57040936 11.04093793  5.52790191
 10.01829309 16.58074362 17.1189555   5.9349483  16.93644657 17.51438326
 16.47329315 12.8835014   1.52728986 14.28381633 17.05777083 15.00006951
 16.05515641 15.93895261 12.99196619 11.04730087 12.99184839 13.7072866
 18.24826827  8.5196656  15.1462679   1.47584719  9.15288412  2.05860878
  5.52259213 16.5297832   1.04531332 15.27213633 16.36806969 12.27318788
 14.35583598 11.67223028  4.02539637  1.04048912  7.75220937  5.96129673
  3.79771939 13.87339335 10.49600766  6.02110706  9.30995219 11.20724447
 16.34692369  8.53339821 14.48615912 15.43647427  6.44975754 16.35631485
  0.87087821  0.53810495 10.31950877 14.16300261 15.49518159 13.54953952
 14.12244374 13.44330253 11.28668923 12.68249696  3.73212206  6.72725489
 12.20145886 10.62790448  0.75651601 10.40498803 11.86827057 10.86604194
  8.15385539 15.01005925  1.4123359  16.32826896 16.68484277  4.45905836
  6.29408442 10.56487987  9.49761479  1.21361151 15.85982313  0.39389986
 12.78002485  8.36701958 10.35220823 16.1253401   8.19870691  6.35201481
  4.03495988 14.25906004  7.84200535 11.15375157  7.07067061  4.16201443
 11.32091798  9.48084256 10.92242998 14.0476436  16.42333196 13.86246835
 10.68948057  9.90476625  5.77659887  4.31372517 10.00450515 18.88745783
 16.84157359 16.43575126 13.27825707  9.57798507  6.9397498   1.16863205
  6.92387161 14.88340193  8.89704113  4.30013827 16.80159002  4.96857159
  3.51689487  6.36524238  8.25673209 15.79562311 15.25186452  5.26406869
 15.33783665 16.04084528  3.77466395 16.58185631  1.48500178  3.63291481
  3.47993921 15.86149533 12.20158417 15.73498118  6.88079806 15.86422252
 12.1350174   9.64477086  8.94234947  9.91941699  1.15604064 11.6799851
 13.29956675  2.32261926  7.48879229 16.8631374   4.14997066  0.76932373
 15.66065726 12.61054902 16.0874257   7.54387142  7.19164312  8.22192643
 16.45288696 10.29433863  9.43118928  3.48597574 15.0898761  11.77453408
 17.69096494  8.66043221 10.90436543 11.16971607  5.48833266  1.30815948
  3.28304047  1.79436671 14.30624481 14.66469426  1.95549017  0.73471834
 13.50353809 17.02530176 14.15756348  9.02244826 10.32618249  6.61281274
  5.95614739  1.13504761 10.23900422 15.1230897   8.13412791  1.65262162
 10.71852205  5.95747169 13.47510667 10.93045011  0.83493672  7.55789579
  4.38112445 12.34059119  4.17093941 17.90464048  5.31386842 12.72989923
 12.23648539 13.19116323  3.85099748 18.38049129 13.55601135 10.46901816
  4.01330434  5.67352526 11.82864395 11.55004893  2.42144452 11.61054104
  1.38239351  4.35940042 10.50797148 10.00286653  2.81707693 12.10213387
  4.0528439  12.86840509  5.70388787 15.28660602  2.30914627 15.535702
 12.38969515  1.96826908 17.42111783  0.58575632]
2025-07-15 10:40:25,006 - pyswarms.single.global_best - INFO - Optimize for 50 iters with {'c1': 2, 'c2': 2, 'w': 0.9}
2025-07-15 10:40:25,664 - pyswarms.single.global_best - INFO - Optimization finished | best cost: 81.86411287461608, best pos: [4.89285363e+00 1.81949469e+01 1.60374751e+01 1.43983708e+01
 1.08428125e+01 1.26266896e+01 7.27013765e+00 7.96226943e+00
 1.47891488e+01 1.11933313e+01 9.27585636e+00 4.38065208e+00
 1.19104012e+01 9.71438028e+00 1.51119893e+01 1.44424739e+01
 1.47726138e+01 1.41471057e+01 2.39367995e+00 1.37675291e+01
 9.36886344e+00 6.82988417e+00 1.23567708e+01 9.69352195e+00
 2.68405964e+00 1.87415890e+00 5.51144943e+00 1.48059735e+01
 1.53152953e+00 6.63593787e+00 1.15931121e+01 1.22066374e+01
 6.26977989e+00 1.04531192e+01 1.39615798e+01 1.31371508e+01
 6.99535416e+00 3.84688830e-01 7.53135670e+00 1.61365874e+01
 1.44658873e+01 3.24683400e+00 8.02425196e-01 9.82623165e+00
 1.69378740e+01 8.49695129e+00 7.97707637e+00 1.61802840e+01
 7.66537254e+00 1.33765079e+01 1.18386507e+01 8.89535460e+00
 1.63106434e+01 1.42716932e+01 1.67883400e+01 1.15431283e+01
 5.25810897e+00 8.63037793e+00 9.56811326e+00 1.50546342e+01
 3.04592382e+00 6.67690723e+00 7.62626903e+00 5.11252794e+00
 1.17785349e+01 7.32520975e+00 5.74146446e+00 2.37420037e+00
 1.55077976e+01 1.12126928e+01 3.87619293e+00 2.70326677e+00
 1.65452705e+00 9.84739114e+00 9.09007351e-01 1.06593400e+01
 1.29590120e+01 7.55502537e+00 1.48174512e+01 5.91943552e+00
 1.59521015e+01 1.01621995e+01 1.53032234e+01 1.50809931e+01
 1.12732010e+01 8.72472731e+00 1.57225587e+01 1.66609390e+00
 1.03663435e+01 8.97066993e+00 6.83306775e+00 1.09509536e+01
 3.87852409e+00 1.05553454e-01 1.67265643e+01 1.50283049e+01
 1.07005401e+01 7.92206041e+00 2.54103786e+00 1.89038175e+01
 3.51246303e+00 3.85338780e+00 1.31181310e+00 8.03284062e+00
 4.36037397e+00 4.40202624e+00 6.15685340e+00 6.11438049e+00
 1.24484445e+01 7.64878834e+00 1.09292529e+01 1.68940055e+01
 6.99411166e+00 1.00409234e+01 5.69985864e+00 1.72970892e+00
 1.69962972e+01 8.60916493e+00 9.38792523e+00 8.17830367e+00
 5.00997326e+00 1.80703712e+00 9.14388367e+00 9.60189511e+00
 1.75947293e+01 5.83329262e+00 1.50426590e+01 2.81064944e+00
 1.33299604e+01 1.05436454e+01 3.61954146e-02 1.64316176e+01
 1.42353036e+01 9.08058035e+00 1.32739842e+01 1.11455326e+01
 1.01820165e+01 5.73737424e+00 7.61435613e+00 1.14035439e+01
 1.07630931e+01 1.08515150e+01 1.45972224e+01 4.85626343e+00
 2.45946300e+00 1.69068630e+01 1.09306492e+00 1.34018243e+00
 6.64216928e+00 5.30942221e+00 8.43160521e+00 1.47303739e+01
 6.62279152e+00 1.08553615e-02 5.35745838e+00 1.75809027e+01
 3.39352880e+00 1.12648912e+01 1.47445459e+01 7.88246996e+00
 8.93385216e+00 1.03245243e+01 1.61574814e+01 1.07755316e+01
 1.76122351e+01 8.23337369e+00 6.54416177e+00 8.25171523e+00
 1.64094975e+01 1.73734216e+01 2.18808593e-01 1.62205168e+01
 9.15423279e+00 2.45513350e+00 9.49005469e+00 8.78353420e+00
 5.07608533e+00 9.64144309e+00 9.81723497e+00 1.22720151e+01
 1.30487409e+01 1.67645983e+01 7.37920972e+00 1.15625330e+01
 9.10210568e+00 1.33055080e+01 1.07590410e+01 6.90535152e+00
 1.18152569e+01 1.13036344e+01 9.23662712e+00 6.94308557e+00
 2.90203866e+00 1.50603379e+01 1.07364216e+01 1.04821610e+01
 1.32415584e+01 6.91048325e+00 8.93970825e+00 1.63409504e+01
 1.67917902e+00 9.29208735e+00 1.05115279e+01 6.14057035e+00
 9.68617299e+00 3.92768689e+00 1.35928178e+01 1.51932961e+01
 1.02092326e+01 5.25122080e+00 1.67521502e+01 7.78123777e+00
 7.89268542e+00 1.06572200e+00 1.13060897e+01 5.25981589e+00
 4.87440742e+00 1.85804293e+00 8.04636183e+00 2.33848162e-01
 1.74821949e-01 9.63398749e+00 1.64000993e+01 3.68461639e+00
 1.10043458e+01 1.73934132e+01 8.35550057e+00 9.92483748e+00
 3.14333957e-01 9.28762216e+00 1.05567797e+01 1.36708372e-01
 7.11591770e+00 1.33651731e+01 9.00589036e+00 4.97754727e+00
 1.75562002e+01 8.36388617e+00 3.14007641e+00 6.28445805e+00
 1.44241860e+01 4.68852940e+00 1.87516619e+01 5.61150343e+00
 1.43192760e+01 1.01209293e+01 1.60227587e+01 1.77800716e+01
 1.58101649e+01 3.24865071e+00]
2025-07-29 16:31:31,624 - pyswarms.single.global_best - INFO - Optimize for 100 iters with {'c1': 1.5, 'c2': 1, 'w': 0.7}
2025-07-29 16:31:32,178 - pyswarms.single.global_best - INFO - Optimization finished | best cost: 12.090000000000009, best pos: [0.07927047 0.60362044 1.98169755 0.25420803 0.07075416 0.76149135
 1.19055033 0.37087927 0.06596264 0.80884782 0.85347886 0.04351477
 1.51644877 0.74297058 0.21024194 0.71978998 1.84399786 0.6297182
 0.38218782 1.52970059 1.1130346  0.21021336 1.66454437 1.59419363
 1.71693674 0.25976594 1.82493704 0.50444688 1.44897164 0.9548049 ]
2025-07-29 16:31:32,184 - pyswarms.single.global_best - INFO - Optimize for 100 iters with {'c1': 1.5, 'c2': 1, 'w': 0.7}
2025-07-29 16:31:32,745 - pyswarms.single.global_best - INFO - Optimization finished | best cost: 12.090000000000009, best pos: [0.46729495 0.30711287 1.42813953 0.2599722  1.26038991 0.84526641
 0.3860397  0.30046228 1.796201   0.18467728 0.81763321 0.41059829
 1.69833507 0.77565042 0.41959608 1.46120937 1.70173613 1.94168028
 1.58766447 1.62488984 1.55356877 1.83510422 0.8860794  1.64161417
 1.31903842 0.35884331 0.04056949 0.90561245 0.55285769 0.25013656]
2025-07-29 16:31:32,752 - pyswarms.single.global_best - INFO - Optimize for 100 iters with {'c1': 1.5, 'c2': 1, 'w': 0.7}
2025-07-29 16:31:33,354 - pyswarms.single.global_best - INFO - Optimization finished | best cost: 12.090000000000009, best pos: [0.64994244 0.02571884 1.7761794  1.39256135 0.15492347 0.03235491
 0.18286835 0.78049385 1.37389213 1.22458791 0.63547384 1.04757558
 1.32177174 0.45102754 0.79238575 0.18936497 1.25656882 0.04588943
 1.27945547 0.86789165 0.7183636  1.63166742 0.17058196 1.78139922
 1.4821015  1.11359093 0.24589072 1.0002044  1.85358983 1.95074528]
2025-07-29 16:32:12,688 - pyswarms.single.global_best - INFO - Optimize for 50 iters with {'c1': 2, 'c2': 2, 'w': 0.9}
2025-07-29 16:32:13,380 - pyswarms.single.global_best - INFO - Optimization finished | best cost: 81.3428064048506, best pos: [ 7.65905817 16.71867912 12.56390889 16.55249273 10.42274836  3.38751158
  0.39370884  2.7600238  18.43588483 10.07706777 11.18565762 17.09285499
  3.90807396 13.56551643  8.55709434  9.487844    9.47604407  8.40312875
 13.02898006 17.4139068   2.70535891  4.53805478  9.05236539 11.18686372
 10.43689875  4.63348028  7.32993163  4.32768561 18.51314199  4.39437683
 16.92478634  7.53723456 10.40507913 14.61535972 11.19876079  9.69881514
 10.0460204  12.90425562  8.51442089  4.84663121  6.29056002  9.98471712
 12.99958949  2.4184419   3.633277   10.64615135  3.67423634  4.512402
  9.87600158  5.21039226 12.10898768  7.25951246  2.92098621  3.46248727
 15.00595233 12.41722338  1.68058802 10.63594387 14.5478719  18.7816756
  9.4436224   6.61653892 15.07991552  2.41501081 12.52312602 15.36663055
  6.34646959  6.40033195 11.04926762 17.28863405  6.47153531  3.35526734
  9.62088851  6.18618798 17.41373485  1.61617051 14.44784973  0.22796416
 10.90336798 12.93608527 11.65430802  3.65664368 16.459057   16.48760716
  9.44093771  3.75144871 15.07316914 11.07613762 16.73157994  3.95792504
 13.66051433 10.28802191  2.55859274 16.59932215  7.91705546  9.36845768
  9.87384187 17.13612688 14.1471462  16.49933579  3.91519844  7.81545398
 11.40957424 13.27497341 11.73327044  8.60438142  7.74226082 17.6039379
 15.43921915 16.04529559 13.46148085 17.10288608 13.86064278 12.46699809
  0.0491765  16.12757507  8.77079686 15.89660418  0.65844411 16.7087365
  1.87570009  7.42966299  3.21356878  9.85815386  6.124763   14.0923158
 10.99267676  7.20934163  2.58101088  7.76805948  0.59819934  4.01193714
 14.91076129 10.18946667 10.06793845 13.41399587 13.45961377 10.27258879
  7.69385233  6.96285446 12.80327483 13.35192939 12.51361738  5.81780455
 13.19951709 11.02043597 10.11244569 10.56501404 16.64822951  8.92360087
  3.78329028  9.61700306 12.28126443  7.94002619 11.03969729 16.49894249
 10.58950594  6.87340171 10.53920451 11.68693495 15.19008647  0.27036686
 11.29754337  1.31108716 16.16904537 11.4016786   8.93323959  5.00814063
 10.37280384 15.96822669 16.6816788   2.32286912  1.53558203 13.50102161
 16.99414749  4.5493166   4.66953373  6.2448814  13.06091219  8.04997309
  5.33532043 11.27666858 15.88947641  5.61600957 10.38702622 15.40051188
  9.77279003  7.95356888  8.68879409 12.29794352 16.42452329 14.79217666
  0.94197309  3.86874272  7.53024454  3.13767207 11.80436854 14.86882928
  5.79068293  1.5470021   6.76707192 16.73222246 11.72460738  8.54005968
 10.51533693 16.47324772 13.64536188  5.27454761 11.28730024 10.57297686
 11.68579837  9.91679004  6.50500468  6.49413376 13.12167686  5.32573023
 11.73370768  0.21440857 12.61981482  5.92470416  9.81527412  7.20939919
  4.09712234 13.77113761 16.73591197 18.52855904 11.9820993   1.38667009
 14.30477033 10.2202681  15.25912225  9.95789281 16.92645413  0.54557279
  9.39508902 11.46500638 14.69545596  1.33547858  2.33112971 16.67445331
  0.0468695   5.49659532 10.93941151 16.99223433  9.55947937 14.15884111
  0.9260469  17.06548467  7.04294932 17.22501691]
2025-07-29 16:32:13,386 - pyswarms.single.global_best - INFO - Optimize for 50 iters with {'c1': 2, 'c2': 2, 'w': 0.9}
2025-07-29 16:32:14,091 - pyswarms.single.global_best - INFO - Optimization finished | best cost: 81.22257176717179, best pos: [ 9.10195699  7.77587801  1.21560092 14.42143301 13.22551204  6.42837125
 14.5221418  10.6457654  13.98744623 16.66276087 10.27870801  1.83818772
 13.3998673   9.20189063  5.75355543 13.79700558  0.88293156  5.51497725
 15.05956808 16.12506641  9.10175667 12.3010199   6.9044827   5.11499885
  6.22023526 16.05336572 15.71499053 10.97066589 14.73472146  6.80890873
  0.92610698  1.10410923  7.85511339 13.45027814 10.29398926 11.06477397
 15.47627581  3.36486654 12.68239662  0.60344654 16.35568237 14.85785568
 10.48335186 12.23830458 13.84979699  8.84948128  8.27533372  1.23507308
  1.35767847  7.68500516 11.9502601  10.7563909  10.37802082  0.6650071
 16.32836792  7.79627612  7.29083477  0.29593441  9.65761657  0.87319949
 16.00468327  5.69897115  0.51728379  4.92502991  0.13365295 15.87947684
  1.57461317  7.80449528 11.82295409  9.03517014 12.64818551 14.40633372
  2.66311151 10.63049461 17.10891932  9.94611456  3.95541211  8.62081942
  4.10708923 12.44806129  4.89888821 15.59529661 10.66709937 12.3406211
  9.94679107  1.77381505 12.59213397  6.6438363   3.8063896  12.45333724
  9.02755035 17.40792253  8.58757774 10.70797299  2.36059034  7.84813107
  1.77051481  2.31911613  7.9432995   5.64183216 12.68890863 12.61150331
  5.35604863 13.058283   11.11223193  6.94043306 13.85455608  1.30293113
 15.95551117 14.37328474  2.97683358 14.1203597   7.59451502 15.78866162
  8.029793   14.10427928  1.55067706 14.15970009 18.87051794  4.41178819
  4.61800359  8.38091932  8.50126317 13.88455954  5.22587424  7.82480868
  9.61493957 13.28533906 16.00499624 10.43672835 14.6684929   6.49015229
  5.23477085  8.85939712  7.76031443  4.9968398   4.73236476 11.28732609
 11.569693    2.87883511  8.46533653 15.13039465  9.99421515 11.34779524
  5.51230089 16.28218192 18.56068882 17.68553441 13.93989795  0.74554578
 16.14150523 17.31033792 10.49415224  3.59928969  3.3497863   8.29423297
  7.21190655  4.93538084 11.13594559 11.30333582 16.51767735  3.08820628
 12.75594696 13.32340436 10.97083647 10.05332911  5.01924344 10.23642015
 18.27507976 14.4115396  11.3845889  13.43161062 11.05555669  4.74882638
 11.82219936 10.59761979  9.85860023 10.97041327 16.3325194   2.77609017
 11.25229203 11.53585084 10.16301513  1.63338872 11.13638889  4.27399567
 13.23064982 15.31667843  9.09561305  2.30419842  9.97781605 14.07660504
  4.65273851  7.58565032  6.35912551 16.21107423  5.43818205 16.16032879
 10.54750555 13.22634161  4.56591555 14.56725819 14.94286175 11.60848749
 11.48891941 12.02964827  8.42983266  8.1130475   0.39504296 13.80443608
 11.5844292   7.56897704 16.45659813 13.22383804  8.4057665  18.01581409
  8.85554413 13.68103744 16.47181424 10.37636874 12.0463808   0.14834413
  3.81901881 18.11813292 12.37004596 10.8201775  16.05939471  7.00200621
  3.48774075  7.48813476  9.82046781 12.83843027 11.62856199 15.15087985
  5.31886598 15.14973602  1.69365438  9.99649008 15.66265827  9.39840309
 13.06265905  5.74256995  6.88937299  3.11231847 15.95023167 15.12411511
 15.42336083 16.0132105  12.73647763  9.46669847]
2025-07-29 16:32:14,097 - pyswarms.single.global_best - INFO - Optimize for 50 iters with {'c1': 2, 'c2': 2, 'w': 0.9}
2025-07-29 16:32:14,760 - pyswarms.single.global_best - INFO - Optimization finished | best cost: 82.57831501118832, best pos: [15.87867229  6.72988017  8.6926533   7.35891273  8.86322433 15.57314451
  6.49421379 15.1587801   6.56151862  8.72496329 14.32625899  7.13152857
 16.00979705 14.94760786  9.12398489 15.61264975  8.5372389   8.22913562
  0.98372668 12.39513131  3.7685906  18.45088577 12.1674506   1.2160604
  6.24649184  5.22836573 11.52699574 11.2561799   0.25748141 15.72331086
  7.87110184  5.98236646  9.06182569  1.72975656  9.12943815 15.9060779
  4.05936276 14.69271262  6.7278739  14.41470076  1.09118313  5.34025644
  6.72388786  9.24999392  3.5236191   7.42286508  5.31481692 10.95506967
 11.96103441  0.42816928 16.98874874  1.46451668 14.92600761  0.65135471
 16.205515    6.12660645 15.83141444  8.74916008 16.14967342  0.39045055
 10.6352857   6.49945377 15.70011674  7.15555343  1.1164604  16.64778374
  8.80931979  1.88601647 11.54111572 14.30767183  8.21015261 10.12079485
 14.14789947 15.47864017 13.77839726  7.33796956  9.6934273   9.77559835
  9.5296842  13.51980521 13.49994509  3.01243133 10.03069614  4.69984025
  4.79929117 15.13806018  3.06971285  3.72387356 17.76277909  8.77817662
 18.57756694  6.14628167  6.18517615 11.83022651  0.54224527  3.64811445
 17.93655963  6.81130215 17.34158826 13.06262573  8.03646484  8.61100896
 12.51675723 13.61427012  7.42380312 18.75271159  5.90298864 14.71949124
 10.68495504  0.71369774 16.75176182 15.08721142  9.15011815  6.27423306
 13.55170642  7.43244045  6.41283224 11.07447346 16.41741899  1.00335638
  3.12375077  5.49477249 13.14036227  4.4458589   2.38730238  2.46738773
 14.37729028  8.52238872 14.48816167  0.47220606 12.80723853 14.67200755
 10.45576214 13.39738296 14.03913461 10.94330993  4.34386275 15.07825789
 12.55498396 16.33113053 10.46922353 15.57209986  3.61846071  0.04168864
  7.16630012  0.63437117 12.0177714   8.9699324  10.52227572  6.89937157
 14.00530343  1.21759187 16.24776361 15.6616691  18.16510617  4.06258901
 10.78989992  1.10494947 10.1194624   0.34069471  8.05417076 11.41085756
  5.14578414  4.67646033  4.96595806  6.23786708  1.02172297  9.55616368
  6.32922646 14.14822073  9.64853297 18.82900133  3.71111121 11.58338104
  9.43309897  1.37065617  5.11953663 10.55768726  1.93697053 10.53957597
  9.35816241 10.21777725 14.07439211  7.75028393  9.47703575  3.06030016
  5.89494305 13.22126313 12.15616107 10.8982101   9.43015676  5.76699882
  5.83547244 11.17553217 13.96870639  8.75442052  9.88978546  6.61210791
  3.61147486 13.31448834  6.41854448  1.17576835  1.24051315 16.59178288
  6.44816766 17.69465315  6.14905424 13.18868296 15.99089581  2.18709522
 11.10128756  9.40887442 14.10650287  5.15139374 13.82915259  2.93518497
  1.42065996 13.57560601  9.8364818  15.19397066  5.14232918  4.76460357
  9.4039009  12.87265947  7.37002265 18.78514695  6.72755048 16.81656087
 15.59876021  0.62582946 17.15279832  7.82567826  5.31495853  9.94716138
  3.39555288  1.03638434 11.52434732 14.5007604  17.68123788 13.81203652
  1.67970005 17.77312775 15.12132086 14.1874086   0.18200008  7.92070511
  6.86543941 12.84746768  6.0480553   9.35698383]
2025-07-29 16:32:14,768 - pyswarms.single.global_best - INFO - Optimize for 50 iters with {'c1': 2, 'c2': 2, 'w': 0.9}
2025-07-29 16:32:15,418 - pyswarms.single.global_best - INFO - Optimization finished | best cost: 78.90979125869097, best pos: [1.65182340e+01 1.14494064e+01 1.12130943e+01 1.42855734e+01
 7.48987644e+00 1.47217669e+01 1.70312351e+01 8.52753967e+00
 1.63950917e+01 1.59463494e+01 1.48685677e+01 1.20337137e+01
 1.04475284e+01 1.52873899e+01 1.15596889e+01 1.30951648e+01
 1.52429734e+01 8.78320791e+00 1.86150950e+01 1.46542251e+01
 1.82974776e+01 1.47862269e+01 1.47293564e+01 1.61234857e+01
 3.22068855e+00 9.00819516e+00 1.29500837e+01 1.14436787e+01
 1.42271482e+01 6.66575276e+00 1.25272087e+01 1.12723903e+01
 3.48250668e+00 6.15720190e+00 9.59546624e+00 1.61984429e+01
 2.90353759e+00 5.76963437e+00 9.80258077e+00 1.46324900e+01
 1.47728223e+01 1.28901637e+01 1.15268492e+01 1.87568420e+01
 6.79591890e+00 1.68276154e+01 2.92329187e-01 1.54371269e+01
 1.43998717e+01 7.76063561e+00 1.76627163e+01 1.26236832e+01
 2.68592193e+00 1.12789206e+01 1.48988580e+01 1.47558756e+00
 9.63460812e+00 1.52573507e+01 1.00606194e+00 1.47440643e+01
 6.88892470e+00 1.69203410e+01 1.36895370e+01 1.44039944e+01
 3.12567188e+00 9.12838672e+00 5.77799767e+00 3.02269981e-01
 3.03230647e+00 1.44780538e+01 6.68141689e+00 8.60086140e-01
 1.79717996e+01 7.96089624e+00 1.18111530e+01 2.46629287e+00
 1.17655029e+01 1.54292826e+01 7.58914635e+00 1.45826826e+01
 1.29189352e+01 7.53834211e+00 3.17450204e+00 1.69086424e+01
 8.36176806e+00 6.83756965e+00 1.84441678e+00 1.01353219e+01
 7.97180882e+00 1.48133025e+00 1.17812115e+01 7.04698613e+00
 2.44895670e+00 8.99700168e+00 1.06858584e+01 1.34302762e+01
 6.92104793e+00 2.75705941e+00 1.03408951e+01 9.86383632e+00
 6.05945046e-01 1.63460713e+01 1.13213672e+01 1.07783025e+01
 3.36001210e+00 9.65840676e-01 1.15162761e+01 1.21904214e+01
 6.98756803e+00 1.06967402e+01 1.84997824e+00 1.01875198e+01
 1.67475440e+01 1.30069407e+01 1.31035271e+01 1.28638337e-02
 1.87983719e+00 1.35327255e+01 1.33623831e+01 3.94874262e-02
 1.06873133e+00 1.83730573e+01 1.79226366e+01 5.17633930e+00
 1.33866743e+01 7.65382193e+00 5.12366466e+00 1.50015072e+01
 9.67576108e+00 1.12901631e+01 2.42178488e+00 8.16959099e-01
 6.28722622e+00 1.30638714e+01 1.24855358e+01 3.96358935e+00
 1.74458890e+01 1.12580156e+01 1.08472008e+01 6.20704447e+00
 7.40260413e+00 8.67513225e+00 1.35415304e+01 1.48051964e+01
 1.62169177e+01 1.29979864e+01 1.52531096e+00 1.23667691e+01
 1.43254666e+01 4.46945667e+00 1.40258959e+01 8.35539039e+00
 1.34831800e+01 1.00664675e+01 7.75730328e+00 1.41878082e+01
 1.29642394e+01 2.59894600e+00 1.12189641e+01 1.43447885e+01
 1.17050496e+01 7.78831510e+00 1.44259145e+01 1.89278114e+00
 1.31058046e+01 9.57144574e+00 2.50320164e-01 9.50210498e+00
 4.50586499e+00 1.10453648e+01 3.57175119e-01 1.98051952e+00
 2.79616138e+00 1.08136435e+00 1.13358422e+01 9.84334198e+00
 1.03471280e+01 1.49807082e+01 9.36953339e+00 8.26617551e+00
 1.62929609e+01 1.86376165e+01 1.27942292e+01 1.44127460e+01
 1.09351567e+01 1.19639391e+01 1.53840841e+01 8.43766963e+00
 1.77181452e+00 5.69250957e+00 6.58209851e+00 1.24239895e+01
 6.78285655e-01 1.45820825e+01 3.15818292e+00 9.75622792e+00
 1.12119031e+01 1.48082849e+01 1.64361937e+01 5.51915882e+00
 5.33116821e+00 6.45694817e+00 1.72043570e+01 1.74247329e-01
 1.42374925e+01 9.45000462e+00 1.22442596e-01 1.31510409e+01
 4.37548432e+00 1.58782863e+00 9.34799457e+00 7.76424797e-01
 7.17717191e+00 1.81113177e-01 1.33220503e+01 1.30812524e+01
 1.75730235e+00 2.54297453e+00 1.52026261e+01 5.84796091e+00
 1.60116320e+01 1.25139797e+00 1.51938473e+01 2.60259474e+00
 1.28755093e+01 1.58916117e+01 1.22199894e+00 1.30107561e+01
 1.28919406e+01 1.01811510e+01 7.48673610e+00 3.34696066e+00
 1.00625137e+01 5.01830716e+00 3.69276633e+00 1.20108750e+01
 2.60941417e+00 1.27812817e+01 8.02275202e+00 1.59479094e+01
 1.09689844e+01 1.69329028e+01 1.58279602e+01 1.27478622e+01
 1.65329323e+01 9.07822240e+00 8.06940628e+00 1.30007756e+01
 1.24893045e+01 1.60220390e+01]
2025-07-29 16:32:15,424 - pyswarms.single.global_best - INFO - Optimize for 50 iters with {'c1': 2, 'c2': 2, 'w': 0.9}
2025-07-29 16:32:16,076 - pyswarms.single.global_best - INFO - Optimization finished | best cost: 83.19187058646412, best pos: [18.81522041  9.63416075 13.60911926 14.06078044 10.02265654 15.29366373
 15.81694047  9.08782074  1.70952791  7.88336305  6.68380859  9.73952618
  3.53934795  1.52535159  9.200983   10.30174283 15.46754737 17.14248707
 12.51120634  6.93725801  4.51627168  0.76719079  9.46442884  4.14809484
  6.420654    1.32968085  6.86697383  3.76541301  7.37117792  1.33964223
  8.95653441 15.9770612  11.28823636  8.81036003  8.77950907  8.62603783
  1.81085023 10.94037145  8.74257725  5.97251195 15.9737515   8.05227838
 12.13382725  6.96461488 13.09934518 11.91557269  7.35794462 17.19838184
 12.71411436 11.34081391 12.02555468  8.27360256 12.89682799 16.97473685
  9.7045171  17.36930092 17.37335416 10.72390467 11.53468188  6.82378982
 10.15609822 13.27073573 12.68171     2.97118788 16.0768332   5.8939149
 11.32630728  9.46745932  8.57409161 13.97073634 11.11915553  3.45942247
  0.23016427  7.82653509 15.20126833  5.45563494 14.0677574   9.29845914
 17.04223616 10.06874519 11.35794471  0.65226132  2.02166208 11.32503435
 14.65715275 13.49276057 16.40570994 17.97432577  3.36030432  7.68089199
  6.09456616 11.90556911 13.08452882  3.53978076 12.23108479 11.95000983
 15.59238636  6.36708048 15.01677229  2.37693867 10.00387091  0.97017556
 10.69462207  7.37932662  2.65925788  6.18518439 13.06175794 10.26301449
  9.80108339 11.52079479  8.18983914  7.17464363  8.7296839   6.57544923
  2.3869393   4.7735299   4.23006921 10.42590753  6.55981753  6.1109414
  1.85010312  9.65331243 15.11315822 13.05131993 11.4156145  11.07842685
 11.63713831 10.44564681 13.26677988  7.87491754 13.48143481 11.08942504
 16.66044598 17.09039672  3.98358134 15.13603734 17.22975426 10.96471273
 14.10091423 16.94684049 15.6115005   6.46221455 13.43604763  6.63177601
  0.32042083 13.94735462  5.29250986 16.8896282  18.18622514 11.60910994
 17.40961818  7.34056467 12.31406542 15.5170913   1.80373945 14.52795546
 16.06898414 14.57558743  9.44203442  8.22558422  5.12725818  0.48440011
 12.30472644 15.22358366 17.81810262 15.37745206  3.78791796  8.99836615
  0.89209192  2.6125962   8.67531909  8.68149245 17.26529037  6.83935813
 10.10924519 17.63879056  2.30142943  9.67474546 10.45282693  6.31041668
  0.13579016 13.69979253 16.25700313  6.29374818 10.76072705  6.97607623
  7.19320496  0.18832973 10.83646173 10.44313161 16.19994242 14.00663407
 17.45669237 17.26207394 13.34233682  9.02388035  2.98434068 17.01511128
  7.11542895 10.8008134   3.98715487  0.79736813  9.05153738 13.94070128
  8.21768723 14.33293522  8.48041622 13.09790888  2.26603393  1.14622332
  5.02376283  2.27194782 12.5708284   5.07783531 16.55487304 14.2081117
 13.20802836 16.5433299  15.43983886  9.29286591 13.82420372 18.56816745
 12.25905919 16.88060728 17.36685491  8.69613405  6.50177655 16.73441046
 10.98081007 16.85904773 13.03703592 10.2183062   9.56584756 10.9239438
  3.99850904  8.38264138 11.25294563  9.70233173  6.25377645 16.66042366
 15.04849581 14.23552912 11.39632258  8.54446214 10.21578891 10.82532227
 11.79340821 10.04232005  7.5195719  17.05421236]
2025-07-29 16:32:16,085 - pyswarms.single.global_best - INFO - Optimize for 50 iters with {'c1': 2, 'c2': 2, 'w': 0.9}
2025-07-29 16:32:16,723 - pyswarms.single.global_best - INFO - Optimization finished | best cost: 81.65498616702496, best pos: [ 1.78037714 12.81932685 16.48155162 12.43695155  3.81988583 12.04377022
 12.79965355 13.02071193 17.00090942 18.13944001  9.07753944 15.98291774
  8.64255718 10.92755711 10.93680035 15.14717643  2.18190132  7.1132868
  9.78735977 15.34015526 18.66727354  6.00890206 15.52136602 13.3005429
  0.55070332 12.07723626  0.7974646   3.38045778 14.64431109  8.40758398
 17.75008615  5.11294663 12.41518599  5.88399228 16.56293827 12.0017139
 14.53249439 12.99606939 10.60570451 13.12241582 14.79201291  7.41766092
  6.9441929   8.14780247 16.32498513  8.34639384 12.81728039 16.08990716
  2.78641369  8.12347535  1.87317111  0.41737526  1.34785091  3.36109384
  5.08261332 18.00497606  1.21758044  7.60161539 11.82054769 13.51614356
  3.08272898  3.20197062  6.39718956 11.93788332 15.90054422  9.09333904
  6.95863211  2.68334112 10.62876172  8.49970593 17.45286523 13.86445699
  7.38340055  7.63136677  8.30496879  1.87693805  8.88829374  9.09811941
  5.53048134  5.50152271 10.38838539 11.80815921 14.52130226 16.81042266
  0.55149381  9.86862219 11.3542     17.412588   12.77785116 15.8094454
  3.23296517  1.58181054  6.61037945 14.94796701  3.83148639 10.1125858
 14.98221575  6.42919615  1.44962459  8.3693363   2.95929504  5.11997604
 11.44116796  0.97588487 16.52590135 10.01538117 17.84293184  9.94900229
  3.54393983  9.07944119 11.94144543 10.17448753 12.94006922 16.58975475
 12.60330327  8.21196474 10.3804193   3.64031302 15.55062916  0.97834073
  6.97032376 14.48062556  1.32234922 15.25802156 12.44635181 18.68097866
  5.82002091  5.90182705 16.85105615 13.94358845 13.64252407 12.44576728
  6.93238304  8.89658756  8.08063676  9.10566405  6.90808822  0.34408838
  3.03708542 10.26085398 11.11012793 10.7888773  13.45098163  4.3932764
 13.59965631  3.51512316  5.77055027  4.34269534  1.36082902 15.0614663
  4.38705209  9.37892519  8.44148081  8.32373415  5.20993625 17.06379218
 10.98147321 10.03746495  3.35322792 15.2239115   7.75758782 10.63874932
 12.6166357   9.72912394 12.64442363  9.94760279 15.52574654  0.91173588
  5.45606586 13.52771799 10.71179252  7.53536581  6.92057079  5.01810604
 11.75783156 11.55472443 15.25806925 15.44516153  6.69284244 18.50891446
  9.32391249 10.46068886  5.4351754  11.26207066 14.83822784 16.76052295
  9.12774339 15.05956948  0.79334245 12.82742025  7.6173313  10.78330955
  5.22383641  6.22820774 15.53655596  7.86951306 14.93672714  7.48326647
 14.20070878 13.11252402  7.52898327 11.1797862  15.90784241 17.59053981
 12.73796544 11.41052706 13.28719727 11.76963342  5.79649209  3.79350821
  3.54251939  9.60811053 13.57902836  1.15111127  7.44389079 14.35574587
  7.65977558  4.88348448  5.52500012  3.46563947  7.50143559  9.03115653
  3.59480775  5.62705412  5.66024052  6.34418298  8.60894095  1.13595012
 13.44871256 10.50835229  6.20608042  3.94289525  6.45006168 18.93889638
 12.64235754  0.72278848 10.16834328 13.42208798  0.80433627  4.49246867
  0.93136356 10.05788774  9.08497925  0.21173433  9.9042122   6.50724907
 10.24694137 17.50891049 10.5329793  17.31918981]
2025-07-29 16:32:16,731 - pyswarms.single.global_best - INFO - Optimize for 50 iters with {'c1': 2, 'c2': 2, 'w': 0.9}
2025-07-29 16:32:17,420 - pyswarms.single.global_best - INFO - Optimization finished | best cost: 82.6215662209081, best pos: [12.46837303 16.77659631 12.76552861  5.05604553  7.01651493  9.06701233
 12.51238088 11.82599988 16.29895335  7.41053653  1.24117624 13.21696347
  6.71332247 15.74299425 14.4397091   1.35324194  4.7941373  12.24835972
 12.69986994 17.61018643 18.35402997  1.99691909 16.08956756 11.03499969
  4.14164469 12.00765844  1.5463399   5.44963076 15.7147532  18.98616936
 14.8476019   6.84703511 10.03736411  8.26468861 15.40798639  7.74346514
  8.49912366 14.29457356 12.13037804 12.01437976 12.00747053 14.03892279
  2.23046183  0.6191807   9.36110491  4.65407715 13.24214958  9.92710402
  3.31027897 10.02743347 13.48313389  6.95686187 12.58064816  7.54621668
  5.52082146 14.98426167 10.7346148  17.25180373  7.82847221  3.12189421
  5.65948446  2.25845872  6.64431495  8.80885104 16.6569801   7.19737484
  8.73028929  2.64804764 13.31721727  3.63834477  9.88625509  9.62049219
  2.00070816 14.64990728  8.79613957  7.37809126 12.75608362 10.58522092
 14.88174811 16.41809871 16.3540068  10.99601114  4.60612748 10.75934092
  1.41886981  2.80149857  3.28599305  1.35931219  9.1048815  11.00246851
  8.80518023 14.9303327   5.52370429 13.63491439  7.82083461 15.2407083
  8.36429673  1.53787478  9.93557258  7.63048882  7.59312734  7.08432558
 18.4184614   5.32565155  4.76249713  9.84296393 10.85887611  8.30020992
  5.96972437  9.14001972 16.68368698  0.0287011  15.44818028  5.85202899
 12.36342207 15.87540445  3.28931866 16.3174414   9.60169925  0.62070048
  8.13228166 18.36156127 14.48966072  1.11745165 18.69915635 13.79777192
 13.01471247  0.49938558  9.00603095  5.49868965 12.52892276 12.48594298
 16.76021378 12.29142171  9.31678377 10.64074696 18.7399593   0.17489709
  7.71434876  1.66985037 15.52018488  6.78451214  1.67025786  8.82616629
 14.87790688 15.15637074 15.83727622 15.76123481 10.16003284  9.5790661
  5.12392645 12.25126435 12.68316847 15.76265443  0.16098859 12.76281172
 10.32361028 15.1294511  11.57467211  4.35313856  6.19881573 10.50677728
 11.35257343 11.08253956 12.27952321 13.46286253 13.33587041  1.97236123
  0.07392556 16.15190997  0.39493878  7.69908286 15.01802894  8.79994436
  1.80282604  9.55662613 16.89204297 10.75845763 17.5612334   6.27261804
  9.09502473 13.17539472 13.49574934 13.17063763 13.68211691 10.41011069
  0.279377   13.92482528 11.77528117 15.87974735 13.06189584 12.38318887
 11.37452748 16.55309722  1.38923624  3.22943263 15.7411147   9.93183184
  8.65011153  9.07415259 17.38089947  9.73421903 16.52108895 16.23258058
 13.46246014 17.83929135  5.7511629  12.75337927  2.68761292 11.3691786
  8.52840819 13.00075205  6.48278941  7.41888362  8.22841351  8.93061552
 13.94860756  4.12600789 14.27591208 12.73155167  5.49734119  7.10703126
 14.791717    6.34832604  5.866918   14.84111624 14.06921454 13.68061468
  9.18026758 13.54263479  4.32064562  3.81105779 10.71249522 12.49371195
 17.53958881  4.50867063  3.01053742 11.08247068  9.42701104  0.74334899
 13.85507917  3.68715027  7.73812595  4.18154113  0.3823472  11.91574396
  8.31872711 13.16828154 18.87472717  9.45911419]
2025-07-29 16:32:17,429 - pyswarms.single.global_best - INFO - Optimize for 50 iters with {'c1': 2, 'c2': 2, 'w': 0.9}
2025-07-29 16:32:18,084 - pyswarms.single.global_best - INFO - Optimization finished | best cost: 81.240257871743, best pos: [8.12582477e-01 6.68510597e+00 1.04217503e+01 6.25713670e+00
 1.77293467e+01 1.49128819e+01 5.95126246e+00 1.62507617e+01
 5.61105625e+00 6.03014628e+00 1.33352458e+01 3.35940704e+00
 1.03406679e+01 9.27968672e+00 6.34455589e+00 1.08280232e+01
 1.54145905e+01 1.35214801e+01 9.52858149e+00 1.84931229e+01
 9.12349358e+00 9.75722748e+00 2.74756038e+00 4.69935591e-01
 5.86302465e+00 3.96140430e+00 8.57598443e+00 1.36383848e+00
 1.35836801e+01 1.83175424e+00 1.75725312e+01 6.67705031e+00
 1.46239075e+01 1.21104734e+01 1.07943818e+01 9.82418432e+00
 1.12534756e+01 1.12302474e+01 9.47239005e+00 1.45624309e+01
 6.77191854e+00 4.38288088e-02 1.85773053e+01 2.39249375e+00
 7.76636518e+00 1.02155888e+01 1.03694797e+01 1.82170092e+01
 8.88099808e+00 7.04069167e+00 1.41598681e+01 9.51713706e+00
 1.58942086e+01 1.26725857e+01 1.10847781e+01 1.24161634e+01
 1.30207006e+00 1.27950877e+01 1.33875707e+01 1.27473328e+01
 9.18222546e+00 2.34290107e+00 8.57797515e+00 1.34589274e+01
 7.79586063e-03 1.28252913e+01 9.73427049e+00 8.21881990e+00
 1.07844474e+01 1.63127842e+01 1.06754137e+00 1.09323955e+01
 1.69555582e+01 1.24190708e+01 6.81744825e+00 5.38250853e+00
 1.34814295e+01 1.00225441e+01 5.08660677e+00 1.40340920e+01
 6.04973879e+00 1.02952005e+01 6.91431214e+00 1.09124160e+01
 6.22280254e+00 1.63124738e+01 4.78223627e+00 8.17449610e+00
 3.06670117e+00 1.45161384e+01 3.79990942e+00 2.42571790e+00
 1.27048120e+01 5.20341099e+00 1.64226740e+01 2.12876083e+00
 7.54888130e+00 1.08026442e+01 1.44109157e+01 9.53785646e+00
 1.60889067e+01 1.09186688e+01 8.29628908e+00 1.30584872e+01
 4.67433400e+00 8.74010150e+00 1.54237738e+01 1.57488658e+00
 1.05654378e+01 1.85210290e+01 9.65845772e+00 5.22639176e+00
 7.28101789e+00 1.46092171e+01 9.55571852e-02 1.54127071e+00
 6.29870756e-01 1.06164292e+01 7.62967047e+00 1.66854672e+01
 1.36159370e+01 1.36683361e+01 5.75217521e+00 8.26060473e+00
 4.49708822e-01 3.18459666e+00 6.52698177e+00 6.79156093e+00
 1.62437532e+01 1.52879739e+01 1.29055231e+01 2.75261682e+00
 1.03665376e+01 1.72954516e+01 1.55483008e+01 7.38337349e+00
 9.21513055e+00 7.73672838e-01 5.63798648e+00 1.39162966e+00
 1.09916810e+01 1.73606469e+00 5.52002081e+00 1.04400693e+01
 1.10308801e+01 1.22846711e+01 1.41760079e+01 9.79167869e+00
 1.68169613e+01 1.72062553e+00 4.01063177e-01 8.85362465e+00
 9.98255659e+00 4.84218159e+00 1.02685501e+01 1.51130432e+01
 1.06614849e+01 4.81903257e-01 7.35745569e+00 3.59230421e+00
 1.61501689e+01 4.09358714e+00 1.15500527e+01 1.53542509e+01
 9.42174819e+00 2.18768030e-01 1.01631231e+01 1.90678287e+00
 1.19521767e+01 8.24874829e+00 4.40385675e+00 8.02108370e-01
 9.46742487e+00 9.97921043e+00 2.33137400e+00 1.41993393e+01
 1.47084843e+01 6.16130077e+00 3.68675854e+00 1.52843529e+01
 9.05364590e+00 1.39461346e+01 9.44547120e+00 7.41635782e+00
 5.47164142e-01 1.03921736e+01 1.04699648e+01 1.15225940e+01
 1.27553660e+01 5.04852543e+00 6.03184618e+00 1.59597957e+01
 4.12940475e+00 6.21654536e-01 1.82964526e+01 1.48978877e+01
 1.67187741e+01 3.54141311e-01 1.15128937e+01 1.42938493e+01
 1.27056516e+01 1.47593349e+00 1.78448755e+00 1.11294742e+01
 1.06735505e+01 1.40070017e+01 3.43719755e+00 1.56141367e+01
 1.62199223e+01 6.28796764e+00 1.20168043e+01 1.59648822e+00
 1.39688556e+01 8.54927664e+00 1.63032936e+01 1.06894273e+01
 1.89343861e+01 1.25153814e+01 3.58229197e+00 9.49585458e+00
 6.67121836e+00 3.35380287e+00 1.78219604e+01 1.10724677e+01
 1.60746105e+01 1.10204102e+01 2.92750106e+00 8.64323792e+00
 4.73520120e-01 1.04604125e+00 1.79847246e+01 1.56151110e+01
 3.02631703e+00 6.32321933e+00 4.36304113e+00 8.99741922e+00
 1.68707919e+01 3.77098184e+00 3.77516567e+00 6.19463166e+00
 1.04858960e+01 4.55767846e-01 9.33725518e+00 3.38244747e+00
 7.35839121e-01 8.97075668e+00 1.01206619e+01 2.28240414e+00
 1.84947264e+01 1.13330787e+01]
2025-07-29 16:32:18,099 - pyswarms.single.global_best - INFO - Optimize for 50 iters with {'c1': 2, 'c2': 2, 'w': 0.9}
2025-07-29 16:32:18,772 - pyswarms.single.global_best - INFO - Optimization finished | best cost: 82.23073242398547, best pos: [11.07463063 13.70827635 13.43976027 11.5236337  13.91746757  6.69784801
 15.53658376  8.72173539  9.85020106  4.80324923 13.746676   10.73574505
  6.40476689  7.36614215  1.79881939  5.98571616  7.54751247  9.44618597
  9.40280488 17.05124912 10.72488395 11.55960756  6.81537455 12.7110712
 10.84077595  1.28548101 10.53492894 10.57040936 11.04093793  5.52790191
 10.01829309 16.58074362 17.1189555   5.9349483  16.93644657 17.51438326
 16.47329315 12.8835014   1.52728986 14.28381633 17.05777083 15.00006951
 16.05515641 15.93895261 12.99196619 11.04730087 12.99184839 13.7072866
 18.24826827  8.5196656  15.1462679   1.47584719  9.15288412  2.05860878
  5.52259213 16.5297832   1.04531332 15.27213633 16.36806969 12.27318788
 14.35583598 11.67223028  4.02539637  1.04048912  7.75220937  5.96129673
  3.79771939 13.87339335 10.49600766  6.02110706  9.30995219 11.20724447
 16.34692369  8.53339821 14.48615912 15.43647427  6.44975754 16.35631485
  0.87087821  0.53810495 10.31950877 14.16300261 15.49518159 13.54953952
 14.12244374 13.44330253 11.28668923 12.68249696  3.73212206  6.72725489
 12.20145886 10.62790448  0.75651601 10.40498803 11.86827057 10.86604194
  8.15385539 15.01005925  1.4123359  16.32826896 16.68484277  4.45905836
  6.29408442 10.56487987  9.49761479  1.21361151 15.85982313  0.39389986
 12.78002485  8.36701958 10.35220823 16.1253401   8.19870691  6.35201481
  4.03495988 14.25906004  7.84200535 11.15375157  7.07067061  4.16201443
 11.32091798  9.48084256 10.92242998 14.0476436  16.42333196 13.86246835
 10.68948057  9.90476625  5.77659887  4.31372517 10.00450515 18.88745783
 16.84157359 16.43575126 13.27825707  9.57798507  6.9397498   1.16863205
  6.92387161 14.88340193  8.89704113  4.30013827 16.80159002  4.96857159
  3.51689487  6.36524238  8.25673209 15.79562311 15.25186452  5.26406869
 15.33783665 16.04084528  3.77466395 16.58185631  1.48500178  3.63291481
  3.47993921 15.86149533 12.20158417 15.73498118  6.88079806 15.86422252
 12.1350174   9.64477086  8.94234947  9.91941699  1.15604064 11.6799851
 13.29956675  2.32261926  7.48879229 16.8631374   4.14997066  0.76932373
 15.66065726 12.61054902 16.0874257   7.54387142  7.19164312  8.22192643
 16.45288696 10.29433863  9.43118928  3.48597574 15.0898761  11.77453408
 17.69096494  8.66043221 10.90436543 11.16971607  5.48833266  1.30815948
  3.28304047  1.79436671 14.30624481 14.66469426  1.95549017  0.73471834
 13.50353809 17.02530176 14.15756348  9.02244826 10.32618249  6.61281274
  5.95614739  1.13504761 10.23900422 15.1230897   8.13412791  1.65262162
 10.71852205  5.95747169 13.47510667 10.93045011  0.83493672  7.55789579
  4.38112445 12.34059119  4.17093941 17.90464048  5.31386842 12.72989923
 12.23648539 13.19116323  3.85099748 18.38049129 13.55601135 10.46901816
  4.01330434  5.67352526 11.82864395 11.55004893  2.42144452 11.61054104
  1.38239351  4.35940042 10.50797148 10.00286653  2.81707693 12.10213387
  4.0528439  12.86840509  5.70388787 15.28660602  2.30914627 15.535702
 12.38969515  1.96826908 17.42111783  0.58575632]
2025-07-29 16:32:18,778 - pyswarms.single.global_best - INFO - Optimize for 50 iters with {'c1': 2, 'c2': 2, 'w': 0.9}
2025-07-29 16:32:19,429 - pyswarms.single.global_best - INFO - Optimization finished | best cost: 81.86411287461608, best pos: [4.89285363e+00 1.81949469e+01 1.60374751e+01 1.43983708e+01
 1.08428125e+01 1.26266896e+01 7.27013765e+00 7.96226943e+00
 1.47891488e+01 1.11933313e+01 9.27585636e+00 4.38065208e+00
 1.19104012e+01 9.71438028e+00 1.51119893e+01 1.44424739e+01
 1.47726138e+01 1.41471057e+01 2.39367995e+00 1.37675291e+01
 9.36886344e+00 6.82988417e+00 1.23567708e+01 9.69352195e+00
 2.68405964e+00 1.87415890e+00 5.51144943e+00 1.48059735e+01
 1.53152953e+00 6.63593787e+00 1.15931121e+01 1.22066374e+01
 6.26977989e+00 1.04531192e+01 1.39615798e+01 1.31371508e+01
 6.99535416e+00 3.84688830e-01 7.53135670e+00 1.61365874e+01
 1.44658873e+01 3.24683400e+00 8.02425196e-01 9.82623165e+00
 1.69378740e+01 8.49695129e+00 7.97707637e+00 1.61802840e+01
 7.66537254e+00 1.33765079e+01 1.18386507e+01 8.89535460e+00
 1.63106434e+01 1.42716932e+01 1.67883400e+01 1.15431283e+01
 5.25810897e+00 8.63037793e+00 9.56811326e+00 1.50546342e+01
 3.04592382e+00 6.67690723e+00 7.62626903e+00 5.11252794e+00
 1.17785349e+01 7.32520975e+00 5.74146446e+00 2.37420037e+00
 1.55077976e+01 1.12126928e+01 3.87619293e+00 2.70326677e+00
 1.65452705e+00 9.84739114e+00 9.09007351e-01 1.06593400e+01
 1.29590120e+01 7.55502537e+00 1.48174512e+01 5.91943552e+00
 1.59521015e+01 1.01621995e+01 1.53032234e+01 1.50809931e+01
 1.12732010e+01 8.72472731e+00 1.57225587e+01 1.66609390e+00
 1.03663435e+01 8.97066993e+00 6.83306775e+00 1.09509536e+01
 3.87852409e+00 1.05553454e-01 1.67265643e+01 1.50283049e+01
 1.07005401e+01 7.92206041e+00 2.54103786e+00 1.89038175e+01
 3.51246303e+00 3.85338780e+00 1.31181310e+00 8.03284062e+00
 4.36037397e+00 4.40202624e+00 6.15685340e+00 6.11438049e+00
 1.24484445e+01 7.64878834e+00 1.09292529e+01 1.68940055e+01
 6.99411166e+00 1.00409234e+01 5.69985864e+00 1.72970892e+00
 1.69962972e+01 8.60916493e+00 9.38792523e+00 8.17830367e+00
 5.00997326e+00 1.80703712e+00 9.14388367e+00 9.60189511e+00
 1.75947293e+01 5.83329262e+00 1.50426590e+01 2.81064944e+00
 1.33299604e+01 1.05436454e+01 3.61954146e-02 1.64316176e+01
 1.42353036e+01 9.08058035e+00 1.32739842e+01 1.11455326e+01
 1.01820165e+01 5.73737424e+00 7.61435613e+00 1.14035439e+01
 1.07630931e+01 1.08515150e+01 1.45972224e+01 4.85626343e+00
 2.45946300e+00 1.69068630e+01 1.09306492e+00 1.34018243e+00
 6.64216928e+00 5.30942221e+00 8.43160521e+00 1.47303739e+01
 6.62279152e+00 1.08553615e-02 5.35745838e+00 1.75809027e+01
 3.39352880e+00 1.12648912e+01 1.47445459e+01 7.88246996e+00
 8.93385216e+00 1.03245243e+01 1.61574814e+01 1.07755316e+01
 1.76122351e+01 8.23337369e+00 6.54416177e+00 8.25171523e+00
 1.64094975e+01 1.73734216e+01 2.18808593e-01 1.62205168e+01
 9.15423279e+00 2.45513350e+00 9.49005469e+00 8.78353420e+00
 5.07608533e+00 9.64144309e+00 9.81723497e+00 1.22720151e+01
 1.30487409e+01 1.67645983e+01 7.37920972e+00 1.15625330e+01
 9.10210568e+00 1.33055080e+01 1.07590410e+01 6.90535152e+00
 1.18152569e+01 1.13036344e+01 9.23662712e+00 6.94308557e+00
 2.90203866e+00 1.50603379e+01 1.07364216e+01 1.04821610e+01
 1.32415584e+01 6.91048325e+00 8.93970825e+00 1.63409504e+01
 1.67917902e+00 9.29208735e+00 1.05115279e+01 6.14057035e+00
 9.68617299e+00 3.92768689e+00 1.35928178e+01 1.51932961e+01
 1.02092326e+01 5.25122080e+00 1.67521502e+01 7.78123777e+00
 7.89268542e+00 1.06572200e+00 1.13060897e+01 5.25981589e+00
 4.87440742e+00 1.85804293e+00 8.04636183e+00 2.33848162e-01
 1.74821949e-01 9.63398749e+00 1.64000993e+01 3.68461639e+00
 1.10043458e+01 1.73934132e+01 8.35550057e+00 9.92483748e+00
 3.14333957e-01 9.28762216e+00 1.05567797e+01 1.36708372e-01
 7.11591770e+00 1.33651731e+01 9.00589036e+00 4.97754727e+00
 1.75562002e+01 8.36388617e+00 3.14007641e+00 6.28445805e+00
 1.44241860e+01 4.68852940e+00 1.87516619e+01 5.61150343e+00
 1.43192760e+01 1.01209293e+01 1.60227587e+01 1.77800716e+01
 1.58101649e+01 3.24865071e+00]
2025-08-26 21:07:56,980 - pyswarms.single.global_best - INFO - Optimize for 50 iters with {'c1': 2, 'c2': 2, 'w': 0.9}
2025-08-26 21:08:12,992 - pyswarms.single.global_best - INFO - Optimization finished | best cost: 84.7543347578703, best pos: [16.29296959 14.18406472  3.80824189 10.11341877  0.17138386 13.53264309
  1.91261568 12.62475892  2.92318938 14.74083356 14.69754835  1.79688915
  9.71640485 13.96150287 13.46382476  5.80487563 11.29189213  8.11684235
  5.96495834  1.56910149 14.02773869  9.83731077 10.69283037 16.43089731
  6.71415099 10.65365433 11.17259375 13.46753839  2.43574706 13.12892757
 17.52396448  7.66021116 12.11032769 15.56369044  1.24667826  2.68706764
 14.64633686  7.64606355 17.15025668  1.22977335  9.27892825  6.48644405
  5.03927414  4.02495035  4.76377417  1.2276938  16.73627242 11.55848888
 10.61783304  2.53063237  9.18540833 10.4217853  13.26908829  5.91364588
 11.04010752 10.54767973  7.96831989  1.28156062  6.72047285  0.71257863
 15.22344446 15.25306419 13.97669863 17.95571656  7.20420321 18.12400789
  3.78941829  9.7026485  15.4923942   5.43207418  5.20654625  3.92422463
 14.44488609  9.06286705 13.55956397  8.80645109 10.09059809 13.6980172
  5.05899156 13.22663842  4.41866976 14.37719615  7.79416371 10.19798666
 18.02800482  1.10675482  5.35502641  3.50270321  8.01583853  6.92161908
  4.11522741 17.91675659 13.64099971  7.77469222 15.41976866  1.06222184
  8.98465961 15.46322341 12.7764654   6.85210849 14.66103793  9.9777122
 17.63645121 14.885339   15.78755495  7.25547427  9.3184329  15.80859274
 14.85986728 13.45913881 14.15510917 13.12264629 18.31377662  3.3503724
  3.91133387 15.008342   16.38272346 13.98853441 16.80112443 12.20018551
 11.35763537 16.81952362  8.0210856  15.83615288  8.32290074 14.19877891
  9.70956665 10.24657261  8.16368408  7.70254619  7.327093   11.42100527
  3.22839921  1.385215    7.53473983 14.90988402 12.8689161  13.32434496
  4.19630575 16.13216188 16.96331017 13.53300042  4.65951259  7.93694797
 12.52894514 18.86377541 12.80075754 15.20531487 13.65932091  8.70686241
  1.42061799 12.57741289  7.56436011  7.67359079 14.9096626   2.3426319
 13.77492458 18.72373355  0.35847564 16.88190341 12.17597944  7.83490967
 11.89767956  1.15868166  2.13089515 13.6474455   3.14671824  3.28186069
  6.64670058  6.91053022 10.80836553 14.72866059 18.3678023   5.00539496
 15.54178415  7.01889226  8.20066632 11.3043196   6.51081797 13.27716896
  2.53608812  3.55720667  3.61549225 18.81243732 12.58597934  1.79881506
 15.9516518  10.80585913 17.51314859 16.72051522  6.16379306 17.69706432
  9.14658423 15.19841122  6.99057703  0.02364721 16.67574059  5.30881377
 15.4933297  15.96190579  1.40579337  8.16746013  2.34120544  6.82948143
 13.35453923 13.39428073  8.35914128  1.81840005  4.41448971 18.31173528
  7.13143569 16.79725709  7.82003057  1.95918647  9.98401458 14.13397967
  5.77732908  1.91828082 13.18470261 14.84477615 10.77581331  4.97475819
 16.64867762 15.40807035  7.13352024  7.5222109   0.98705141 10.70671171
 10.95979051 11.23064719  8.00739448 16.02439401  1.26382261 14.2621622
 16.06246728  0.07692924 15.69282588 12.17180368  1.29699021 17.221231
  6.5647869  12.66944573 14.7637297   6.58642442 10.64897033 18.86082496
  8.32177945  5.5593361   3.24049761  8.11338446]
2025-08-26 21:08:13,413 - pyswarms.single.global_best - INFO - Optimize for 50 iters with {'c1': 2, 'c2': 2, 'w': 0.9}
2025-08-26 21:08:26,522 - pyswarms.single.global_best - INFO - Optimization finished | best cost: 140.68975824350812, best pos: [13.82699718  2.24353597 15.54989671  7.90551005 13.22885125  6.67386778
 15.25711843  5.94111479 13.35968613  1.43919773  8.63208995  0.57144201
  0.0685005   5.47689363  1.59048153  1.4426845  11.76858653  1.16423557
 12.86079513  0.11529693  9.7236863  15.26497255 13.30876682  6.9980385
  7.31917738 13.44115057 18.75932872 12.83925768  8.53506165 13.26704111
  1.59560313 11.98200152  0.67365223 10.18091348  2.74133313 15.62763296
  7.46926767 11.91574747 16.05974271 16.87013087 12.28837154 18.50982493
 11.0298175   7.75035049 12.71928418  7.90112678  8.55880269 11.73748334
  0.63738094  7.39108164  7.50394927 14.88777291 10.14490055  2.85018964
  8.0930246  11.64523167 10.3475859  13.79335715 13.99855311 16.73083979
  5.98043363  5.90341628 16.57541883  1.18425093  5.66566839  3.23139303
  0.39368861  0.66695108 14.3884761   2.27611306  5.58301067 11.79611269
  9.9452278   7.44652133 10.77401808 12.33227416 13.07017851 15.96089158
  4.34739663  0.7919316   9.25250829 10.29726063  7.76779197 15.34019154
 15.83562325 16.64589199  0.49885975 13.64779389  5.51353062 13.44739352
 16.33651917  4.39825005  3.67134839 14.48805247  8.60976993  2.68003749
 11.58537421  5.02830471  6.32157947 12.48440578 11.35282297  1.94486003
 10.41176496 10.64440499  7.72323223 15.56872581  7.56137256  3.60503158
 10.44380286  1.24292769 16.25722074  2.26022179 15.40524786  3.0696095
 14.09755631 17.68059715  6.96110051  6.08651769 13.08460412 17.62003984
 13.74466844  0.3594092  11.36734536  5.02059264  6.40864404  9.98647242
 16.10498543  6.05311446  6.65929086  2.41082715  8.590912    8.82734673
  8.34648042  9.87989525  6.35896859  0.42502499  6.79809081 15.61308796
  6.57195253  9.63716124  3.83343062  9.24508238 10.38913211  9.51054461
 11.51175956  7.67747895 13.34667637  0.26657922  7.32441512 16.57879422
  4.5930554  11.29788724  8.37469271 15.69166651 17.36946143 10.90299814
  3.48816234  4.59139731 13.03364482  4.09769426  7.37224393  8.55434133
  3.8875275   7.07417701  3.33626928  6.32698763  1.20467336  8.63242879
 11.09028918 12.04575196 11.45842392 10.39028307 14.0101796   4.94224392
 10.08768238  5.25335038 14.76341692  7.85940037  5.87871355  5.9039896
  6.30855236  3.29222386  8.8425606  11.37985481  3.6207272  14.08275189
 15.18574418  8.48162992  8.43105403  5.65406849  3.76921826  1.3402031
  6.44062019  4.85182733 11.03454597 17.02574386 15.95810135  1.58909555
  9.57096491 13.30974362 11.9040878  12.11893567 13.78398069 17.4047
  1.91561534 12.40577781 12.66165199  9.89503389 14.12650011  1.14788232
 16.43693084 12.49803988 14.42485398 10.54706294  1.15954776  5.49286156
  6.93484005  3.78111747 10.34727345  5.75010749  1.57970483  3.45194574
 12.06779374 17.24865235 17.29671107 16.21832072 15.74325645  5.01030018
  8.38019878 11.00256952 12.47484747 16.20929316  3.88917234  9.66471628
 15.34422472  3.27054378  6.18120624 13.86784219  9.82758091  1.85653463
 12.67660315  3.58417047  1.02689431  9.95481773  3.21544509  7.49578188
 13.60275477  3.57256146 17.74827878 10.04674302]
2025-08-26 21:08:26,770 - pyswarms.single.global_best - INFO - Optimize for 50 iters with {'c1': 2, 'c2': 2, 'w': 0.9}
2025-08-26 21:08:40,195 - pyswarms.single.global_best - INFO - Optimization finished | best cost: 1322.2327738689994, best pos: [ 1.93793876  7.81227008 15.5147822   6.55235396  5.62363557  6.82699684
  1.37976839 16.29570651  6.65927389 11.45343235  7.71192937  3.48740646
  0.66423596 10.78325766  7.12538546 10.14751771  5.15903432  3.52259092
 11.15107532 10.49938572  0.79205873  4.60333433  8.41364335  7.44047676
 12.99431474  4.40958592 13.37669694  9.22035731  8.38166245 11.0931838
  9.64160278  5.51527757  8.1908976   0.09391491 10.53831225 11.16449896
 18.292233   13.57572249 11.11464171  0.10572489 18.90283924  9.76345717
 13.43701523 12.26338176 11.56338958  7.12089188 14.43164558  5.36469301
 11.41862281  1.10591398  4.66342555 11.06194091 12.28656179 11.85149035
 15.17641104  5.11000885 16.20897046  7.55855447  8.89463141  8.18443249
  6.24860784  8.3636102  10.81361072 13.64577962  9.23114647 12.22064024
 13.06438335 12.01748978  1.6124256  10.00353962 10.2468778  16.20523056
 15.95206288  6.34956721 13.92949946  5.55698089  4.60637971 10.14767045
 10.51316337 13.32617275 13.64962956 10.14025156  5.1017993   0.9973189
  9.49924727 18.35738068  9.65521717 11.69638555 10.57460461 17.9670348
 15.25641079  7.56993052  1.71740023  8.43794198 12.87298144 11.87421862
  3.03387941  1.65090024  5.49239568 12.47219358 13.42278175  2.8109419
  7.05669755  8.60559735  9.23096812  9.75430917  3.30713464 14.22496897
  3.96128118  1.33817582 10.0911454   6.58878456 12.92238415 10.72156539
 13.83475108 10.86430408 16.30896521  6.46511103  6.79592482  5.88326331
 12.05669465  3.88526061 10.59282243 13.11586772  0.2132152  11.03311646
 17.17214651 17.57833427  0.89293466 16.56064382  8.67556902 11.73874128
  4.06189361  5.84992478 15.15390338 16.79618884  0.35895822 11.5333619
 14.23399596  9.07884568 11.81858523 11.84451684 18.01290526 17.57201156
  8.96458293 15.9094924  10.70712095  1.22961588  8.28909153  1.11998945
 14.24880343 17.49143256 11.88391859 13.24074175  4.52092761  8.69099949
  7.76432399 10.06287419  1.30355233  6.43640392  3.50821245 13.79770485
 12.07234916  5.16743958  5.70672799 14.22674586  0.09791606  0.4297785
 14.93338579 15.31628963  1.12569837 13.33218393 16.1762381   6.71033042
  2.2179221   4.38488887  7.39356426 17.03372087 15.00395943  3.48237549
 15.05945785  5.12620535  6.46392053  1.67144166 12.1143997   6.50681778
 11.58519575  9.64440454 12.6795147   2.05791205 12.77465739  9.89736653
 17.94336971  1.22129719  1.273269   11.23956862 16.15836472 15.2420176
 14.99070933  5.08440769 11.73243762 18.80384947  2.30122594  9.01512654
  8.30157523 12.86592393 11.97720518 12.96693944  3.69199457  0.11015209
 12.78567155 17.93467777 15.54902814 14.90238009  8.91397666 13.12717796
 12.47478327  3.87698972  0.30820827 17.23765543  7.93398109  7.36909875
  1.8420065   7.17110249 12.31562225  1.52594194  1.89954491 15.27889816
  8.77204802 14.94235666  7.3188729   7.71069965  6.52067086  0.9800296
 15.93293403 12.36829113  0.11206147 12.73593524 15.52743879  8.17521421
 12.70731918 16.32995419  7.87156523  4.90694624  6.40522486  5.44046291
 11.78933149  7.85734085  1.16746792  7.7219101 ]
2025-08-26 21:31:49,341 - pyswarms.single.global_best - INFO - Optimize for 50 iters with {'c1': 2, 'c2': 2, 'w': 0.9}
2025-08-26 21:31:50,094 - pyswarms.single.global_best - INFO - Optimization finished | best cost: 84.7543347578703, best pos: [16.29296959 14.18406472  3.80824189 10.11341877  0.17138386 13.53264309
  1.91261568 12.62475892  2.92318938 14.74083356 14.69754835  1.79688915
  9.71640485 13.96150287 13.46382476  5.80487563 11.29189213  8.11684235
  5.96495834  1.56910149 14.02773869  9.83731077 10.69283037 16.43089731
  6.71415099 10.65365433 11.17259375 13.46753839  2.43574706 13.12892757
 17.52396448  7.66021116 12.11032769 15.56369044  1.24667826  2.68706764
 14.64633686  7.64606355 17.15025668  1.22977335  9.27892825  6.48644405
  5.03927414  4.02495035  4.76377417  1.2276938  16.73627242 11.55848888
 10.61783304  2.53063237  9.18540833 10.4217853  13.26908829  5.91364588
 11.04010752 10.54767973  7.96831989  1.28156062  6.72047285  0.71257863
 15.22344446 15.25306419 13.97669863 17.95571656  7.20420321 18.12400789
  3.78941829  9.7026485  15.4923942   5.43207418  5.20654625  3.92422463
 14.44488609  9.06286705 13.55956397  8.80645109 10.09059809 13.6980172
  5.05899156 13.22663842  4.41866976 14.37719615  7.79416371 10.19798666
 18.02800482  1.10675482  5.35502641  3.50270321  8.01583853  6.92161908
  4.11522741 17.91675659 13.64099971  7.77469222 15.41976866  1.06222184
  8.98465961 15.46322341 12.7764654   6.85210849 14.66103793  9.9777122
 17.63645121 14.885339   15.78755495  7.25547427  9.3184329  15.80859274
 14.85986728 13.45913881 14.15510917 13.12264629 18.31377662  3.3503724
  3.91133387 15.008342   16.38272346 13.98853441 16.80112443 12.20018551
 11.35763537 16.81952362  8.0210856  15.83615288  8.32290074 14.19877891
  9.70956665 10.24657261  8.16368408  7.70254619  7.327093   11.42100527
  3.22839921  1.385215    7.53473983 14.90988402 12.8689161  13.32434496
  4.19630575 16.13216188 16.96331017 13.53300042  4.65951259  7.93694797
 12.52894514 18.86377541 12.80075754 15.20531487 13.65932091  8.70686241
  1.42061799 12.57741289  7.56436011  7.67359079 14.9096626   2.3426319
 13.77492458 18.72373355  0.35847564 16.88190341 12.17597944  7.83490967
 11.89767956  1.15868166  2.13089515 13.6474455   3.14671824  3.28186069
  6.64670058  6.91053022 10.80836553 14.72866059 18.3678023   5.00539496
 15.54178415  7.01889226  8.20066632 11.3043196   6.51081797 13.27716896
  2.53608812  3.55720667  3.61549225 18.81243732 12.58597934  1.79881506
 15.9516518  10.80585913 17.51314859 16.72051522  6.16379306 17.69706432
  9.14658423 15.19841122  6.99057703  0.02364721 16.67574059  5.30881377
 15.4933297  15.96190579  1.40579337  8.16746013  2.34120544  6.82948143
 13.35453923 13.39428073  8.35914128  1.81840005  4.41448971 18.31173528
  7.13143569 16.79725709  7.82003057  1.95918647  9.98401458 14.13397967
  5.77732908  1.91828082 13.18470261 14.84477615 10.77581331  4.97475819
 16.64867762 15.40807035  7.13352024  7.5222109   0.98705141 10.70671171
 10.95979051 11.23064719  8.00739448 16.02439401  1.26382261 14.2621622
 16.06246728  0.07692924 15.69282588 12.17180368  1.29699021 17.221231
  6.5647869  12.66944573 14.7637297   6.58642442 10.64897033 18.86082496
  8.32177945  5.5593361   3.24049761  8.11338446]
2025-08-26 21:31:50,147 - pyswarms.single.global_best - INFO - Optimize for 50 iters with {'c1': 2, 'c2': 2, 'w': 0.9}
2025-08-26 21:31:50,737 - pyswarms.single.global_best - INFO - Optimization finished | best cost: 140.68975824350812, best pos: [13.82699718  2.24353597 15.54989671  7.90551005 13.22885125  6.67386778
 15.25711843  5.94111479 13.35968613  1.43919773  8.63208995  0.57144201
  0.0685005   5.47689363  1.59048153  1.4426845  11.76858653  1.16423557
 12.86079513  0.11529693  9.7236863  15.26497255 13.30876682  6.9980385
  7.31917738 13.44115057 18.75932872 12.83925768  8.53506165 13.26704111
  1.59560313 11.98200152  0.67365223 10.18091348  2.74133313 15.62763296
  7.46926767 11.91574747 16.05974271 16.87013087 12.28837154 18.50982493
 11.0298175   7.75035049 12.71928418  7.90112678  8.55880269 11.73748334
  0.63738094  7.39108164  7.50394927 14.88777291 10.14490055  2.85018964
  8.0930246  11.64523167 10.3475859  13.79335715 13.99855311 16.73083979
  5.98043363  5.90341628 16.57541883  1.18425093  5.66566839  3.23139303
  0.39368861  0.66695108 14.3884761   2.27611306  5.58301067 11.79611269
  9.9452278   7.44652133 10.77401808 12.33227416 13.07017851 15.96089158
  4.34739663  0.7919316   9.25250829 10.29726063  7.76779197 15.34019154
 15.83562325 16.64589199  0.49885975 13.64779389  5.51353062 13.44739352
 16.33651917  4.39825005  3.67134839 14.48805247  8.60976993  2.68003749
 11.58537421  5.02830471  6.32157947 12.48440578 11.35282297  1.94486003
 10.41176496 10.64440499  7.72323223 15.56872581  7.56137256  3.60503158
 10.44380286  1.24292769 16.25722074  2.26022179 15.40524786  3.0696095
 14.09755631 17.68059715  6.96110051  6.08651769 13.08460412 17.62003984
 13.74466844  0.3594092  11.36734536  5.02059264  6.40864404  9.98647242
 16.10498543  6.05311446  6.65929086  2.41082715  8.590912    8.82734673
  8.34648042  9.87989525  6.35896859  0.42502499  6.79809081 15.61308796
  6.57195253  9.63716124  3.83343062  9.24508238 10.38913211  9.51054461
 11.51175956  7.67747895 13.34667637  0.26657922  7.32441512 16.57879422
  4.5930554  11.29788724  8.37469271 15.69166651 17.36946143 10.90299814
  3.48816234  4.59139731 13.03364482  4.09769426  7.37224393  8.55434133
  3.8875275   7.07417701  3.33626928  6.32698763  1.20467336  8.63242879
 11.09028918 12.04575196 11.45842392 10.39028307 14.0101796   4.94224392
 10.08768238  5.25335038 14.76341692  7.85940037  5.87871355  5.9039896
  6.30855236  3.29222386  8.8425606  11.37985481  3.6207272  14.08275189
 15.18574418  8.48162992  8.43105403  5.65406849  3.76921826  1.3402031
  6.44062019  4.85182733 11.03454597 17.02574386 15.95810135  1.58909555
  9.57096491 13.30974362 11.9040878  12.11893567 13.78398069 17.4047
  1.91561534 12.40577781 12.66165199  9.89503389 14.12650011  1.14788232
 16.43693084 12.49803988 14.42485398 10.54706294  1.15954776  5.49286156
  6.93484005  3.78111747 10.34727345  5.75010749  1.57970483  3.45194574
 12.06779374 17.24865235 17.29671107 16.21832072 15.74325645  5.01030018
  8.38019878 11.00256952 12.47484747 16.20929316  3.88917234  9.66471628
 15.34422472  3.27054378  6.18120624 13.86784219  9.82758091  1.85653463
 12.67660315  3.58417047  1.02689431  9.95481773  3.21544509  7.49578188
 13.60275477  3.57256146 17.74827878 10.04674302]
2025-08-26 21:31:50,760 - pyswarms.single.global_best - INFO - Optimize for 50 iters with {'c1': 2, 'c2': 2, 'w': 0.9}
2025-08-26 21:31:51,509 - pyswarms.single.global_best - INFO - Optimization finished | best cost: 1322.2327738689994, best pos: [ 1.93793876  7.81227008 15.5147822   6.55235396  5.62363557  6.82699684
  1.37976839 16.29570651  6.65927389 11.45343235  7.71192937  3.48740646
  0.66423596 10.78325766  7.12538546 10.14751771  5.15903432  3.52259092
 11.15107532 10.49938572  0.79205873  4.60333433  8.41364335  7.44047676
 12.99431474  4.40958592 13.37669694  9.22035731  8.38166245 11.0931838
  9.64160278  5.51527757  8.1908976   0.09391491 10.53831225 11.16449896
 18.292233   13.57572249 11.11464171  0.10572489 18.90283924  9.76345717
 13.43701523 12.26338176 11.56338958  7.12089188 14.43164558  5.36469301
 11.41862281  1.10591398  4.66342555 11.06194091 12.28656179 11.85149035
 15.17641104  5.11000885 16.20897046  7.55855447  8.89463141  8.18443249
  6.24860784  8.3636102  10.81361072 13.64577962  9.23114647 12.22064024
 13.06438335 12.01748978  1.6124256  10.00353962 10.2468778  16.20523056
 15.95206288  6.34956721 13.92949946  5.55698089  4.60637971 10.14767045
 10.51316337 13.32617275 13.64962956 10.14025156  5.1017993   0.9973189
  9.49924727 18.35738068  9.65521717 11.69638555 10.57460461 17.9670348
 15.25641079  7.56993052  1.71740023  8.43794198 12.87298144 11.87421862
  3.03387941  1.65090024  5.49239568 12.47219358 13.42278175  2.8109419
  7.05669755  8.60559735  9.23096812  9.75430917  3.30713464 14.22496897
  3.96128118  1.33817582 10.0911454   6.58878456 12.92238415 10.72156539
 13.83475108 10.86430408 16.30896521  6.46511103  6.79592482  5.88326331
 12.05669465  3.88526061 10.59282243 13.11586772  0.2132152  11.03311646
 17.17214651 17.57833427  0.89293466 16.56064382  8.67556902 11.73874128
  4.06189361  5.84992478 15.15390338 16.79618884  0.35895822 11.5333619
 14.23399596  9.07884568 11.81858523 11.84451684 18.01290526 17.57201156
  8.96458293 15.9094924  10.70712095  1.22961588  8.28909153  1.11998945
 14.24880343 17.49143256 11.88391859 13.24074175  4.52092761  8.69099949
  7.76432399 10.06287419  1.30355233  6.43640392  3.50821245 13.79770485
 12.07234916  5.16743958  5.70672799 14.22674586  0.09791606  0.4297785
 14.93338579 15.31628963  1.12569837 13.33218393 16.1762381   6.71033042
  2.2179221   4.38488887  7.39356426 17.03372087 15.00395943  3.48237549
 15.05945785  5.12620535  6.46392053  1.67144166 12.1143997   6.50681778
 11.58519575  9.64440454 12.6795147   2.05791205 12.77465739  9.89736653
 17.94336971  1.22129719  1.273269   11.23956862 16.15836472 15.2420176
 14.99070933  5.08440769 11.73243762 18.80384947  2.30122594  9.01512654
  8.30157523 12.86592393 11.97720518 12.96693944  3.69199457  0.11015209
 12.78567155 17.93467777 15.54902814 14.90238009  8.91397666 13.12717796
 12.47478327  3.87698972  0.30820827 17.23765543  7.93398109  7.36909875
  1.8420065   7.17110249 12.31562225  1.52594194  1.89954491 15.27889816
  8.77204802 14.94235666  7.3188729   7.71069965  6.52067086  0.9800296
 15.93293403 12.36829113  0.11206147 12.73593524 15.52743879  8.17521421
 12.70731918 16.32995419  7.87156523  4.90694624  6.40522486  5.44046291
 11.78933149  7.85734085  1.16746792  7.7219101 ]
2025-08-28 12:59:00,976 - pyswarms.single.global_best - INFO - Optimize for 50 iters with {'c1': 2, 'c2': 2, 'w': 0.9}
2025-08-28 12:59:02,973 - pyswarms.single.global_best - INFO - Optimization finished | best cost: 84.11556299505953, best pos: [9.16555668e+00 6.11937536e+00 8.19537676e+00 1.51513522e+01
 8.19016707e+00 7.09498945e+00 8.32283102e+00 1.08404316e+01
 1.84829220e+00 2.21072385e+00 1.39819386e+01 2.31619432e+00
 1.46102610e+01 1.83434521e+01 9.03014128e+00 1.44871241e+01
 1.33290673e+01 1.46414034e+01 4.86193870e+00 9.60634497e+00
 8.51695151e+00 1.34616818e+00 1.12279048e+01 1.22655353e+01
 5.95261466e+00 5.51619513e+00 1.54320685e+00 1.39984843e+01
 1.62060880e+01 1.64158290e+01 8.10816801e+00 1.52017264e+01
 1.21574172e+01 6.51164768e+00 4.24919923e-03 4.79668701e-01
 1.80254753e+01 6.14099916e-01 1.21204412e+01 9.86720761e+00
 7.82758249e-01 1.10396962e+01 1.74117506e+01 2.96150831e+00
 2.60485911e+00 1.01559520e+01 2.69133534e+00 8.31494002e+00
 7.25106907e+00 1.51505972e+01 1.57770276e+01 1.51959006e+01
 8.62293088e+00 8.39062785e+00 1.80803627e+01 6.67363465e+00
 1.65549680e+01 1.91522196e+00 6.06235935e+00 1.59671489e+01
 2.76722126e+00 1.34019472e+01 6.81475202e+00 1.84242940e+01
 9.25677426e+00 6.72796109e+00 2.66401099e+00 8.64876539e+00
 6.45684485e-01 3.55635749e+00 1.17708826e+01 1.35114717e+01
 1.62086674e+01 9.97272429e+00 1.00214634e+01 1.10850017e+00
 6.88508546e+00 6.35139083e+00 1.60523282e+01 1.48741486e+01
 6.30110929e+00 3.94500570e-01 9.13671069e-01 1.28774267e+01
 1.56076677e+01 9.70718587e+00 1.37007697e+01 1.62245949e+01
 3.44189066e-01 9.09431262e+00 1.00171031e+01 1.64961652e+01
 9.67911269e+00 1.29062667e+00 8.64461687e+00 1.62975788e+01
 8.06045075e+00 1.21220842e+01 1.51499902e+01 2.02634133e-01
 1.57013125e+01 6.84901394e+00 1.29663407e+01 1.05787611e+01
 1.04469217e+01 1.26987848e+01 1.47989949e+00 1.43273428e+01
 1.42622634e+01 1.13195123e+01 1.64480473e+01 3.25189027e+00
 1.36815288e+01 5.42815127e+00 1.36164480e+01 3.21018074e+00
 1.00456260e+01 1.86286715e+01 9.00598769e+00 1.54206855e+00
 6.99767145e+00 1.43848750e+01 1.79606500e+01 1.34884368e+01
 1.70335785e+00 8.12398260e-01 3.27343126e+00 1.56730166e+01
 1.10480626e+01 6.14761232e+00 3.14663419e+00 6.13469234e+00
 3.02284567e+00 1.47231917e+01 7.02708265e+00 1.78249915e+01
 1.62466410e+01 1.43433271e+01 1.30270332e+01 1.12437112e+00
 1.68751684e+01 1.06858222e+01 6.34185999e+00 1.76466647e+01
 1.47759982e+00 1.24782667e+01 1.82671460e+01 1.16164159e+01
 2.83697723e+00 1.78258664e+00 1.59035129e+01 1.02984647e+01
 3.31779526e+00 1.13460817e+01 1.00686350e+01 9.58264263e+00
 8.74376335e+00 5.66574935e+00 1.30476673e+00 2.52096695e+00
 9.62420853e+00 1.99019258e+00 5.15374186e+00 2.02258003e+00
 1.63578932e+01 2.12784782e+00 9.47117457e+00 1.33288462e+01
 9.63670036e+00 7.92262309e+00 5.77779709e+00 1.43977472e+01
 1.66536980e+01 1.68677215e+01 9.99881792e+00 1.69476901e+01
 1.72518800e+01 1.18814696e+01 1.09162610e+01 1.73402369e+01
 1.39214945e+01 1.29404539e+01 1.14931146e+01 4.64258456e+00
 6.02839152e+00 1.70422786e+01 7.28038325e+00 1.26173654e+01
 9.84405716e+00 1.09838524e+01 1.62871564e+01 9.86544757e+00
 9.79154220e-01 7.20912810e+00 1.11297056e+01 4.44284360e+00
 1.80020240e+00 1.20969356e+01 7.78217222e+00 3.44589556e+00
 7.97339357e+00 1.29067134e+01 1.54603878e+01 8.47136768e+00
 1.21126154e+01 8.15968976e+00 1.49531260e+01 1.38746506e+01
 6.16144027e+00 1.53289363e+01 7.59562544e+00 6.60267109e-01
 1.37819667e+01 1.66175103e+01 1.00620237e+01 1.59591165e+01
 1.23245207e+01 1.55158114e+01 4.69552343e+00 6.82691478e+00
 1.36987678e+01 1.09027807e+01 1.74382572e+01 1.14176733e+00
 1.46013219e-01 8.77363378e+00 8.06421993e+00 4.71856635e+00
 1.22510742e+01 1.26948036e+01 1.26087062e+01 1.95429042e+00
 7.66209436e+00 1.53173492e+01 1.37166135e+01 1.08610604e+01
 6.32906640e+00 9.77876463e+00 5.08497807e+00 3.77687604e+00
 1.85387798e+01 1.35523448e+01 1.55401266e+01 1.14043408e+00
 3.54878295e+00 1.52330848e+01 6.02170252e-01 1.54804103e+01
 1.04117297e+01 1.37323491e+01]
2025-08-28 12:59:03,047 - pyswarms.single.global_best - INFO - Optimize for 50 iters with {'c1': 2, 'c2': 2, 'w': 0.9}
2025-08-28 12:59:04,924 - pyswarms.single.global_best - INFO - Optimization finished | best cost: 140.27592113255417, best pos: [15.53752615  3.76474164  5.56397358  3.38034854 14.07164385  7.0463163
  4.84698849 12.86250916  3.62114932  3.16963455 12.14304891  5.49160553
  0.109698   13.03339942 13.21058679 16.14495373 11.31386368 10.466182
  9.33259245 16.067773    0.64720798 14.89829992 18.22253583  5.26703667
  6.27951716  6.91648211  7.46141848 13.73184458 17.47498908 11.60207442
  7.59921935  1.34895653 10.79758358  5.40711819  6.76295613 12.31225818
 11.2789294   5.10085387  6.39900867 12.74990323  2.52397187  7.24281024
 11.74078303 10.16609971  9.75753376 10.90829551  9.34545042 11.8146021
 10.38182119 16.58879853  9.40063475 12.95289806  7.32709609 10.07648101
  4.32068112  4.31220042  5.0410724  10.06928535 12.60297147  9.84606944
  7.01251513  9.98648322  9.76075268  8.09768159  7.6588409  17.76691278
  1.10837685  1.47852006  8.17528711  6.73125269 12.47838625 12.07377087
 15.40925925  5.01215336  3.08726148  8.3901436   5.42135232  2.30242209
  5.23077047  6.99913733 13.21274689  8.94679086 16.87647509  1.1810856
 16.3461846  16.25365865  8.55859195  5.64479703  5.53285056  9.984766
  3.80659464  3.72570526  7.9156054   0.27194963 11.51112428  7.22793801
  1.25984616  9.68118808  0.94974506 16.62092126 11.00586148 16.7764912
  3.02728485 11.68687079 12.02211182  7.93303705  6.63925785  6.72325061
 16.29814691  1.08618557  8.94399138  8.83782504  9.69010479  5.93253312
 10.38004373  9.38313807  8.86519147  7.54577796  9.9412845   7.07615802
  6.18355413 14.76306471  3.23655715 10.35957583 15.01596631 14.00524101
  6.85937137 16.33921927 10.6859879   8.01787288  4.88708237 15.52159584
 13.19031353  5.66812489  6.42747809 16.016882   13.80980858  9.97327876
  8.5604126   6.55469558  4.58152123  7.75222775  9.30999861  1.18425508
 11.86955559  1.41248024 18.59621615 16.06163894 15.45710442  6.05816084
 15.96091049 12.38951707  6.54299773 17.88859315  7.03239865  6.86374225
 16.37953906  4.78868025  5.25928483  7.12912986  6.15177163 10.75733868
 10.23564296  1.64782937 15.99296675 11.6555114   6.25616912 15.602649
 16.62290415  4.34327746  7.4205231   8.71956106  4.10235253  6.02371724
  6.37079512  4.93370095 10.23957898 16.81647855 13.44647241 10.03082207
  7.83495466 11.29042878  7.76370823  8.54293774  2.24059227 11.90326268
  3.15040126 13.47041131 15.13192938 17.65519513  8.50553551  2.4937407
 11.1249646   8.04385335  7.09739918 16.66045071  7.78288044 15.9686872
 14.03194145 10.00838037  9.00434337  6.84135833 14.78967955 12.95900406
  9.62552123  0.91361311 11.77783294  0.35431777 13.16985376  1.18155419
  6.81163291 12.0454323  13.30124503  8.39532594  9.96891601  6.55748551
  7.35116179  9.87792924  5.69092261  8.94116762 11.8936811   5.39164334
  7.31106166 13.44210611 10.20428839 16.10343854 10.38904071 15.91571484
  7.12744284 12.03769095 12.66957153 10.29488154 11.66574765  1.53185505
  7.29316371 10.7957343   9.34538597  8.61697856  6.145961    4.08429508
 17.51249528 10.30999725 14.47903322  8.80883128  6.10496378  0.51698591
  8.56812615 10.19249287 11.75615622 10.8382023 ]
2025-08-28 12:59:04,983 - pyswarms.single.global_best - INFO - Optimize for 50 iters with {'c1': 2, 'c2': 2, 'w': 0.9}
2025-08-28 12:59:06,761 - pyswarms.single.global_best - INFO - Optimization finished | best cost: 1319.5579245077713, best pos: [ 2.35005487  9.55787966  7.51695811  6.12070669 14.4954357   3.28366137
  2.00752548 13.00300565  1.41603176 15.53665189  6.40257465 13.42408386
 14.80846186 13.15292997  7.30941028  8.29767735  3.62462827  4.34393932
  0.67105595  9.55434199  0.16107281  9.24076469 12.50675131 14.87227288
 17.41676196  9.74262374 10.6048371  15.41135061 11.377914    0.72737952
  5.12504534  1.99195871  5.32249943  6.63335832 12.48497106 18.16261754
  2.35275809 14.88427501 13.46516296 15.84196156  9.16385372  3.88382443
 13.65459215  6.80041054  5.38692347 11.47141059  6.12404466 11.2457328
 13.62011414  9.37883685  9.25583162 13.82681395 13.55650411  7.37112929
 11.42394985  6.26908838  7.70322234  6.8058848   3.944891    1.1207732
  1.00272588  9.6931201  18.40747513 13.82770953 13.31999726 17.56803738
 13.57558805  9.82893502  1.42242305  2.7958928   9.26173025 15.43564678
  7.36711836 15.77233178  8.22415158  2.89854141  4.38584288  1.39329474
  7.58889035 11.84021945  7.76335529 13.20727877 18.18039453  2.77890057
  4.20287493 12.92216886  5.76842874  9.37263668  8.08075158 10.5578257
 15.84507488  8.79651094 12.16492195  9.46909377  9.72534252  6.49507988
 11.81065943 16.99011193  7.40111856  1.94581059  0.80905899 11.92102683
  7.52552815  5.94013296 12.08573073 14.78095201  7.40688103  2.67148181
  1.60198022 10.46431465 12.06519741 10.80731383 10.55598634 14.73089963
 12.45720234 11.76966233  8.55808739  8.54925315 17.02348775 16.05637867
  6.77967612  0.5414014  12.7211249  14.20302806 15.8253886  11.38058488
  7.87911838  6.75217797  6.88121064  8.49538172  8.83549425  6.16274446
 12.60792471 10.54555107 11.2744452  10.3857189   9.95400548  5.37313259
  3.09400169 11.87719828  3.75325484 10.46021566 13.3102826   9.32915501
 11.30540289  9.18817173 10.92702821 16.30055893  4.63768204 11.33906181
 12.71897785  6.79522238 10.25899266 12.67638119  4.24351654 17.87675691
  7.32336787  9.85306353  3.43171052  6.60112993 10.72143084  3.73045465
  1.97083957  3.17455626  6.32081442 13.65042159 14.31969844  8.49877121
 16.82688263 16.13614125  3.58544535  7.38017734 13.0908854   7.92402559
 13.167028   14.83990509 13.60992717  7.76772456  8.06568987  6.86868631
 11.84809835  4.44722017  5.77252001 10.05623417  0.29377589  3.97986441
 12.62934133 16.83865026  7.86109339 14.50163129  0.61568563  7.40034345
 18.01792899  9.38613175 15.80349526 10.66806797  7.40092131  9.98093649
  3.22306221 10.82950533 10.35946239  1.69548625 14.9768544  15.98167846
 17.76297388 11.74931423  6.05627934 13.05167564 18.83562455 11.67838264
 17.06204372 13.87499934 11.15357651 14.62995586  4.00831895 14.11244937
  6.70962214 15.28880771  6.61208923  3.43926842  6.01138476  4.72631472
 18.56803302 12.0318561  14.92398853 13.03634267  1.35871212  9.77320818
 12.42556128 16.43427181  9.14497482  7.53741442 17.26074681 13.92431753
 14.17221277 13.16408298 11.38028156  4.58911859 12.7554974  17.6350123
 13.7907062  10.60805258 17.1296189  11.77972325 14.14066689  9.64562336
 12.56745608 13.98745418  7.45688478  1.21277355]
2025-08-28 21:16:43,544 - pyswarms.single.global_best - INFO - Optimize for 50 iters with {'c1': 2, 'c2': 2, 'w': 0.9}
2025-08-28 21:16:44,708 - pyswarms.single.global_best - INFO - Optimization finished | best cost: 84.11556299505953, best pos: [9.16555668e+00 6.11937536e+00 8.19537676e+00 1.51513522e+01
 8.19016707e+00 7.09498945e+00 8.32283102e+00 1.08404316e+01
 1.84829220e+00 2.21072385e+00 1.39819386e+01 2.31619432e+00
 1.46102610e+01 1.83434521e+01 9.03014128e+00 1.44871241e+01
 1.33290673e+01 1.46414034e+01 4.86193870e+00 9.60634497e+00
 8.51695151e+00 1.34616818e+00 1.12279048e+01 1.22655353e+01
 5.95261466e+00 5.51619513e+00 1.54320685e+00 1.39984843e+01
 1.62060880e+01 1.64158290e+01 8.10816801e+00 1.52017264e+01
 1.21574172e+01 6.51164768e+00 4.24919923e-03 4.79668701e-01
 1.80254753e+01 6.14099916e-01 1.21204412e+01 9.86720761e+00
 7.82758249e-01 1.10396962e+01 1.74117506e+01 2.96150831e+00
 2.60485911e+00 1.01559520e+01 2.69133534e+00 8.31494002e+00
 7.25106907e+00 1.51505972e+01 1.57770276e+01 1.51959006e+01
 8.62293088e+00 8.39062785e+00 1.80803627e+01 6.67363465e+00
 1.65549680e+01 1.91522196e+00 6.06235935e+00 1.59671489e+01
 2.76722126e+00 1.34019472e+01 6.81475202e+00 1.84242940e+01
 9.25677426e+00 6.72796109e+00 2.66401099e+00 8.64876539e+00
 6.45684485e-01 3.55635749e+00 1.17708826e+01 1.35114717e+01
 1.62086674e+01 9.97272429e+00 1.00214634e+01 1.10850017e+00
 6.88508546e+00 6.35139083e+00 1.60523282e+01 1.48741486e+01
 6.30110929e+00 3.94500570e-01 9.13671069e-01 1.28774267e+01
 1.56076677e+01 9.70718587e+00 1.37007697e+01 1.62245949e+01
 3.44189066e-01 9.09431262e+00 1.00171031e+01 1.64961652e+01
 9.67911269e+00 1.29062667e+00 8.64461687e+00 1.62975788e+01
 8.06045075e+00 1.21220842e+01 1.51499902e+01 2.02634133e-01
 1.57013125e+01 6.84901394e+00 1.29663407e+01 1.05787611e+01
 1.04469217e+01 1.26987848e+01 1.47989949e+00 1.43273428e+01
 1.42622634e+01 1.13195123e+01 1.64480473e+01 3.25189027e+00
 1.36815288e+01 5.42815127e+00 1.36164480e+01 3.21018074e+00
 1.00456260e+01 1.86286715e+01 9.00598769e+00 1.54206855e+00
 6.99767145e+00 1.43848750e+01 1.79606500e+01 1.34884368e+01
 1.70335785e+00 8.12398260e-01 3.27343126e+00 1.56730166e+01
 1.10480626e+01 6.14761232e+00 3.14663419e+00 6.13469234e+00
 3.02284567e+00 1.47231917e+01 7.02708265e+00 1.78249915e+01
 1.62466410e+01 1.43433271e+01 1.30270332e+01 1.12437112e+00
 1.68751684e+01 1.06858222e+01 6.34185999e+00 1.76466647e+01
 1.47759982e+00 1.24782667e+01 1.82671460e+01 1.16164159e+01
 2.83697723e+00 1.78258664e+00 1.59035129e+01 1.02984647e+01
 3.31779526e+00 1.13460817e+01 1.00686350e+01 9.58264263e+00
 8.74376335e+00 5.66574935e+00 1.30476673e+00 2.52096695e+00
 9.62420853e+00 1.99019258e+00 5.15374186e+00 2.02258003e+00
 1.63578932e+01 2.12784782e+00 9.47117457e+00 1.33288462e+01
 9.63670036e+00 7.92262309e+00 5.77779709e+00 1.43977472e+01
 1.66536980e+01 1.68677215e+01 9.99881792e+00 1.69476901e+01
 1.72518800e+01 1.18814696e+01 1.09162610e+01 1.73402369e+01
 1.39214945e+01 1.29404539e+01 1.14931146e+01 4.64258456e+00
 6.02839152e+00 1.70422786e+01 7.28038325e+00 1.26173654e+01
 9.84405716e+00 1.09838524e+01 1.62871564e+01 9.86544757e+00
 9.79154220e-01 7.20912810e+00 1.11297056e+01 4.44284360e+00
 1.80020240e+00 1.20969356e+01 7.78217222e+00 3.44589556e+00
 7.97339357e+00 1.29067134e+01 1.54603878e+01 8.47136768e+00
 1.21126154e+01 8.15968976e+00 1.49531260e+01 1.38746506e+01
 6.16144027e+00 1.53289363e+01 7.59562544e+00 6.60267109e-01
 1.37819667e+01 1.66175103e+01 1.00620237e+01 1.59591165e+01
 1.23245207e+01 1.55158114e+01 4.69552343e+00 6.82691478e+00
 1.36987678e+01 1.09027807e+01 1.74382572e+01 1.14176733e+00
 1.46013219e-01 8.77363378e+00 8.06421993e+00 4.71856635e+00
 1.22510742e+01 1.26948036e+01 1.26087062e+01 1.95429042e+00
 7.66209436e+00 1.53173492e+01 1.37166135e+01 1.08610604e+01
 6.32906640e+00 9.77876463e+00 5.08497807e+00 3.77687604e+00
 1.85387798e+01 1.35523448e+01 1.55401266e+01 1.14043408e+00
 3.54878295e+00 1.52330848e+01 6.02170252e-01 1.54804103e+01
 1.04117297e+01 1.37323491e+01]
2025-08-28 21:16:44,738 - pyswarms.single.global_best - INFO - Optimize for 50 iters with {'c1': 2, 'c2': 2, 'w': 0.9}
2025-08-28 21:16:46,711 - pyswarms.single.global_best - INFO - Optimization finished | best cost: 140.3678045520212, best pos: [ 7.73202339 10.99395597  9.66730004 13.52172908 12.11163254  0.48545469
 17.23495859  5.02815533 16.1042861   1.25913193 12.02798546 18.81744665
 16.74334548 10.94071935  9.34670041  8.85842929 16.43422363  6.11928372
 11.72661613 18.08652148 13.9891247  13.45984435  6.49803188 15.36579225
 11.89792641 15.04936936 12.93166327 16.38632351 16.67229885  6.50212084
  8.70310975  3.27492553  6.27084857  6.18901769 11.11105286  9.15714692
  7.28715224  7.02578521  7.81980377  7.92832208 16.69533322  9.69926712
 10.83106312 11.90977471  2.36117872  6.81381416 14.31288565  3.57767981
 13.42834968  2.46454922 14.95758289 12.53401118 18.07810157 15.29131731
  7.09405162 18.57409236 11.09704755  6.60198594  5.9833217  16.69042963
  4.93318152  9.02201615  9.87106136 16.22144686 15.56151499  8.32324812
 15.8828941   7.0350842  16.13346806 17.34327844 11.0720013   0.57092025
  3.44501566 14.54492023 12.112986   16.12425335 17.38520006  4.12585663
 11.9429618   5.81360583 15.9487971   1.92274506 16.22737096  7.77023135
  0.12317816  8.23538757  1.60082208  1.44210956 13.02076959 12.30914351
 16.16806634 10.67951608  0.59480528 10.87753873 14.8588001   7.55716944
  6.25784686 15.84470561  7.10976695 16.19952211  7.94297037  8.96982967
  3.4869775   9.05937208 10.83093593 13.10101902 15.50303885  1.61354634
 16.42348185  8.69630338  4.57008338  9.90743269 17.38425661 14.52559758
  2.5129036  16.0282787   9.69799748  6.13542348 12.72025912  8.7921983
 12.03137435  2.25068583  9.37580796 10.40807062  9.95411257  3.52782116
 10.45444263  9.00766387  8.39729035  6.72522832 13.10624056 12.30013001
  1.67810434  7.39788693 14.52205189 12.11079866  3.01514009 18.31511464
 15.80584733  4.43187034 14.9863906   1.69812896  8.76653886 11.50542683
  1.32249595 13.63925291  9.68533341  7.18847869 10.17089467  5.29886775
 12.39548313  1.37169592  9.61199428  6.53365249 11.82047593  9.24208116
  7.69248748  3.56786916  3.26214306  7.74787385 16.20377946  6.69695792
  7.52069866  5.17127878 13.2713088  17.52713071 11.15713375 12.22829493
  8.68219214  5.279067   12.72267543  7.02617864  1.20799978  5.55216449
 18.70285254  9.955879   16.6676534   7.44910947 17.6853836   6.96567212
  7.62665106 11.31185452 14.13494792  3.99765801 14.6237645  10.38669747
 15.64592615  9.59219807 11.43508874 12.1664341  10.42785758 18.70630488
  7.58704578  1.12181987 12.41505168 15.49280445  6.56870668  1.00030152
 11.93808927  7.39451827 11.31864656  5.0400993   4.97063914  9.20901111
  4.42344333 16.20491413 14.81870417  5.39082092 12.94522579  6.33671252
  3.83220854  2.91055616 12.9205739   6.59499366  5.23290919 15.97446913
 13.80631327  4.54303115  2.59861223  9.94780557 16.10647689 11.37293999
  1.94557283 15.81880834  3.72122137 11.46864088 16.36651113  6.60640854
  7.41362929  3.22801077 10.29809027 12.23489763  6.54530375  3.03724873
 15.59533575  5.05034337 16.26656973 14.1830081  11.93480035 12.29179384
 11.57817336 16.88319791  9.67834893 15.38265196  3.25059234  7.25490567
  1.67063677  0.19510654  7.83704525 11.85369763]
2025-08-28 21:16:46,768 - pyswarms.single.global_best - INFO - Optimize for 50 iters with {'c1': 2, 'c2': 2, 'w': 0.9}
2025-08-28 21:16:47,379 - pyswarms.single.global_best - INFO - Optimization finished | best cost: 1322.8051920848447, best pos: [ 1.40365989  4.81919954  3.64556659 12.94944139  7.35352345  0.15494585
  3.8558756  11.74757331  0.78012179  2.95727319  3.50232946  5.50110188
  1.89343003 12.28166872  9.66670222 10.12319264 13.39189573 13.84296092
  9.11745526 16.04223     3.00477184  8.72282272 12.3610184   7.63501684
 11.72807246 12.74231551  4.65664356  2.42241003  1.71372406  8.54203664
  0.93663564 11.04356599  1.45742361 15.07657744  4.9925552   9.75570778
  9.36168244  7.46273823  3.38717751 16.75021963  6.3777883  13.95565467
  1.80602064 14.82688413 10.08209875 14.86607921 12.87840835  9.31651493
  4.30837562  4.36716747 17.64395541 12.22728688 11.8820472  13.05140512
  0.81000878  3.74817188 15.3714709  10.94268358 13.83894238  9.26215503
 12.97917866 13.30537278  2.97218889  7.83902649  8.32052624 13.15958603
 17.12003791  6.83651105 15.94174032  0.61348623  6.15474092 11.50570851
 16.20106457  5.32973927  1.07600858 17.03556233 17.09329322  2.5518755
  9.47763956 17.69848206  4.69178864  0.69603994  6.32210196 13.08235185
 10.27603756  2.63491418  5.38299113  4.24647255 14.1355887   3.81316528
  7.22223726  0.9726253  13.84949116 11.44325539 12.48051572 11.13828256
 16.13487588  3.24045532 10.93389078  9.77720217 13.46152413 11.359477
 12.61324861 18.2304017  12.12470064  5.86247354  6.32737231  2.64052424
  5.71730811 14.9711708  14.67112534  3.13464744  9.87231037  1.16945296
 14.24350885  7.45630159 11.29734876  5.13969897  9.60651363 13.03517355
  7.22120393  7.30280622  9.62192037  7.9909522  11.25505639 16.47934223
  5.08424609  8.24616108  1.9813121   1.30974502 12.81507831  6.5270705
 12.33364727  9.25932444 11.79235707  3.93235206 12.71611528 16.6449814
 10.67961385  0.68166957  7.26216348 14.23296076  4.23506262  8.99333851
 15.36784338 13.53206874  7.11293499 12.69177315 15.20429592 18.87740979
 15.5050912  14.21651722  3.15074995  8.0432328   0.18968493 14.3951158
 13.27260685  3.79318979 10.4695783   4.8468972  10.32634768 16.13734418
  8.05115895 12.99416056  8.85162738 10.67727811  5.31146459 16.22802342
  9.03084729 10.44822303 16.88294298 15.06837058  7.5398032  11.73175454
  2.68554732  2.75026165  7.9977291   7.74481364 15.02566129 17.51333487
  8.45727739 12.80921747  5.95940288 10.4988026  11.77513    16.76964879
 13.35320527 12.16525049  0.64733546  9.81672933 14.29791399  5.43739135
  7.15741316  1.81013855 15.7245765  11.40549018  9.94590601 17.43879098
 14.55222483 12.85372757 11.47235039  9.94346885 10.0001025  11.59736478
  6.10334396 11.92212729 11.66250107  9.80738461 15.0458317   6.49318341
 13.31906909  7.19158908 12.54418103 13.74002524 16.72626547  3.77933394
 10.23593614 13.81829924 16.93018363 12.13965882  8.92539227 12.33063258
  4.79332962  7.28857007  0.73867742  3.46841439 14.71776649  2.03831479
  4.95878494  6.79924052  4.24534214 10.27404742 16.21288643 12.38527628
 11.39026806 11.12392574  4.55908953  9.22167269  8.80626752 12.64828526
 10.40105523  8.61622919 10.97928321  8.99709121 16.07329811 11.55487556
  9.07911192 12.68472335  7.94294029 12.1565999 ]
2025-09-01 19:57:22,968 - pyswarms.single.global_best - INFO - Optimize for 50 iters with {'c1': 2, 'c2': 2, 'w': 0.9}
2025-09-01 19:57:24,865 - pyswarms.single.global_best - INFO - Optimization finished | best cost: 84.11556299505953, best pos: [9.16555668e+00 6.11937536e+00 8.19537676e+00 1.51513522e+01
 8.19016707e+00 7.09498945e+00 8.32283102e+00 1.08404316e+01
 1.84829220e+00 2.21072385e+00 1.39819386e+01 2.31619432e+00
 1.46102610e+01 1.83434521e+01 9.03014128e+00 1.44871241e+01
 1.33290673e+01 1.46414034e+01 4.86193870e+00 9.60634497e+00
 8.51695151e+00 1.34616818e+00 1.12279048e+01 1.22655353e+01
 5.95261466e+00 5.51619513e+00 1.54320685e+00 1.39984843e+01
 1.62060880e+01 1.64158290e+01 8.10816801e+00 1.52017264e+01
 1.21574172e+01 6.51164768e+00 4.24919923e-03 4.79668701e-01
 1.80254753e+01 6.14099916e-01 1.21204412e+01 9.86720761e+00
 7.82758249e-01 1.10396962e+01 1.74117506e+01 2.96150831e+00
 2.60485911e+00 1.01559520e+01 2.69133534e+00 8.31494002e+00
 7.25106907e+00 1.51505972e+01 1.57770276e+01 1.51959006e+01
 8.62293088e+00 8.39062785e+00 1.80803627e+01 6.67363465e+00
 1.65549680e+01 1.91522196e+00 6.06235935e+00 1.59671489e+01
 2.76722126e+00 1.34019472e+01 6.81475202e+00 1.84242940e+01
 9.25677426e+00 6.72796109e+00 2.66401099e+00 8.64876539e+00
 6.45684485e-01 3.55635749e+00 1.17708826e+01 1.35114717e+01
 1.62086674e+01 9.97272429e+00 1.00214634e+01 1.10850017e+00
 6.88508546e+00 6.35139083e+00 1.60523282e+01 1.48741486e+01
 6.30110929e+00 3.94500570e-01 9.13671069e-01 1.28774267e+01
 1.56076677e+01 9.70718587e+00 1.37007697e+01 1.62245949e+01
 3.44189066e-01 9.09431262e+00 1.00171031e+01 1.64961652e+01
 9.67911269e+00 1.29062667e+00 8.64461687e+00 1.62975788e+01
 8.06045075e+00 1.21220842e+01 1.51499902e+01 2.02634133e-01
 1.57013125e+01 6.84901394e+00 1.29663407e+01 1.05787611e+01
 1.04469217e+01 1.26987848e+01 1.47989949e+00 1.43273428e+01
 1.42622634e+01 1.13195123e+01 1.64480473e+01 3.25189027e+00
 1.36815288e+01 5.42815127e+00 1.36164480e+01 3.21018074e+00
 1.00456260e+01 1.86286715e+01 9.00598769e+00 1.54206855e+00
 6.99767145e+00 1.43848750e+01 1.79606500e+01 1.34884368e+01
 1.70335785e+00 8.12398260e-01 3.27343126e+00 1.56730166e+01
 1.10480626e+01 6.14761232e+00 3.14663419e+00 6.13469234e+00
 3.02284567e+00 1.47231917e+01 7.02708265e+00 1.78249915e+01
 1.62466410e+01 1.43433271e+01 1.30270332e+01 1.12437112e+00
 1.68751684e+01 1.06858222e+01 6.34185999e+00 1.76466647e+01
 1.47759982e+00 1.24782667e+01 1.82671460e+01 1.16164159e+01
 2.83697723e+00 1.78258664e+00 1.59035129e+01 1.02984647e+01
 3.31779526e+00 1.13460817e+01 1.00686350e+01 9.58264263e+00
 8.74376335e+00 5.66574935e+00 1.30476673e+00 2.52096695e+00
 9.62420853e+00 1.99019258e+00 5.15374186e+00 2.02258003e+00
 1.63578932e+01 2.12784782e+00 9.47117457e+00 1.33288462e+01
 9.63670036e+00 7.92262309e+00 5.77779709e+00 1.43977472e+01
 1.66536980e+01 1.68677215e+01 9.99881792e+00 1.69476901e+01
 1.72518800e+01 1.18814696e+01 1.09162610e+01 1.73402369e+01
 1.39214945e+01 1.29404539e+01 1.14931146e+01 4.64258456e+00
 6.02839152e+00 1.70422786e+01 7.28038325e+00 1.26173654e+01
 9.84405716e+00 1.09838524e+01 1.62871564e+01 9.86544757e+00
 9.79154220e-01 7.20912810e+00 1.11297056e+01 4.44284360e+00
 1.80020240e+00 1.20969356e+01 7.78217222e+00 3.44589556e+00
 7.97339357e+00 1.29067134e+01 1.54603878e+01 8.47136768e+00
 1.21126154e+01 8.15968976e+00 1.49531260e+01 1.38746506e+01
 6.16144027e+00 1.53289363e+01 7.59562544e+00 6.60267109e-01
 1.37819667e+01 1.66175103e+01 1.00620237e+01 1.59591165e+01
 1.23245207e+01 1.55158114e+01 4.69552343e+00 6.82691478e+00
 1.36987678e+01 1.09027807e+01 1.74382572e+01 1.14176733e+00
 1.46013219e-01 8.77363378e+00 8.06421993e+00 4.71856635e+00
 1.22510742e+01 1.26948036e+01 1.26087062e+01 1.95429042e+00
 7.66209436e+00 1.53173492e+01 1.37166135e+01 1.08610604e+01
 6.32906640e+00 9.77876463e+00 5.08497807e+00 3.77687604e+00
 1.85387798e+01 1.35523448e+01 1.55401266e+01 1.14043408e+00
 3.54878295e+00 1.52330848e+01 6.02170252e-01 1.54804103e+01
 1.04117297e+01 1.37323491e+01]
2025-09-01 19:57:24,940 - pyswarms.single.global_best - INFO - Optimize for 50 iters with {'c1': 2, 'c2': 2, 'w': 0.9}
2025-09-01 19:57:26,735 - pyswarms.single.global_best - INFO - Optimization finished | best cost: 140.27592113255417, best pos: [15.53752615  3.76474164  5.56397358  3.38034854 14.07164385  7.0463163
  4.84698849 12.86250916  3.62114932  3.16963455 12.14304891  5.49160553
  0.109698   13.03339942 13.21058679 16.14495373 11.31386368 10.466182
  9.33259245 16.067773    0.64720798 14.89829992 18.22253583  5.26703667
  6.27951716  6.91648211  7.46141848 13.73184458 17.47498908 11.60207442
  7.59921935  1.34895653 10.79758358  5.40711819  6.76295613 12.31225818
 11.2789294   5.10085387  6.39900867 12.74990323  2.52397187  7.24281024
 11.74078303 10.16609971  9.75753376 10.90829551  9.34545042 11.8146021
 10.38182119 16.58879853  9.40063475 12.95289806  7.32709609 10.07648101
  4.32068112  4.31220042  5.0410724  10.06928535 12.60297147  9.84606944
  7.01251513  9.98648322  9.76075268  8.09768159  7.6588409  17.76691278
  1.10837685  1.47852006  8.17528711  6.73125269 12.47838625 12.07377087
 15.40925925  5.01215336  3.08726148  8.3901436   5.42135232  2.30242209
  5.23077047  6.99913733 13.21274689  8.94679086 16.87647509  1.1810856
 16.3461846  16.25365865  8.55859195  5.64479703  5.53285056  9.984766
  3.80659464  3.72570526  7.9156054   0.27194963 11.51112428  7.22793801
  1.25984616  9.68118808  0.94974506 16.62092126 11.00586148 16.7764912
  3.02728485 11.68687079 12.02211182  7.93303705  6.63925785  6.72325061
 16.29814691  1.08618557  8.94399138  8.83782504  9.69010479  5.93253312
 10.38004373  9.38313807  8.86519147  7.54577796  9.9412845   7.07615802
  6.18355413 14.76306471  3.23655715 10.35957583 15.01596631 14.00524101
  6.85937137 16.33921927 10.6859879   8.01787288  4.88708237 15.52159584
 13.19031353  5.66812489  6.42747809 16.016882   13.80980858  9.97327876
  8.5604126   6.55469558  4.58152123  7.75222775  9.30999861  1.18425508
 11.86955559  1.41248024 18.59621615 16.06163894 15.45710442  6.05816084
 15.96091049 12.38951707  6.54299773 17.88859315  7.03239865  6.86374225
 16.37953906  4.78868025  5.25928483  7.12912986  6.15177163 10.75733868
 10.23564296  1.64782937 15.99296675 11.6555114   6.25616912 15.602649
 16.62290415  4.34327746  7.4205231   8.71956106  4.10235253  6.02371724
  6.37079512  4.93370095 10.23957898 16.81647855 13.44647241 10.03082207
  7.83495466 11.29042878  7.76370823  8.54293774  2.24059227 11.90326268
  3.15040126 13.47041131 15.13192938 17.65519513  8.50553551  2.4937407
 11.1249646   8.04385335  7.09739918 16.66045071  7.78288044 15.9686872
 14.03194145 10.00838037  9.00434337  6.84135833 14.78967955 12.95900406
  9.62552123  0.91361311 11.77783294  0.35431777 13.16985376  1.18155419
  6.81163291 12.0454323  13.30124503  8.39532594  9.96891601  6.55748551
  7.35116179  9.87792924  5.69092261  8.94116762 11.8936811   5.39164334
  7.31106166 13.44210611 10.20428839 16.10343854 10.38904071 15.91571484
  7.12744284 12.03769095 12.66957153 10.29488154 11.66574765  1.53185505
  7.29316371 10.7957343   9.34538597  8.61697856  6.145961    4.08429508
 17.51249528 10.30999725 14.47903322  8.80883128  6.10496378  0.51698591
  8.56812615 10.19249287 11.75615622 10.8382023 ]
2025-09-01 19:57:26,795 - pyswarms.single.global_best - INFO - Optimize for 50 iters with {'c1': 2, 'c2': 2, 'w': 0.9}
2025-09-01 19:57:28,301 - pyswarms.single.global_best - INFO - Optimization finished | best cost: 1319.5579245077713, best pos: [ 2.35005487  9.55787966  7.51695811  6.12070669 14.4954357   3.28366137
  2.00752548 13.00300565  1.41603176 15.53665189  6.40257465 13.42408386
 14.80846186 13.15292997  7.30941028  8.29767735  3.62462827  4.34393932
  0.67105595  9.55434199  0.16107281  9.24076469 12.50675131 14.87227288
 17.41676196  9.74262374 10.6048371  15.41135061 11.377914    0.72737952
  5.12504534  1.99195871  5.32249943  6.63335832 12.48497106 18.16261754
  2.35275809 14.88427501 13.46516296 15.84196156  9.16385372  3.88382443
 13.65459215  6.80041054  5.38692347 11.47141059  6.12404466 11.2457328
 13.62011414  9.37883685  9.25583162 13.82681395 13.55650411  7.37112929
 11.42394985  6.26908838  7.70322234  6.8058848   3.944891    1.1207732
  1.00272588  9.6931201  18.40747513 13.82770953 13.31999726 17.56803738
 13.57558805  9.82893502  1.42242305  2.7958928   9.26173025 15.43564678
  7.36711836 15.77233178  8.22415158  2.89854141  4.38584288  1.39329474
  7.58889035 11.84021945  7.76335529 13.20727877 18.18039453  2.77890057
  4.20287493 12.92216886  5.76842874  9.37263668  8.08075158 10.5578257
 15.84507488  8.79651094 12.16492195  9.46909377  9.72534252  6.49507988
 11.81065943 16.99011193  7.40111856  1.94581059  0.80905899 11.92102683
  7.52552815  5.94013296 12.08573073 14.78095201  7.40688103  2.67148181
  1.60198022 10.46431465 12.06519741 10.80731383 10.55598634 14.73089963
 12.45720234 11.76966233  8.55808739  8.54925315 17.02348775 16.05637867
  6.77967612  0.5414014  12.7211249  14.20302806 15.8253886  11.38058488
  7.87911838  6.75217797  6.88121064  8.49538172  8.83549425  6.16274446
 12.60792471 10.54555107 11.2744452  10.3857189   9.95400548  5.37313259
  3.09400169 11.87719828  3.75325484 10.46021566 13.3102826   9.32915501
 11.30540289  9.18817173 10.92702821 16.30055893  4.63768204 11.33906181
 12.71897785  6.79522238 10.25899266 12.67638119  4.24351654 17.87675691
  7.32336787  9.85306353  3.43171052  6.60112993 10.72143084  3.73045465
  1.97083957  3.17455626  6.32081442 13.65042159 14.31969844  8.49877121
 16.82688263 16.13614125  3.58544535  7.38017734 13.0908854   7.92402559
 13.167028   14.83990509 13.60992717  7.76772456  8.06568987  6.86868631
 11.84809835  4.44722017  5.77252001 10.05623417  0.29377589  3.97986441
 12.62934133 16.83865026  7.86109339 14.50163129  0.61568563  7.40034345
 18.01792899  9.38613175 15.80349526 10.66806797  7.40092131  9.98093649
  3.22306221 10.82950533 10.35946239  1.69548625 14.9768544  15.98167846
 17.76297388 11.74931423  6.05627934 13.05167564 18.83562455 11.67838264
 17.06204372 13.87499934 11.15357651 14.62995586  4.00831895 14.11244937
  6.70962214 15.28880771  6.61208923  3.43926842  6.01138476  4.72631472
 18.56803302 12.0318561  14.92398853 13.03634267  1.35871212  9.77320818
 12.42556128 16.43427181  9.14497482  7.53741442 17.26074681 13.92431753
 14.17221277 13.16408298 11.38028156  4.58911859 12.7554974  17.6350123
 13.7907062  10.60805258 17.1296189  11.77972325 14.14066689  9.64562336
 12.56745608 13.98745418  7.45688478  1.21277355]
2025-09-01 19:59:37,586 - pyswarms.single.global_best - INFO - Optimize for 50 iters with {'c1': 2, 'c2': 2, 'w': 0.9}
2025-09-01 19:59:38,950 - pyswarms.single.global_best - INFO - Optimization finished | best cost: 84.38939363199387, best pos: [ 6.8743329  10.24788041  8.55262905  9.06557968  3.72249277 11.5527441
  8.51865303 16.53929104  3.08296455 17.50497771 11.14263159  7.36462709
 16.1990423   7.10600175 11.20449078  0.4610334   7.57139618  5.41817112
  0.28317838  3.25388886 17.83362952 14.91156974 14.9498265   8.18349619
  4.8542112  10.75346302 14.00240494  5.76508075 15.29617458 16.65167789
  6.28039761  6.33590878 15.60547308 12.34059841 12.29637885  2.53058118
  9.37248221  7.07672407  0.32586432 15.41392118  9.08493979  4.15797454
 12.37905494 15.84332436  7.91660684 16.57950506 10.18027508  4.0971318
 18.18710309  6.90430582  9.99091897 13.65804988 16.17680471 11.88805044
 10.32219067  1.1764004   1.40702724  8.28678792 13.7515601   4.98805291
 13.32148723 14.11453876 16.70484356 16.95044267  9.963125    9.64701665
  9.97951993 11.46150986 11.6967864   3.36987506 10.74930192  6.89174502
 17.65987886 16.65084083  8.92083465 17.90978155 14.15889396  1.83955097
 16.68108487 14.81834279 14.21790913 18.56329713 13.1422596   9.4033026
 10.82922709  2.75516596 14.06639754  9.46157545 17.80247014 10.32459267
 12.56570414  3.77337057  9.81360564 18.48276883 17.40322531  2.23121748
  2.73336115 17.05918357 14.88244775  3.67959363 11.48018996 15.0171837
 16.33766688 13.00734803 17.80797854  6.43112075 13.34797281  5.68898862
  2.17602011 14.26656871  0.68981296  1.19331517  7.74278842 17.39373466
  1.64425141  3.57903919  6.49630047 17.13217582 11.83108483  9.48485067
  1.93737051 14.41796353  9.0750636   2.15036072 16.38350574 17.5603049
 11.00761751 14.25288623 16.64995771  9.07628386  4.10826401  9.2421091
  7.08217968  0.26276738 16.07755039  4.61579193 15.99930002 12.77338888
  2.9738609   1.85063852  9.37142104  1.70474983 14.71916968 14.77452041
  3.41723252 15.11435448  3.28671911 10.99239982  0.25987869 14.52430839
  6.6921237  10.34451809 15.20855053  0.23295177  6.15688078 13.7370873
 18.6123648  17.54247383 18.95226425  4.59550493 16.15254439 13.97605295
 16.30080955  7.70863308  7.38741356  7.11012239  9.7555516   0.80762252
 14.73646597  2.84904978  5.47518046  5.71457275  6.39499832  7.46412909
  2.95934476  9.47421909 11.28673278  7.96208159 16.19811547  6.84354967
 13.39984256 10.50223311 12.47097695 11.49980292 15.35060344  5.97684763
  3.39596201  6.86015889 10.99146635 13.91898403 14.00525424 10.87642863
  1.56080263  9.04426985 14.79383415 12.53413808  9.96466043 17.1201073
  9.66708416 12.9472005  11.18924558  5.12210449  7.26238699 10.6899136
  5.42007281  9.50255535 18.986686    9.49374737 14.83127225  5.06882808
 12.94044009 16.60717832  7.96238043 18.32414418 15.25400182  4.71059207
 10.38165494 16.69533944 15.78059567  4.17861158 16.89806724  0.81712194
  7.82550355 14.50862527 13.12764652  9.57480676 12.9398624  13.57629161
  0.15639472 10.1391875   0.65317562 11.91189433  6.54745512  7.77769914
 16.04360743  5.64402398  7.46503089 16.64787484  3.9837584  10.22856383
 16.25709442 16.0248224  18.66076407 11.59822444 14.77064839  3.76037684
  9.63165533 12.80373442 14.67398337  3.34815434]
2025-09-01 19:59:39,001 - pyswarms.single.global_best - INFO - Optimize for 50 iters with {'c1': 2, 'c2': 2, 'w': 0.9}
2025-09-01 19:59:41,309 - pyswarms.single.global_best - INFO - Optimization finished | best cost: 137.5269788385446, best pos: [14.61487297  1.44885301 11.37927083  4.99884792 16.7042289  12.0845241
  6.26342812 14.9789241   9.7867747  17.67712025  2.24318083 16.48251838
  6.19666576  6.44760487  5.08182023 13.08800145 11.76151196 15.22870014
  9.92191609  7.40231102 16.64294025 13.61159822 12.47620478  9.15857532
 14.71662875  9.9541603  16.7500619  16.04036604  8.38516186  9.62046844
  1.50791762  8.91405718 11.2364422  16.07794843  3.37235244  2.94229159
  6.37868528  8.13629663 12.78611081  5.43631078 10.76228119  0.92036436
  5.88858723  1.77479577 11.63001507  6.16674025 14.71175994  4.58874593
 16.01284885  5.57744657 11.98452629  1.03758036  6.75036409  5.38185622
  8.69063019 11.77745765  3.37335159 12.73107184 13.30522391  0.71549699
  2.12624911 10.14907735  7.97298432 12.33109992 12.49489885  7.71805328
 14.32520376 13.05661677  4.2395586  12.08476428 11.34820444  1.34027691
  8.60056953 11.68568024 14.71032526 12.49923261 11.82659353 13.76601194
  7.37740266 13.06999988 16.5988998   1.89187199 13.02443399 18.27030458
 11.43129528 10.58158269 15.65965713  9.83825454 15.04000707  1.61440051
 11.87781813  6.27889177 12.53278489  1.69724533  6.8123624   8.65605452
  3.04167538  0.26115524  0.29201489 11.77879803 14.68189551  0.25082309
 16.96153456 11.34729942  4.18004891 13.56540479  6.86330286 15.006212
 12.28247781  2.80864881  6.26959993 15.43000555 15.25013428 10.93712444
  5.28276968  2.42345047 11.71964358 13.75816069 14.60648648  7.03066407
 15.26622999 12.37063895 11.28445168 17.11104965  9.21572944  8.08153638
  7.39244298 14.13487795  3.95182178 11.10293599  1.08291134 17.28722642
 10.33387808  7.55504624 12.0767637  11.18842416  7.18179491  1.73401308
 13.83938768  1.56462197 11.04382301 11.06786992  9.93809977 10.75882999
 13.74589738 13.4538434  11.21241172  6.30632885  4.38153963 15.61092255
 15.01879991 14.69088767 10.59144091  8.07029265  7.50175419  0.03879059
  3.16653394  0.46419088  9.4756235   6.3258497   7.54345379 11.39861641
  1.11634383  7.79888155 15.86494789 10.16160105 12.13997284 14.35811703
  9.14691349  6.32762615 10.18723152  3.99205821  4.87875619 14.36596195
  0.46857347  7.85744707 12.20608003  8.84402992  3.8007072   7.98712373
 13.3546056   6.39206878 10.03145302 13.62570537 11.12402785 16.01990499
 16.00902806 11.04780715  7.90596934 12.3649434  18.10361038 13.26313384
  1.38998408 13.49399192 12.03873903  4.61370203 18.34346107  8.62845973
 11.49257308  9.6890854  10.26732605  6.21493211  3.60104447  5.08642101
 11.71103869 16.65370086 13.00338051 14.95366519 14.03732082  9.55863375
  6.95541789 13.45837164 11.20066121  4.31071992 15.35828799 13.49779973
  3.96003525 10.73903479  9.64578393  1.33120124  8.57536029 11.72102295
 14.08249608 16.25458106 10.31185594  1.90204869  9.87354494  7.38211645
  6.95280824  8.43745732 13.9504671   8.879117   14.01111716 10.11595824
 13.00552819 13.41585687 11.37524448  1.79416253 15.71203324 14.48719651
 17.26263624 16.9848156   7.39491453 10.79728232 12.54484785  0.31226491
  0.24136631 11.85654033 16.86348813  6.52690048]
2025-09-01 19:59:41,344 - pyswarms.single.global_best - INFO - Optimize for 50 iters with {'c1': 2, 'c2': 2, 'w': 0.9}
2025-09-01 19:59:42,738 - pyswarms.single.global_best - INFO - Optimization finished | best cost: 1313.3043702949396, best pos: [6.27006995e+00 8.58707465e+00 1.26798791e+01 9.36915504e+00
 1.33200175e+01 1.77705968e+01 1.35332041e+01 1.16681486e+01
 1.03291714e+01 2.30706548e+00 1.15030099e+01 6.82876247e+00
 3.13442372e+00 3.92530548e+00 9.29349170e+00 5.22372786e-01
 1.14834287e+01 1.17111218e+01 1.26039158e+01 1.17889454e+01
 1.17752637e+01 1.05476474e+01 1.02442017e+01 1.74316466e+01
 1.06759975e-01 7.90078383e+00 4.94580832e+00 1.46566229e+01
 1.82590891e+01 1.40002971e+01 3.27391112e-02 1.05968379e+01
 1.55716247e+01 1.26347506e+01 4.77346352e+00 1.58936236e+01
 1.67053493e+00 1.32015168e+01 1.25270937e+01 1.72634180e+01
 3.56689089e+00 1.29388941e+00 8.57394966e+00 3.20772590e+00
 1.84589076e+01 9.71719422e+00 1.49577054e+01 1.05763602e+01
 1.57996275e+01 8.67307168e+00 1.27109587e+01 9.24464383e+00
 6.95815548e+00 1.04163982e+01 6.41010216e-01 1.76968695e+01
 1.68421269e+01 1.41753088e+01 9.49014599e+00 5.77212953e+00
 9.41531976e+00 1.38515286e+01 1.43575859e+01 1.28273724e+01
 1.66537924e+01 1.90558851e+00 7.31090959e+00 1.76771521e+01
 1.11625793e+01 5.94106573e+00 2.34079690e-01 1.29824720e+01
 9.62140433e+00 1.12216747e+01 7.00185652e+00 7.51583515e+00
 1.55814422e+01 1.36144820e+01 1.19587634e+01 7.38793082e+00
 1.48037908e+01 7.22414094e+00 1.00590813e+01 7.57304148e+00
 1.08683391e+01 2.33998033e-01 6.17174202e+00 1.36540109e+01
 4.39041740e+00 1.12286806e+01 3.61640408e-01 8.77812344e-03
 9.33966937e+00 1.32852438e+01 1.34683458e+00 2.81433857e+00
 1.34229586e+01 1.69503616e+01 7.75070298e+00 6.07715928e+00
 6.32908021e+00 7.60645156e+00 8.22204483e+00 1.12855122e+01
 8.64998835e+00 7.26019744e+00 6.36196234e+00 5.94087197e-02
 1.23219424e+01 6.63619348e+00 1.62908658e+00 8.06022634e+00
 1.56946967e+01 6.65819921e+00 1.22463020e+01 1.61201525e+01
 1.83242627e+01 1.82578889e+01 1.06492930e+01 6.86716056e+00
 8.83468951e+00 1.76636725e+01 1.08669817e+01 5.67161640e-01
 1.74294606e+01 8.12455444e+00 1.65489382e+01 2.74341643e+00
 6.84958649e+00 1.59360206e+01 4.94784601e+00 3.84781029e+00
 1.55602600e+01 1.67666902e+01 1.64438855e+01 1.11144297e+01
 9.26770311e+00 9.69947277e+00 9.19346591e+00 1.32872510e+01
 1.75281728e+01 3.67471180e+00 1.15684326e+01 1.17309627e+01
 1.39173154e+01 8.69174675e+00 1.51262474e+01 1.54042633e+01
 1.18792561e+01 2.45834578e+00 1.24519536e+01 1.33384171e+01
 8.84064870e+00 1.04805427e+01 1.65637841e+01 4.23690923e+00
 1.84853232e+01 6.34973675e+00 8.55875528e+00 1.18697631e+01
 1.04384359e+01 5.48314298e+00 8.22371497e+00 1.06567331e+01
 1.55964193e+01 7.40276342e+00 7.79073703e+00 1.19658637e+01
 1.42919931e+01 1.06916469e+01 1.69033013e+01 6.53674581e+00
 1.63873912e+01 5.81342826e-01 7.25951987e+00 3.92247684e+00
 1.31259768e+01 1.27304686e+01 4.67493709e+00 1.02527967e+01
 4.56739579e+00 1.36105829e+01 1.04716594e+01 3.77881028e+00
 1.68136357e+01 1.21115268e+01 6.75327274e+00 1.61096000e+01
 2.74558110e+00 1.69511177e+01 1.62979429e+01 2.69823245e+00
 1.01410612e+01 1.27467100e+01 7.92413343e+00 1.08349569e+01
 5.58830579e+00 1.23772401e+01 8.05713317e+00 4.54845326e-01
 2.64141200e+00 9.99734037e+00 1.36558445e+01 1.64872490e+01
 1.33789627e+01 8.32250394e+00 9.71024831e+00 1.36438096e+01
 9.82260786e+00 1.15303866e+01 5.23283875e+00 3.29320515e+00
 1.37878686e+01 1.05354553e+01 1.28900403e+01 7.39939887e+00
 4.31595838e+00 9.77948054e+00 7.55820033e+00 1.41480788e+01
 1.66033145e+01 9.97732572e+00 1.23116892e+01 1.66591741e+01
 1.70136067e+01 9.15441438e+00 3.95727726e+00 1.45461294e+01
 1.33472355e+01 1.02794923e+01 1.31328570e+00 1.29823072e+01
 1.79515330e+01 1.81800818e+00 8.22933987e+00 1.67386335e+01
 1.14100273e+01 1.10366643e+01 1.58422756e+01 1.50321689e+01
 1.06296350e+01 6.81343491e+00 1.14062645e+01 1.06529328e+01
 4.63187396e+00 6.49991984e+00 1.32786118e+01 1.03879465e+01
 1.53384987e+01 5.87395418e+00]
2025-09-01 20:00:27,845 - pyswarms.single.global_best - INFO - Optimize for 50 iters with {'c1': 2, 'c2': 2, 'w': 0.9}
2025-09-01 20:00:28,489 - pyswarms.single.global_best - INFO - Optimization finished | best cost: 84.7543347578703, best pos: [16.29296959 14.18406472  3.80824189 10.11341877  0.17138386 13.53264309
  1.91261568 12.62475892  2.92318938 14.74083356 14.69754835  1.79688915
  9.71640485 13.96150287 13.46382476  5.80487563 11.29189213  8.11684235
  5.96495834  1.56910149 14.02773869  9.83731077 10.69283037 16.43089731
  6.71415099 10.65365433 11.17259375 13.46753839  2.43574706 13.12892757
 17.52396448  7.66021116 12.11032769 15.56369044  1.24667826  2.68706764
 14.64633686  7.64606355 17.15025668  1.22977335  9.27892825  6.48644405
  5.03927414  4.02495035  4.76377417  1.2276938  16.73627242 11.55848888
 10.61783304  2.53063237  9.18540833 10.4217853  13.26908829  5.91364588
 11.04010752 10.54767973  7.96831989  1.28156062  6.72047285  0.71257863
 15.22344446 15.25306419 13.97669863 17.95571656  7.20420321 18.12400789
  3.78941829  9.7026485  15.4923942   5.43207418  5.20654625  3.92422463
 14.44488609  9.06286705 13.55956397  8.80645109 10.09059809 13.6980172
  5.05899156 13.22663842  4.41866976 14.37719615  7.79416371 10.19798666
 18.02800482  1.10675482  5.35502641  3.50270321  8.01583853  6.92161908
  4.11522741 17.91675659 13.64099971  7.77469222 15.41976866  1.06222184
  8.98465961 15.46322341 12.7764654   6.85210849 14.66103793  9.9777122
 17.63645121 14.885339   15.78755495  7.25547427  9.3184329  15.80859274
 14.85986728 13.45913881 14.15510917 13.12264629 18.31377662  3.3503724
  3.91133387 15.008342   16.38272346 13.98853441 16.80112443 12.20018551
 11.35763537 16.81952362  8.0210856  15.83615288  8.32290074 14.19877891
  9.70956665 10.24657261  8.16368408  7.70254619  7.327093   11.42100527
  3.22839921  1.385215    7.53473983 14.90988402 12.8689161  13.32434496
  4.19630575 16.13216188 16.96331017 13.53300042  4.65951259  7.93694797
 12.52894514 18.86377541 12.80075754 15.20531487 13.65932091  8.70686241
  1.42061799 12.57741289  7.56436011  7.67359079 14.9096626   2.3426319
 13.77492458 18.72373355  0.35847564 16.88190341 12.17597944  7.83490967
 11.89767956  1.15868166  2.13089515 13.6474455   3.14671824  3.28186069
  6.64670058  6.91053022 10.80836553 14.72866059 18.3678023   5.00539496
 15.54178415  7.01889226  8.20066632 11.3043196   6.51081797 13.27716896
  2.53608812  3.55720667  3.61549225 18.81243732 12.58597934  1.79881506
 15.9516518  10.80585913 17.51314859 16.72051522  6.16379306 17.69706432
  9.14658423 15.19841122  6.99057703  0.02364721 16.67574059  5.30881377
 15.4933297  15.96190579  1.40579337  8.16746013  2.34120544  6.82948143
 13.35453923 13.39428073  8.35914128  1.81840005  4.41448971 18.31173528
  7.13143569 16.79725709  7.82003057  1.95918647  9.98401458 14.13397967
  5.77732908  1.91828082 13.18470261 14.84477615 10.77581331  4.97475819
 16.64867762 15.40807035  7.13352024  7.5222109   0.98705141 10.70671171
 10.95979051 11.23064719  8.00739448 16.02439401  1.26382261 14.2621622
 16.06246728  0.07692924 15.69282588 12.17180368  1.29699021 17.221231
  6.5647869  12.66944573 14.7637297   6.58642442 10.64897033 18.86082496
  8.32177945  5.5593361   3.24049761  8.11338446]
2025-09-01 20:00:28,523 - pyswarms.single.global_best - INFO - Optimize for 50 iters with {'c1': 2, 'c2': 2, 'w': 0.9}
2025-09-01 20:00:29,142 - pyswarms.single.global_best - INFO - Optimization finished | best cost: 140.68975824350812, best pos: [13.82699718  2.24353597 15.54989671  7.90551005 13.22885125  6.67386778
 15.25711843  5.94111479 13.35968613  1.43919773  8.63208995  0.57144201
  0.0685005   5.47689363  1.59048153  1.4426845  11.76858653  1.16423557
 12.86079513  0.11529693  9.7236863  15.26497255 13.30876682  6.9980385
  7.31917738 13.44115057 18.75932872 12.83925768  8.53506165 13.26704111
  1.59560313 11.98200152  0.67365223 10.18091348  2.74133313 15.62763296
  7.46926767 11.91574747 16.05974271 16.87013087 12.28837154 18.50982493
 11.0298175   7.75035049 12.71928418  7.90112678  8.55880269 11.73748334
  0.63738094  7.39108164  7.50394927 14.88777291 10.14490055  2.85018964
  8.0930246  11.64523167 10.3475859  13.79335715 13.99855311 16.73083979
  5.98043363  5.90341628 16.57541883  1.18425093  5.66566839  3.23139303
  0.39368861  0.66695108 14.3884761   2.27611306  5.58301067 11.79611269
  9.9452278   7.44652133 10.77401808 12.33227416 13.07017851 15.96089158
  4.34739663  0.7919316   9.25250829 10.29726063  7.76779197 15.34019154
 15.83562325 16.64589199  0.49885975 13.64779389  5.51353062 13.44739352
 16.33651917  4.39825005  3.67134839 14.48805247  8.60976993  2.68003749
 11.58537421  5.02830471  6.32157947 12.48440578 11.35282297  1.94486003
 10.41176496 10.64440499  7.72323223 15.56872581  7.56137256  3.60503158
 10.44380286  1.24292769 16.25722074  2.26022179 15.40524786  3.0696095
 14.09755631 17.68059715  6.96110051  6.08651769 13.08460412 17.62003984
 13.74466844  0.3594092  11.36734536  5.02059264  6.40864404  9.98647242
 16.10498543  6.05311446  6.65929086  2.41082715  8.590912    8.82734673
  8.34648042  9.87989525  6.35896859  0.42502499  6.79809081 15.61308796
  6.57195253  9.63716124  3.83343062  9.24508238 10.38913211  9.51054461
 11.51175956  7.67747895 13.34667637  0.26657922  7.32441512 16.57879422
  4.5930554  11.29788724  8.37469271 15.69166651 17.36946143 10.90299814
  3.48816234  4.59139731 13.03364482  4.09769426  7.37224393  8.55434133
  3.8875275   7.07417701  3.33626928  6.32698763  1.20467336  8.63242879
 11.09028918 12.04575196 11.45842392 10.39028307 14.0101796   4.94224392
 10.08768238  5.25335038 14.76341692  7.85940037  5.87871355  5.9039896
  6.30855236  3.29222386  8.8425606  11.37985481  3.6207272  14.08275189
 15.18574418  8.48162992  8.43105403  5.65406849  3.76921826  1.3402031
  6.44062019  4.85182733 11.03454597 17.02574386 15.95810135  1.58909555
  9.57096491 13.30974362 11.9040878  12.11893567 13.78398069 17.4047
  1.91561534 12.40577781 12.66165199  9.89503389 14.12650011  1.14788232
 16.43693084 12.49803988 14.42485398 10.54706294  1.15954776  5.49286156
  6.93484005  3.78111747 10.34727345  5.75010749  1.57970483  3.45194574
 12.06779374 17.24865235 17.29671107 16.21832072 15.74325645  5.01030018
  8.38019878 11.00256952 12.47484747 16.20929316  3.88917234  9.66471628
 15.34422472  3.27054378  6.18120624 13.86784219  9.82758091  1.85653463
 12.67660315  3.58417047  1.02689431  9.95481773  3.21544509  7.49578188
 13.60275477  3.57256146 17.74827878 10.04674302]
2025-09-01 20:00:29,178 - pyswarms.single.global_best - INFO - Optimize for 50 iters with {'c1': 2, 'c2': 2, 'w': 0.9}
2025-09-01 20:00:29,798 - pyswarms.single.global_best - INFO - Optimization finished | best cost: 1322.2327738689994, best pos: [ 1.93793876  7.81227008 15.5147822   6.55235396  5.62363557  6.82699684
  1.37976839 16.29570651  6.65927389 11.45343235  7.71192937  3.48740646
  0.66423596 10.78325766  7.12538546 10.14751771  5.15903432  3.52259092
 11.15107532 10.49938572  0.79205873  4.60333433  8.41364335  7.44047676
 12.99431474  4.40958592 13.37669694  9.22035731  8.38166245 11.0931838
  9.64160278  5.51527757  8.1908976   0.09391491 10.53831225 11.16449896
 18.292233   13.57572249 11.11464171  0.10572489 18.90283924  9.76345717
 13.43701523 12.26338176 11.56338958  7.12089188 14.43164558  5.36469301
 11.41862281  1.10591398  4.66342555 11.06194091 12.28656179 11.85149035
 15.17641104  5.11000885 16.20897046  7.55855447  8.89463141  8.18443249
  6.24860784  8.3636102  10.81361072 13.64577962  9.23114647 12.22064024
 13.06438335 12.01748978  1.6124256  10.00353962 10.2468778  16.20523056
 15.95206288  6.34956721 13.92949946  5.55698089  4.60637971 10.14767045
 10.51316337 13.32617275 13.64962956 10.14025156  5.1017993   0.9973189
  9.49924727 18.35738068  9.65521717 11.69638555 10.57460461 17.9670348
 15.25641079  7.56993052  1.71740023  8.43794198 12.87298144 11.87421862
  3.03387941  1.65090024  5.49239568 12.47219358 13.42278175  2.8109419
  7.05669755  8.60559735  9.23096812  9.75430917  3.30713464 14.22496897
  3.96128118  1.33817582 10.0911454   6.58878456 12.92238415 10.72156539
 13.83475108 10.86430408 16.30896521  6.46511103  6.79592482  5.88326331
 12.05669465  3.88526061 10.59282243 13.11586772  0.2132152  11.03311646
 17.17214651 17.57833427  0.89293466 16.56064382  8.67556902 11.73874128
  4.06189361  5.84992478 15.15390338 16.79618884  0.35895822 11.5333619
 14.23399596  9.07884568 11.81858523 11.84451684 18.01290526 17.57201156
  8.96458293 15.9094924  10.70712095  1.22961588  8.28909153  1.11998945
 14.24880343 17.49143256 11.88391859 13.24074175  4.52092761  8.69099949
  7.76432399 10.06287419  1.30355233  6.43640392  3.50821245 13.79770485
 12.07234916  5.16743958  5.70672799 14.22674586  0.09791606  0.4297785
 14.93338579 15.31628963  1.12569837 13.33218393 16.1762381   6.71033042
  2.2179221   4.38488887  7.39356426 17.03372087 15.00395943  3.48237549
 15.05945785  5.12620535  6.46392053  1.67144166 12.1143997   6.50681778
 11.58519575  9.64440454 12.6795147   2.05791205 12.77465739  9.89736653
 17.94336971  1.22129719  1.273269   11.23956862 16.15836472 15.2420176
 14.99070933  5.08440769 11.73243762 18.80384947  2.30122594  9.01512654
  8.30157523 12.86592393 11.97720518 12.96693944  3.69199457  0.11015209
 12.78567155 17.93467777 15.54902814 14.90238009  8.91397666 13.12717796
 12.47478327  3.87698972  0.30820827 17.23765543  7.93398109  7.36909875
  1.8420065   7.17110249 12.31562225  1.52594194  1.89954491 15.27889816
  8.77204802 14.94235666  7.3188729   7.71069965  6.52067086  0.9800296
 15.93293403 12.36829113  0.11206147 12.73593524 15.52743879  8.17521421
 12.70731918 16.32995419  7.87156523  4.90694624  6.40522486  5.44046291
 11.78933149  7.85734085  1.16746792  7.7219101 ]
2025-09-01 20:19:53,927 - pyswarms.single.global_best - INFO - Optimize for 50 iters with {'c1': 2, 'c2': 2, 'w': 0.9}
2025-09-01 20:19:54,835 - pyswarms.single.global_best - INFO - Optimization finished | best cost: 84.11556299505953, best pos: [9.16555668e+00 6.11937536e+00 8.19537676e+00 1.51513522e+01
 8.19016707e+00 7.09498945e+00 8.32283102e+00 1.08404316e+01
 1.84829220e+00 2.21072385e+00 1.39819386e+01 2.31619432e+00
 1.46102610e+01 1.83434521e+01 9.03014128e+00 1.44871241e+01
 1.33290673e+01 1.46414034e+01 4.86193870e+00 9.60634497e+00
 8.51695151e+00 1.34616818e+00 1.12279048e+01 1.22655353e+01
 5.95261466e+00 5.51619513e+00 1.54320685e+00 1.39984843e+01
 1.62060880e+01 1.64158290e+01 8.10816801e+00 1.52017264e+01
 1.21574172e+01 6.51164768e+00 4.24919923e-03 4.79668701e-01
 1.80254753e+01 6.14099916e-01 1.21204412e+01 9.86720761e+00
 7.82758249e-01 1.10396962e+01 1.74117506e+01 2.96150831e+00
 2.60485911e+00 1.01559520e+01 2.69133534e+00 8.31494002e+00
 7.25106907e+00 1.51505972e+01 1.57770276e+01 1.51959006e+01
 8.62293088e+00 8.39062785e+00 1.80803627e+01 6.67363465e+00
 1.65549680e+01 1.91522196e+00 6.06235935e+00 1.59671489e+01
 2.76722126e+00 1.34019472e+01 6.81475202e+00 1.84242940e+01
 9.25677426e+00 6.72796109e+00 2.66401099e+00 8.64876539e+00
 6.45684485e-01 3.55635749e+00 1.17708826e+01 1.35114717e+01
 1.62086674e+01 9.97272429e+00 1.00214634e+01 1.10850017e+00
 6.88508546e+00 6.35139083e+00 1.60523282e+01 1.48741486e+01
 6.30110929e+00 3.94500570e-01 9.13671069e-01 1.28774267e+01
 1.56076677e+01 9.70718587e+00 1.37007697e+01 1.62245949e+01
 3.44189066e-01 9.09431262e+00 1.00171031e+01 1.64961652e+01
 9.67911269e+00 1.29062667e+00 8.64461687e+00 1.62975788e+01
 8.06045075e+00 1.21220842e+01 1.51499902e+01 2.02634133e-01
 1.57013125e+01 6.84901394e+00 1.29663407e+01 1.05787611e+01
 1.04469217e+01 1.26987848e+01 1.47989949e+00 1.43273428e+01
 1.42622634e+01 1.13195123e+01 1.64480473e+01 3.25189027e+00
 1.36815288e+01 5.42815127e+00 1.36164480e+01 3.21018074e+00
 1.00456260e+01 1.86286715e+01 9.00598769e+00 1.54206855e+00
 6.99767145e+00 1.43848750e+01 1.79606500e+01 1.34884368e+01
 1.70335785e+00 8.12398260e-01 3.27343126e+00 1.56730166e+01
 1.10480626e+01 6.14761232e+00 3.14663419e+00 6.13469234e+00
 3.02284567e+00 1.47231917e+01 7.02708265e+00 1.78249915e+01
 1.62466410e+01 1.43433271e+01 1.30270332e+01 1.12437112e+00
 1.68751684e+01 1.06858222e+01 6.34185999e+00 1.76466647e+01
 1.47759982e+00 1.24782667e+01 1.82671460e+01 1.16164159e+01
 2.83697723e+00 1.78258664e+00 1.59035129e+01 1.02984647e+01
 3.31779526e+00 1.13460817e+01 1.00686350e+01 9.58264263e+00
 8.74376335e+00 5.66574935e+00 1.30476673e+00 2.52096695e+00
 9.62420853e+00 1.99019258e+00 5.15374186e+00 2.02258003e+00
 1.63578932e+01 2.12784782e+00 9.47117457e+00 1.33288462e+01
 9.63670036e+00 7.92262309e+00 5.77779709e+00 1.43977472e+01
 1.66536980e+01 1.68677215e+01 9.99881792e+00 1.69476901e+01
 1.72518800e+01 1.18814696e+01 1.09162610e+01 1.73402369e+01
 1.39214945e+01 1.29404539e+01 1.14931146e+01 4.64258456e+00
 6.02839152e+00 1.70422786e+01 7.28038325e+00 1.26173654e+01
 9.84405716e+00 1.09838524e+01 1.62871564e+01 9.86544757e+00
 9.79154220e-01 7.20912810e+00 1.11297056e+01 4.44284360e+00
 1.80020240e+00 1.20969356e+01 7.78217222e+00 3.44589556e+00
 7.97339357e+00 1.29067134e+01 1.54603878e+01 8.47136768e+00
 1.21126154e+01 8.15968976e+00 1.49531260e+01 1.38746506e+01
 6.16144027e+00 1.53289363e+01 7.59562544e+00 6.60267109e-01
 1.37819667e+01 1.66175103e+01 1.00620237e+01 1.59591165e+01
 1.23245207e+01 1.55158114e+01 4.69552343e+00 6.82691478e+00
 1.36987678e+01 1.09027807e+01 1.74382572e+01 1.14176733e+00
 1.46013219e-01 8.77363378e+00 8.06421993e+00 4.71856635e+00
 1.22510742e+01 1.26948036e+01 1.26087062e+01 1.95429042e+00
 7.66209436e+00 1.53173492e+01 1.37166135e+01 1.08610604e+01
 6.32906640e+00 9.77876463e+00 5.08497807e+00 3.77687604e+00
 1.85387798e+01 1.35523448e+01 1.55401266e+01 1.14043408e+00
 3.54878295e+00 1.52330848e+01 6.02170252e-01 1.54804103e+01
 1.04117297e+01 1.37323491e+01]
2025-09-01 20:19:54,875 - pyswarms.single.global_best - INFO - Optimize for 50 iters with {'c1': 2, 'c2': 2, 'w': 0.9}
2025-09-01 20:19:56,708 - pyswarms.single.global_best - INFO - Optimization finished | best cost: 141.29660241597898, best pos: [1.36412663e+00 8.24921411e-01 1.36405929e+01 1.53853957e+01
 1.61985934e+01 1.62543559e+01 1.69244845e+01 1.55098686e+01
 7.93130381e+00 3.58688141e+00 1.26823946e+01 1.17944758e+01
 1.23979982e+01 4.58689673e+00 1.58974239e+01 4.97373011e+00
 1.89426346e+01 1.50843864e+01 5.33467869e+00 1.31948275e+01
 5.19105581e+00 1.15182802e+01 1.76212247e+01 1.00224961e+01
 1.11080799e+01 1.76832652e+01 1.21704082e+01 6.95628886e+00
 1.48412051e+01 3.23651616e+00 1.20472726e+01 9.25798476e+00
 1.57274117e+01 1.00149728e+01 9.18962309e+00 7.19993751e+00
 6.12949038e+00 1.09833039e+01 1.65724219e+01 5.88538344e-01
 1.13464141e+01 1.65052976e+00 8.70080564e+00 4.42791595e+00
 1.37623041e+01 7.12301602e+00 8.75554977e+00 1.47513100e+01
 7.98900133e+00 3.54670923e+00 6.50974463e+00 8.98846497e-01
 7.55778536e+00 5.36002578e+00 6.22140966e+00 1.48057272e+00
 1.12705517e+00 2.87770815e+00 1.27335491e+01 1.74296874e+01
 7.52811353e+00 3.90528840e+00 1.11943447e+01 9.69773307e+00
 7.72569654e+00 1.46721793e+01 9.63135877e+00 2.25028559e+00
 1.25107275e+01 1.01718765e+01 6.87932798e+00 1.20454987e+01
 8.06866913e-01 4.56516170e+00 1.83951141e+01 7.10046071e+00
 1.33911905e+01 8.47614225e+00 1.19682269e+01 9.34764216e+00
 1.20052323e+01 1.45663786e+01 1.84605210e+01 5.08222368e+00
 1.78972843e+01 1.71582820e+01 6.52931746e+00 5.19757344e+00
 1.83675489e+01 4.71100233e+00 1.76043009e+01 1.50632054e+01
 6.88135007e+00 1.22837027e+01 9.04696605e+00 3.16000738e+00
 8.73921370e+00 1.29159693e+01 6.05765163e+00 1.00737622e+01
 1.45457971e+01 4.18254346e+00 1.11247201e+01 1.24545855e+01
 3.34429334e+00 9.98712611e+00 7.12542800e+00 1.02995744e+01
 1.04777753e+01 7.65695919e+00 1.43346879e+00 1.04636565e+01
 1.32307992e+01 1.17788819e+00 1.03723070e+01 9.81594297e+00
 9.77777366e+00 1.64080668e+00 1.42714228e+01 8.04740544e+00
 1.01603707e+01 1.07885666e+01 1.18678921e+01 1.64029949e+00
 1.58498963e+01 7.61861664e+00 1.50276150e+01 1.71190318e+01
 1.65081733e+01 1.26386567e+01 8.16027033e+00 7.75105469e+00
 1.12727242e+01 1.67980101e+01 5.29102629e-03 1.33897415e+01
 9.05333132e+00 6.11743034e-01 5.59538573e+00 1.27200131e+01
 1.35808484e+01 6.80804800e+00 3.19581941e+00 7.81509081e+00
 2.44640423e+00 1.26391958e+01 1.28813645e+00 1.28479443e+01
 1.59630999e+01 3.38942680e+00 7.67799097e+00 6.33891134e+00
 9.61625667e+00 1.12506400e+01 2.57863075e+00 3.72809479e+00
 7.06628216e+00 2.86416223e+00 1.03469589e+01 7.16566021e+00
 1.50116193e+01 1.39654685e+01 9.12536784e+00 1.35972983e+01
 1.09786471e+00 5.70284624e+00 1.70134175e+01 2.75917790e-01
 6.09342043e+00 4.73394799e+00 1.04606177e+01 1.66243152e+01
 6.88465558e+00 7.41395310e+00 4.79997363e+00 1.33047873e+00
 4.14225880e-01 1.17986370e+01 3.02538756e+00 4.42652553e+00
 9.93779368e+00 7.52927231e+00 3.43510470e+00 1.23524331e+01
 5.78197628e+00 1.16199897e+01 1.50589085e+01 7.32378664e+00
 7.89806411e+00 1.03198203e+01 1.22720919e+01 1.65527773e+01
 1.60605413e+01 1.28210792e+01 1.72402588e+01 7.27217589e+00
 7.10975869e-01 9.53965253e+00 1.57057441e+01 3.29803922e+00
 6.56256975e+00 1.39347969e+00 1.30949433e+01 1.53225560e+01
 6.66491051e+00 6.84688386e+00 1.81966474e+01 1.06721851e+00
 1.59205487e+01 2.06192538e+00 7.81786043e+00 1.53878161e+01
 6.81308341e+00 1.08446931e+01 1.61955292e+01 2.49559978e+00
 1.45586316e+00 1.05531677e+01 1.03541418e+01 8.76776158e+00
 1.26940937e+01 1.81162202e+01 1.33055056e+01 1.50652388e+01
 1.04472644e+01 1.02941573e+01 1.09053525e+01 3.66270809e+00
 9.70923153e+00 1.00121953e+01 8.79436165e+00 1.92455318e+00
 1.27538955e+01 7.66769776e+00 1.39655720e+01 1.82833986e+01
 1.02777295e+01 6.87047947e+00 1.35091467e+01 8.52640192e+00
 6.25627567e+00 5.46079712e+00 4.36999126e+00 6.92104800e+00
 8.60385288e+00 1.61535542e+01 1.33995370e+01 9.18990397e+00
 5.95674858e+00 1.47278416e+01]
2025-09-01 20:19:56,759 - pyswarms.single.global_best - INFO - Optimize for 50 iters with {'c1': 2, 'c2': 2, 'w': 0.9}
2025-09-01 20:19:58,583 - pyswarms.single.global_best - INFO - Optimization finished | best cost: 1330.3435722634595, best pos: [ 7.22306489 15.92679421 13.83159728 17.25397962 11.00540778  7.78737056
  0.08291708 14.4008907   5.75281248 17.2204668   9.9190952  13.96445426
 11.07093895  4.48066314 16.52298958  2.96576819  1.46700631 15.36474063
 15.15199773  1.83650336 10.22053508  9.72081327  6.98676714 13.86888882
 16.58557328 15.83502522 10.78971926  2.80857325  6.50855294 17.83306553
 13.68854303 14.52728453 15.9494835  17.80086381  9.19585025 11.28685913
 11.26998612 12.35192385 13.51844505  3.75653417  7.45066588 13.70601231
 10.77857788 13.39794499  0.05440329 11.58242495 10.88841626 12.81325983
  0.98212478 16.57042748  6.49983783  4.03327388 15.72501923  2.17542631
 11.0006021   6.10184688 12.67504207  6.03473206  0.40563176  4.38296015
  9.11471237  1.72145287 15.80267864 12.52644623 11.36603378 11.67469036
  1.47700885 11.94665496  4.43307947  2.0640982  16.51958473 10.72269052
 16.25346852 14.5208388   2.83591467  7.18950021 10.02389516  7.63356587
  1.6097777   6.49157432  2.26590634  2.58204451 11.27470995  8.67705772
 17.65530067  4.13247854  6.91528479 18.02236399 11.48280829  9.44776889
  9.21830334  6.63161536  0.76544434 13.37640337 11.14471769 11.9835338
  9.90706231  4.72933635  0.24179093 12.04990585 18.37331773  8.77344071
 15.06955015  5.75863736  9.79312776  7.94998787 11.74976667  5.54754419
  2.51863982 11.21075399  6.76094925  5.24738406  2.26806673 11.07761571
 10.8956558   4.56266478 17.75470564  2.58151107 14.9282092   0.51908489
 16.7714007  13.651695   15.8061204   6.80414148 17.22471702 15.34230288
  4.11333133  7.54273593  2.18923599 13.8539611   8.54993836  1.32483846
 14.67884233 11.07619811  0.75588171 14.82872813  6.52211924 14.1803662
  8.18380328 15.01955396  9.53291352 12.50076921  6.25665931 16.68863719
 11.05592384  0.52856951 10.98178101  8.85828782 13.9949562  15.48446258
  9.51362052 10.77274804 17.40163388  9.01337121 15.52003399  8.21557746
 12.7300785  10.38251351  6.51728108  1.102807    6.08789042 12.1145478
  5.86456549  8.1079165   4.81433643  3.28602422 11.13208246 11.34450479
 18.13337064  8.70017202  2.42929693 14.41712716 13.54652168 12.50239357
 15.94188117  0.6656949  10.09556155  5.19956003 10.38756743 13.81527789
 10.34749627  1.90852956 10.8076024  11.61367146 10.70566331  8.48866042
  6.46722997 14.70840071  9.21119991 14.12423464 11.09969905  4.36180282
 13.36127325 10.0264509  14.09021568  7.6329714  13.61495611  5.98663626
  3.70961538 14.26225152 14.17073827  1.56964453 13.10028528  3.79066194
  5.44964646 12.19317809  8.26433909 10.0640371   1.37841344  0.16941999
  6.03030631 16.89763132  7.37710891 15.36028301  1.14399392  9.30643259
  9.85443174  9.82479231  8.02628796 11.29016675 18.85409937 12.16290955
  6.60605199  1.20367256  1.73360013 15.14456279  6.54262951 12.82923076
  5.77985775 10.15852285  7.61684007  8.33735832 12.09044924 13.51136041
 15.11464467  6.58887477 15.45008308  5.97065022  2.26724581 15.56791555
  2.18048443 12.88033217 10.71904448 13.56757922  7.1022338  10.1590372
  7.46900316  0.27522047 17.1049382   9.10230164]
2025-09-02 10:00:16,993 - pyswarms.single.global_best - INFO - Optimize for 50 iters with {'c1': 2, 'c2': 2, 'w': 0.9}
2025-09-02 10:00:17,862 - pyswarms.single.global_best - INFO - Optimization finished | best cost: 84.11556299505953, best pos: [9.16555668e+00 6.11937536e+00 8.19537676e+00 1.51513522e+01
 8.19016707e+00 7.09498945e+00 8.32283102e+00 1.08404316e+01
 1.84829220e+00 2.21072385e+00 1.39819386e+01 2.31619432e+00
 1.46102610e+01 1.83434521e+01 9.03014128e+00 1.44871241e+01
 1.33290673e+01 1.46414034e+01 4.86193870e+00 9.60634497e+00
 8.51695151e+00 1.34616818e+00 1.12279048e+01 1.22655353e+01
 5.95261466e+00 5.51619513e+00 1.54320685e+00 1.39984843e+01
 1.62060880e+01 1.64158290e+01 8.10816801e+00 1.52017264e+01
 1.21574172e+01 6.51164768e+00 4.24919923e-03 4.79668701e-01
 1.80254753e+01 6.14099916e-01 1.21204412e+01 9.86720761e+00
 7.82758249e-01 1.10396962e+01 1.74117506e+01 2.96150831e+00
 2.60485911e+00 1.01559520e+01 2.69133534e+00 8.31494002e+00
 7.25106907e+00 1.51505972e+01 1.57770276e+01 1.51959006e+01
 8.62293088e+00 8.39062785e+00 1.80803627e+01 6.67363465e+00
 1.65549680e+01 1.91522196e+00 6.06235935e+00 1.59671489e+01
 2.76722126e+00 1.34019472e+01 6.81475202e+00 1.84242940e+01
 9.25677426e+00 6.72796109e+00 2.66401099e+00 8.64876539e+00
 6.45684485e-01 3.55635749e+00 1.17708826e+01 1.35114717e+01
 1.62086674e+01 9.97272429e+00 1.00214634e+01 1.10850017e+00
 6.88508546e+00 6.35139083e+00 1.60523282e+01 1.48741486e+01
 6.30110929e+00 3.94500570e-01 9.13671069e-01 1.28774267e+01
 1.56076677e+01 9.70718587e+00 1.37007697e+01 1.62245949e+01
 3.44189066e-01 9.09431262e+00 1.00171031e+01 1.64961652e+01
 9.67911269e+00 1.29062667e+00 8.64461687e+00 1.62975788e+01
 8.06045075e+00 1.21220842e+01 1.51499902e+01 2.02634133e-01
 1.57013125e+01 6.84901394e+00 1.29663407e+01 1.05787611e+01
 1.04469217e+01 1.26987848e+01 1.47989949e+00 1.43273428e+01
 1.42622634e+01 1.13195123e+01 1.64480473e+01 3.25189027e+00
 1.36815288e+01 5.42815127e+00 1.36164480e+01 3.21018074e+00
 1.00456260e+01 1.86286715e+01 9.00598769e+00 1.54206855e+00
 6.99767145e+00 1.43848750e+01 1.79606500e+01 1.34884368e+01
 1.70335785e+00 8.12398260e-01 3.27343126e+00 1.56730166e+01
 1.10480626e+01 6.14761232e+00 3.14663419e+00 6.13469234e+00
 3.02284567e+00 1.47231917e+01 7.02708265e+00 1.78249915e+01
 1.62466410e+01 1.43433271e+01 1.30270332e+01 1.12437112e+00
 1.68751684e+01 1.06858222e+01 6.34185999e+00 1.76466647e+01
 1.47759982e+00 1.24782667e+01 1.82671460e+01 1.16164159e+01
 2.83697723e+00 1.78258664e+00 1.59035129e+01 1.02984647e+01
 3.31779526e+00 1.13460817e+01 1.00686350e+01 9.58264263e+00
 8.74376335e+00 5.66574935e+00 1.30476673e+00 2.52096695e+00
 9.62420853e+00 1.99019258e+00 5.15374186e+00 2.02258003e+00
 1.63578932e+01 2.12784782e+00 9.47117457e+00 1.33288462e+01
 9.63670036e+00 7.92262309e+00 5.77779709e+00 1.43977472e+01
 1.66536980e+01 1.68677215e+01 9.99881792e+00 1.69476901e+01
 1.72518800e+01 1.18814696e+01 1.09162610e+01 1.73402369e+01
 1.39214945e+01 1.29404539e+01 1.14931146e+01 4.64258456e+00
 6.02839152e+00 1.70422786e+01 7.28038325e+00 1.26173654e+01
 9.84405716e+00 1.09838524e+01 1.62871564e+01 9.86544757e+00
 9.79154220e-01 7.20912810e+00 1.11297056e+01 4.44284360e+00
 1.80020240e+00 1.20969356e+01 7.78217222e+00 3.44589556e+00
 7.97339357e+00 1.29067134e+01 1.54603878e+01 8.47136768e+00
 1.21126154e+01 8.15968976e+00 1.49531260e+01 1.38746506e+01
 6.16144027e+00 1.53289363e+01 7.59562544e+00 6.60267109e-01
 1.37819667e+01 1.66175103e+01 1.00620237e+01 1.59591165e+01
 1.23245207e+01 1.55158114e+01 4.69552343e+00 6.82691478e+00
 1.36987678e+01 1.09027807e+01 1.74382572e+01 1.14176733e+00
 1.46013219e-01 8.77363378e+00 8.06421993e+00 4.71856635e+00
 1.22510742e+01 1.26948036e+01 1.26087062e+01 1.95429042e+00
 7.66209436e+00 1.53173492e+01 1.37166135e+01 1.08610604e+01
 6.32906640e+00 9.77876463e+00 5.08497807e+00 3.77687604e+00
 1.85387798e+01 1.35523448e+01 1.55401266e+01 1.14043408e+00
 3.54878295e+00 1.52330848e+01 6.02170252e-01 1.54804103e+01
 1.04117297e+01 1.37323491e+01]
2025-09-02 10:00:17,897 - pyswarms.single.global_best - INFO - Optimize for 50 iters with {'c1': 2, 'c2': 2, 'w': 0.9}
2025-09-02 10:00:18,759 - pyswarms.single.global_best - INFO - Optimization finished | best cost: 141.29660241597898, best pos: [1.36412663e+00 8.24921411e-01 1.36405929e+01 1.53853957e+01
 1.61985934e+01 1.62543559e+01 1.69244845e+01 1.55098686e+01
 7.93130381e+00 3.58688141e+00 1.26823946e+01 1.17944758e+01
 1.23979982e+01 4.58689673e+00 1.58974239e+01 4.97373011e+00
 1.89426346e+01 1.50843864e+01 5.33467869e+00 1.31948275e+01
 5.19105581e+00 1.15182802e+01 1.76212247e+01 1.00224961e+01
 1.11080799e+01 1.76832652e+01 1.21704082e+01 6.95628886e+00
 1.48412051e+01 3.23651616e+00 1.20472726e+01 9.25798476e+00
 1.57274117e+01 1.00149728e+01 9.18962309e+00 7.19993751e+00
 6.12949038e+00 1.09833039e+01 1.65724219e+01 5.88538344e-01
 1.13464141e+01 1.65052976e+00 8.70080564e+00 4.42791595e+00
 1.37623041e+01 7.12301602e+00 8.75554977e+00 1.47513100e+01
 7.98900133e+00 3.54670923e+00 6.50974463e+00 8.98846497e-01
 7.55778536e+00 5.36002578e+00 6.22140966e+00 1.48057272e+00
 1.12705517e+00 2.87770815e+00 1.27335491e+01 1.74296874e+01
 7.52811353e+00 3.90528840e+00 1.11943447e+01 9.69773307e+00
 7.72569654e+00 1.46721793e+01 9.63135877e+00 2.25028559e+00
 1.25107275e+01 1.01718765e+01 6.87932798e+00 1.20454987e+01
 8.06866913e-01 4.56516170e+00 1.83951141e+01 7.10046071e+00
 1.33911905e+01 8.47614225e+00 1.19682269e+01 9.34764216e+00
 1.20052323e+01 1.45663786e+01 1.84605210e+01 5.08222368e+00
 1.78972843e+01 1.71582820e+01 6.52931746e+00 5.19757344e+00
 1.83675489e+01 4.71100233e+00 1.76043009e+01 1.50632054e+01
 6.88135007e+00 1.22837027e+01 9.04696605e+00 3.16000738e+00
 8.73921370e+00 1.29159693e+01 6.05765163e+00 1.00737622e+01
 1.45457971e+01 4.18254346e+00 1.11247201e+01 1.24545855e+01
 3.34429334e+00 9.98712611e+00 7.12542800e+00 1.02995744e+01
 1.04777753e+01 7.65695919e+00 1.43346879e+00 1.04636565e+01
 1.32307992e+01 1.17788819e+00 1.03723070e+01 9.81594297e+00
 9.77777366e+00 1.64080668e+00 1.42714228e+01 8.04740544e+00
 1.01603707e+01 1.07885666e+01 1.18678921e+01 1.64029949e+00
 1.58498963e+01 7.61861664e+00 1.50276150e+01 1.71190318e+01
 1.65081733e+01 1.26386567e+01 8.16027033e+00 7.75105469e+00
 1.12727242e+01 1.67980101e+01 5.29102629e-03 1.33897415e+01
 9.05333132e+00 6.11743034e-01 5.59538573e+00 1.27200131e+01
 1.35808484e+01 6.80804800e+00 3.19581941e+00 7.81509081e+00
 2.44640423e+00 1.26391958e+01 1.28813645e+00 1.28479443e+01
 1.59630999e+01 3.38942680e+00 7.67799097e+00 6.33891134e+00
 9.61625667e+00 1.12506400e+01 2.57863075e+00 3.72809479e+00
 7.06628216e+00 2.86416223e+00 1.03469589e+01 7.16566021e+00
 1.50116193e+01 1.39654685e+01 9.12536784e+00 1.35972983e+01
 1.09786471e+00 5.70284624e+00 1.70134175e+01 2.75917790e-01
 6.09342043e+00 4.73394799e+00 1.04606177e+01 1.66243152e+01
 6.88465558e+00 7.41395310e+00 4.79997363e+00 1.33047873e+00
 4.14225880e-01 1.17986370e+01 3.02538756e+00 4.42652553e+00
 9.93779368e+00 7.52927231e+00 3.43510470e+00 1.23524331e+01
 5.78197628e+00 1.16199897e+01 1.50589085e+01 7.32378664e+00
 7.89806411e+00 1.03198203e+01 1.22720919e+01 1.65527773e+01
 1.60605413e+01 1.28210792e+01 1.72402588e+01 7.27217589e+00
 7.10975869e-01 9.53965253e+00 1.57057441e+01 3.29803922e+00
 6.56256975e+00 1.39347969e+00 1.30949433e+01 1.53225560e+01
 6.66491051e+00 6.84688386e+00 1.81966474e+01 1.06721851e+00
 1.59205487e+01 2.06192538e+00 7.81786043e+00 1.53878161e+01
 6.81308341e+00 1.08446931e+01 1.61955292e+01 2.49559978e+00
 1.45586316e+00 1.05531677e+01 1.03541418e+01 8.76776158e+00
 1.26940937e+01 1.81162202e+01 1.33055056e+01 1.50652388e+01
 1.04472644e+01 1.02941573e+01 1.09053525e+01 3.66270809e+00
 9.70923153e+00 1.00121953e+01 8.79436165e+00 1.92455318e+00
 1.27538955e+01 7.66769776e+00 1.39655720e+01 1.82833986e+01
 1.02777295e+01 6.87047947e+00 1.35091467e+01 8.52640192e+00
 6.25627567e+00 5.46079712e+00 4.36999126e+00 6.92104800e+00
 8.60385288e+00 1.61535542e+01 1.33995370e+01 9.18990397e+00
 5.95674858e+00 1.47278416e+01]
2025-09-02 10:00:18,792 - pyswarms.single.global_best - INFO - Optimize for 50 iters with {'c1': 2, 'c2': 2, 'w': 0.9}
2025-09-02 10:00:19,647 - pyswarms.single.global_best - INFO - Optimization finished | best cost: 1330.3435722634595, best pos: [ 7.22306489 15.92679421 13.83159728 17.25397962 11.00540778  7.78737056
  0.08291708 14.4008907   5.75281248 17.2204668   9.9190952  13.96445426
 11.07093895  4.48066314 16.52298958  2.96576819  1.46700631 15.36474063
 15.15199773  1.83650336 10.22053508  9.72081327  6.98676714 13.86888882
 16.58557328 15.83502522 10.78971926  2.80857325  6.50855294 17.83306553
 13.68854303 14.52728453 15.9494835  17.80086381  9.19585025 11.28685913
 11.26998612 12.35192385 13.51844505  3.75653417  7.45066588 13.70601231
 10.77857788 13.39794499  0.05440329 11.58242495 10.88841626 12.81325983
  0.98212478 16.57042748  6.49983783  4.03327388 15.72501923  2.17542631
 11.0006021   6.10184688 12.67504207  6.03473206  0.40563176  4.38296015
  9.11471237  1.72145287 15.80267864 12.52644623 11.36603378 11.67469036
  1.47700885 11.94665496  4.43307947  2.0640982  16.51958473 10.72269052
 16.25346852 14.5208388   2.83591467  7.18950021 10.02389516  7.63356587
  1.6097777   6.49157432  2.26590634  2.58204451 11.27470995  8.67705772
 17.65530067  4.13247854  6.91528479 18.02236399 11.48280829  9.44776889
  9.21830334  6.63161536  0.76544434 13.37640337 11.14471769 11.9835338
  9.90706231  4.72933635  0.24179093 12.04990585 18.37331773  8.77344071
 15.06955015  5.75863736  9.79312776  7.94998787 11.74976667  5.54754419
  2.51863982 11.21075399  6.76094925  5.24738406  2.26806673 11.07761571
 10.8956558   4.56266478 17.75470564  2.58151107 14.9282092   0.51908489
 16.7714007  13.651695   15.8061204   6.80414148 17.22471702 15.34230288
  4.11333133  7.54273593  2.18923599 13.8539611   8.54993836  1.32483846
 14.67884233 11.07619811  0.75588171 14.82872813  6.52211924 14.1803662
  8.18380328 15.01955396  9.53291352 12.50076921  6.25665931 16.68863719
 11.05592384  0.52856951 10.98178101  8.85828782 13.9949562  15.48446258
  9.51362052 10.77274804 17.40163388  9.01337121 15.52003399  8.21557746
 12.7300785  10.38251351  6.51728108  1.102807    6.08789042 12.1145478
  5.86456549  8.1079165   4.81433643  3.28602422 11.13208246 11.34450479
 18.13337064  8.70017202  2.42929693 14.41712716 13.54652168 12.50239357
 15.94188117  0.6656949  10.09556155  5.19956003 10.38756743 13.81527789
 10.34749627  1.90852956 10.8076024  11.61367146 10.70566331  8.48866042
  6.46722997 14.70840071  9.21119991 14.12423464 11.09969905  4.36180282
 13.36127325 10.0264509  14.09021568  7.6329714  13.61495611  5.98663626
  3.70961538 14.26225152 14.17073827  1.56964453 13.10028528  3.79066194
  5.44964646 12.19317809  8.26433909 10.0640371   1.37841344  0.16941999
  6.03030631 16.89763132  7.37710891 15.36028301  1.14399392  9.30643259
  9.85443174  9.82479231  8.02628796 11.29016675 18.85409937 12.16290955
  6.60605199  1.20367256  1.73360013 15.14456279  6.54262951 12.82923076
  5.77985775 10.15852285  7.61684007  8.33735832 12.09044924 13.51136041
 15.11464467  6.58887477 15.45008308  5.97065022  2.26724581 15.56791555
  2.18048443 12.88033217 10.71904448 13.56757922  7.1022338  10.1590372
  7.46900316  0.27522047 17.1049382   9.10230164]
2025-09-02 10:02:57,336 - pyswarms.single.global_best - INFO - Optimize for 50 iters with {'c1': 2, 'c2': 2, 'w': 0.9}
2025-09-02 10:02:58,518 - pyswarms.single.global_best - INFO - Optimization finished | best cost: 84.38939363199387, best pos: [ 6.8743329  10.24788041  8.55262905  9.06557968  3.72249277 11.5527441
  8.51865303 16.53929104  3.08296455 17.50497771 11.14263159  7.36462709
 16.1990423   7.10600175 11.20449078  0.4610334   7.57139618  5.41817112
  0.28317838  3.25388886 17.83362952 14.91156974 14.9498265   8.18349619
  4.8542112  10.75346302 14.00240494  5.76508075 15.29617458 16.65167789
  6.28039761  6.33590878 15.60547308 12.34059841 12.29637885  2.53058118
  9.37248221  7.07672407  0.32586432 15.41392118  9.08493979  4.15797454
 12.37905494 15.84332436  7.91660684 16.57950506 10.18027508  4.0971318
 18.18710309  6.90430582  9.99091897 13.65804988 16.17680471 11.88805044
 10.32219067  1.1764004   1.40702724  8.28678792 13.7515601   4.98805291
 13.32148723 14.11453876 16.70484356 16.95044267  9.963125    9.64701665
  9.97951993 11.46150986 11.6967864   3.36987506 10.74930192  6.89174502
 17.65987886 16.65084083  8.92083465 17.90978155 14.15889396  1.83955097
 16.68108487 14.81834279 14.21790913 18.56329713 13.1422596   9.4033026
 10.82922709  2.75516596 14.06639754  9.46157545 17.80247014 10.32459267
 12.56570414  3.77337057  9.81360564 18.48276883 17.40322531  2.23121748
  2.73336115 17.05918357 14.88244775  3.67959363 11.48018996 15.0171837
 16.33766688 13.00734803 17.80797854  6.43112075 13.34797281  5.68898862
  2.17602011 14.26656871  0.68981296  1.19331517  7.74278842 17.39373466
  1.64425141  3.57903919  6.49630047 17.13217582 11.83108483  9.48485067
  1.93737051 14.41796353  9.0750636   2.15036072 16.38350574 17.5603049
 11.00761751 14.25288623 16.64995771  9.07628386  4.10826401  9.2421091
  7.08217968  0.26276738 16.07755039  4.61579193 15.99930002 12.77338888
  2.9738609   1.85063852  9.37142104  1.70474983 14.71916968 14.77452041
  3.41723252 15.11435448  3.28671911 10.99239982  0.25987869 14.52430839
  6.6921237  10.34451809 15.20855053  0.23295177  6.15688078 13.7370873
 18.6123648  17.54247383 18.95226425  4.59550493 16.15254439 13.97605295
 16.30080955  7.70863308  7.38741356  7.11012239  9.7555516   0.80762252
 14.73646597  2.84904978  5.47518046  5.71457275  6.39499832  7.46412909
  2.95934476  9.47421909 11.28673278  7.96208159 16.19811547  6.84354967
 13.39984256 10.50223311 12.47097695 11.49980292 15.35060344  5.97684763
  3.39596201  6.86015889 10.99146635 13.91898403 14.00525424 10.87642863
  1.56080263  9.04426985 14.79383415 12.53413808  9.96466043 17.1201073
  9.66708416 12.9472005  11.18924558  5.12210449  7.26238699 10.6899136
  5.42007281  9.50255535 18.986686    9.49374737 14.83127225  5.06882808
 12.94044009 16.60717832  7.96238043 18.32414418 15.25400182  4.71059207
 10.38165494 16.69533944 15.78059567  4.17861158 16.89806724  0.81712194
  7.82550355 14.50862527 13.12764652  9.57480676 12.9398624  13.57629161
  0.15639472 10.1391875   0.65317562 11.91189433  6.54745512  7.77769914
 16.04360743  5.64402398  7.46503089 16.64787484  3.9837584  10.22856383
 16.25709442 16.0248224  18.66076407 11.59822444 14.77064839  3.76037684
  9.63165533 12.80373442 14.67398337  3.34815434]
2025-09-02 10:02:58,544 - pyswarms.single.global_best - INFO - Optimize for 50 iters with {'c1': 2, 'c2': 2, 'w': 0.9}
2025-09-02 10:02:59,700 - pyswarms.single.global_best - INFO - Optimization finished | best cost: 140.27730342683472, best pos: [10.40252387  6.13316763  4.69437558 13.24628061 11.64425501  6.44242854
 18.4680699   9.69374818  7.06365281  6.8934674   6.30158842  6.55765513
  9.44877327 16.27591123  3.58601402 13.21269812  3.8845752   8.89196948
  0.61288595 11.6650765  18.52900558 13.44665083 13.13607406  3.5578205
 15.46811044  6.94493868 12.23487433 11.42901416  9.35432551 16.8886524
 10.5097451   4.65159134 11.50616096  8.75908704  9.89317672 18.61652926
 13.95449642  6.51401674 11.30182609  1.76615679  7.77563119  7.56208115
 14.64342587  1.39463611 12.39133201 13.04106651 11.79568157 10.89823162
 12.92862241  2.92399401 10.54517486  2.58364467  6.91356161 14.20474221
  3.80935416  7.29573946 16.31531241 12.06782366  1.87504369  7.8880946
  4.75922787 10.56603597 16.57736365 11.60882753 13.60493256 11.57173686
 15.0733725  10.75557492 11.57393488  8.56012925 17.53784743 16.42416064
  3.77844526  2.55080421  8.26014845 15.20707861 12.25948559 17.48212355
 13.76053348  7.49239344 12.72504018  8.53933028  3.44422905 10.56027036
 16.74888967  9.6487719   5.90371665 16.86033399  3.78286389 10.77956666
  2.80968885  8.97560389  8.11230611 12.28865574  8.83748459  3.33164518
  9.59871855 12.19439395 13.49544665 10.62736117 17.96982429  6.03269754
  1.64783234  0.6380819  12.91380315  8.50598276 10.18108478  6.53060616
  6.43350941  7.29804043 15.66653763  9.64931826 14.05147197 11.55156259
 10.35007433 11.08683134 12.16925635  0.05194009  1.23302542 11.41116663
 12.71522337 16.07312941 12.71905833 16.82247477  7.8671154   9.25949493
 12.00895173  9.36212903 15.30697832  8.51129298 15.21850374 12.18312866
  8.04415952 12.60123658 14.2828076  15.83592664 15.39345986 14.86272212
  0.69312285  3.68756051 10.41440632 18.00196924  2.23983645  8.58668257
  8.99398079  4.13313366 16.41586999 13.44024747 13.49416619 13.90133792
 14.30559025  7.74756653 13.54690187  9.13712546 15.25714048  2.33179279
 11.96374956 11.95713719 13.06018816 14.99787953 12.05521404  7.00461827
  3.48330577 10.28930673  4.79304593  2.93469621 16.3481135   5.68359226
 12.10508938 11.31766855 14.41345386  9.21029361 17.46675488  0.37211945
 10.0029973   9.4902894  13.31287644  7.35151136  2.26388303  6.37797887
  2.97315875  1.88982772  9.32831646  3.78930672  1.69518497  3.66079292
  3.60611916  1.72463228 13.65233418  0.3802286  13.34925393  9.17899998
  3.50768035 10.53770155 12.45004113 12.73077972  7.64008203  9.76560231
  0.84032769 11.59554681 17.5554747  17.9331395  11.67486743 10.8782906
  9.35698884  0.90049488  6.77986484 11.76418291 18.48588876  7.84828876
  8.0907308   9.66197322 10.17363237 10.05221483  8.0538681  11.91673969
 14.42642737  8.41045453 16.00680851  6.17436683 13.69699494  3.15769576
 10.45903255 14.63387658  6.9911766   2.76980466 16.39412674  5.65810598
  4.36934825  2.54608693  2.18180667  0.27563915  6.81229236  6.46761396
 13.84399162  6.69546732 16.51497791 10.43762585  7.29027802 15.10180718
 11.58622336  2.44008426  2.90170505  0.56397824  7.47821223  0.67422945
  2.43560688  7.51424147  3.33309599 10.1629915 ]
2025-09-02 10:02:59,724 - pyswarms.single.global_best - INFO - Optimize for 50 iters with {'c1': 2, 'c2': 2, 'w': 0.9}
2025-09-02 10:03:00,876 - pyswarms.single.global_best - INFO - Optimization finished | best cost: 1316.587486910646, best pos: [ 6.93285978 10.36642603  8.80983476 12.65647765  4.57466832  6.25576223
  9.82340658 12.93116666 12.13550787 16.20240314 11.08713387 13.96806643
  7.85691654  2.80659934  6.15325584 13.97861584  4.51673287  8.07096579
  1.76415419 13.42398809 13.55597138  6.92662786  6.50080385 14.28097518
  9.55413358  2.15698209  4.26136516  9.45847371  7.754876    3.06802351
  9.80587317  0.25883395 10.03280676  9.01056006 15.44603111  2.61704685
  9.69124331 11.03592351  7.46865363  3.29590782 12.5711933  14.36448422
 13.40065214 15.10342604  6.93353824  7.99454516 11.89391451 18.67347236
 17.060394   18.37444073  6.36243727  6.57566042 11.84030713  6.81566752
  6.81291916  8.98569956  5.46398356  6.59509268  0.47415486  3.73256348
 12.72700786 13.14357081 11.97017214 18.37375058  3.88767104  3.92707189
 12.66340657 10.03918156  2.27888502 11.22227763  8.66515502 15.96648807
 12.36882911 16.19525602  2.75713699  6.9398114   8.21593177 10.56287501
 11.04795851  9.97131055 15.48424932 12.78193887 17.53957889 17.94043733
 11.57737802  6.6129913  10.31374287 16.17329402 16.1440456  11.12998608
  7.79564711 13.95927868  4.33901545 15.68788888  0.56966942  7.35120989
  6.88415412  5.84416049 16.64701712 13.30282723  5.6276809   3.50029702
  1.15236213 11.80870352  0.9377749  10.33189966  6.39099309  3.89949632
  8.40806071 15.17618198 16.35261959  4.03665979  5.88801446 12.92771778
 13.03435692 14.88906372 14.83523254  1.77639935  1.79633506  6.89686614
 10.19498515  3.56221034  3.66213141 15.88012154 11.56139757 11.68792407
  8.55901419  6.96334954  6.9984162  13.91819254 15.43908296  6.28971214
  4.62483956 16.05858825  4.06559481 13.11659901 15.83034886  8.76025265
 11.72094175 16.90725598 15.81623091 10.89303609 10.14588287 13.32063275
 12.01711407  1.37207308 16.59865823 14.66175829 16.10530943 12.6348521
 11.30311407 16.83653134 14.46986143 16.84662005 15.2726583  10.36084744
  7.55498331  5.89785241  9.58363314 10.93448897 13.49845568  7.49801351
  5.07524536  1.23540713  6.34861963 10.09180832 16.27284139  7.6266601
 15.79472337 12.94828221 16.1802134  15.39921592  3.80530265  1.50716331
 14.77038567  3.86718492 10.21284601 10.34380096 14.69516472  5.50689527
 14.6680686   3.12425868 17.67960915 18.05675591  5.66833411  5.37981005
 14.19926367  6.24427205  9.13447351 11.60394359 12.21811145  3.81873813
  1.70523365 14.39100184 10.27741058 11.17526046 12.41809088  3.92191589
 11.24159174 14.183392    0.81443965  4.4207139  12.58984214  7.78009856
 16.70366733  7.19060365 14.70722543  5.42868187 18.25653265  1.76731708
  1.40431509  4.25569975 12.36506261 12.15549738 15.59853165  7.17574038
 10.10204529 12.28856085  6.99336683 18.95741751 16.52174685 10.17728112
  3.03428583  6.23015153 11.54933032  3.45039569  9.79562423 11.92132469
 16.07774973  5.4784191   9.79922786 13.36810063  6.46062741 16.27335044
  6.85929798  1.94872559 11.77465655  6.75384238  7.07777466  7.02545485
  4.8785626   9.33593465  9.0261248  10.20364239  3.97869906  1.13849231
  6.47673784 12.29100341  0.86385571  8.69798233]
2025-09-02 11:04:31,941 - pyswarms.single.global_best - INFO - Optimize for 50 iters with {'c1': 2, 'c2': 2, 'w': 0.9}
2025-09-02 11:04:33,949 - pyswarms.single.global_best - INFO - Optimization finished | best cost: 84.38939363199387, best pos: [ 6.8743329  10.24788041  8.55262905  9.06557968  3.72249277 11.5527441
  8.51865303 16.53929104  3.08296455 17.50497771 11.14263159  7.36462709
 16.1990423   7.10600175 11.20449078  0.4610334   7.57139618  5.41817112
  0.28317838  3.25388886 17.83362952 14.91156974 14.9498265   8.18349619
  4.8542112  10.75346302 14.00240494  5.76508075 15.29617458 16.65167789
  6.28039761  6.33590878 15.60547308 12.34059841 12.29637885  2.53058118
  9.37248221  7.07672407  0.32586432 15.41392118  9.08493979  4.15797454
 12.37905494 15.84332436  7.91660684 16.57950506 10.18027508  4.0971318
 18.18710309  6.90430582  9.99091897 13.65804988 16.17680471 11.88805044
 10.32219067  1.1764004   1.40702724  8.28678792 13.7515601   4.98805291
 13.32148723 14.11453876 16.70484356 16.95044267  9.963125    9.64701665
  9.97951993 11.46150986 11.6967864   3.36987506 10.74930192  6.89174502
 17.65987886 16.65084083  8.92083465 17.90978155 14.15889396  1.83955097
 16.68108487 14.81834279 14.21790913 18.56329713 13.1422596   9.4033026
 10.82922709  2.75516596 14.06639754  9.46157545 17.80247014 10.32459267
 12.56570414  3.77337057  9.81360564 18.48276883 17.40322531  2.23121748
  2.73336115 17.05918357 14.88244775  3.67959363 11.48018996 15.0171837
 16.33766688 13.00734803 17.80797854  6.43112075 13.34797281  5.68898862
  2.17602011 14.26656871  0.68981296  1.19331517  7.74278842 17.39373466
  1.64425141  3.57903919  6.49630047 17.13217582 11.83108483  9.48485067
  1.93737051 14.41796353  9.0750636   2.15036072 16.38350574 17.5603049
 11.00761751 14.25288623 16.64995771  9.07628386  4.10826401  9.2421091
  7.08217968  0.26276738 16.07755039  4.61579193 15.99930002 12.77338888
  2.9738609   1.85063852  9.37142104  1.70474983 14.71916968 14.77452041
  3.41723252 15.11435448  3.28671911 10.99239982  0.25987869 14.52430839
  6.6921237  10.34451809 15.20855053  0.23295177  6.15688078 13.7370873
 18.6123648  17.54247383 18.95226425  4.59550493 16.15254439 13.97605295
 16.30080955  7.70863308  7.38741356  7.11012239  9.7555516   0.80762252
 14.73646597  2.84904978  5.47518046  5.71457275  6.39499832  7.46412909
  2.95934476  9.47421909 11.28673278  7.96208159 16.19811547  6.84354967
 13.39984256 10.50223311 12.47097695 11.49980292 15.35060344  5.97684763
  3.39596201  6.86015889 10.99146635 13.91898403 14.00525424 10.87642863
  1.56080263  9.04426985 14.79383415 12.53413808  9.96466043 17.1201073
  9.66708416 12.9472005  11.18924558  5.12210449  7.26238699 10.6899136
  5.42007281  9.50255535 18.986686    9.49374737 14.83127225  5.06882808
 12.94044009 16.60717832  7.96238043 18.32414418 15.25400182  4.71059207
 10.38165494 16.69533944 15.78059567  4.17861158 16.89806724  0.81712194
  7.82550355 14.50862527 13.12764652  9.57480676 12.9398624  13.57629161
  0.15639472 10.1391875   0.65317562 11.91189433  6.54745512  7.77769914
 16.04360743  5.64402398  7.46503089 16.64787484  3.9837584  10.22856383
 16.25709442 16.0248224  18.66076407 11.59822444 14.77064839  3.76037684
  9.63165533 12.80373442 14.67398337  3.34815434]
2025-09-02 11:04:34,014 - pyswarms.single.global_best - INFO - Optimize for 50 iters with {'c1': 2, 'c2': 2, 'w': 0.9}
2025-09-02 11:04:36,032 - pyswarms.single.global_best - INFO - Optimization finished | best cost: 140.27730342683472, best pos: [10.40252387  6.13316763  4.69437558 13.24628061 11.64425501  6.44242854
 18.4680699   9.69374818  7.06365281  6.8934674   6.30158842  6.55765513
  9.44877327 16.27591123  3.58601402 13.21269812  3.8845752   8.89196948
  0.61288595 11.6650765  18.52900558 13.44665083 13.13607406  3.5578205
 15.46811044  6.94493868 12.23487433 11.42901416  9.35432551 16.8886524
 10.5097451   4.65159134 11.50616096  8.75908704  9.89317672 18.61652926
 13.95449642  6.51401674 11.30182609  1.76615679  7.77563119  7.56208115
 14.64342587  1.39463611 12.39133201 13.04106651 11.79568157 10.89823162
 12.92862241  2.92399401 10.54517486  2.58364467  6.91356161 14.20474221
  3.80935416  7.29573946 16.31531241 12.06782366  1.87504369  7.8880946
  4.75922787 10.56603597 16.57736365 11.60882753 13.60493256 11.57173686
 15.0733725  10.75557492 11.57393488  8.56012925 17.53784743 16.42416064
  3.77844526  2.55080421  8.26014845 15.20707861 12.25948559 17.48212355
 13.76053348  7.49239344 12.72504018  8.53933028  3.44422905 10.56027036
 16.74888967  9.6487719   5.90371665 16.86033399  3.78286389 10.77956666
  2.80968885  8.97560389  8.11230611 12.28865574  8.83748459  3.33164518
  9.59871855 12.19439395 13.49544665 10.62736117 17.96982429  6.03269754
  1.64783234  0.6380819  12.91380315  8.50598276 10.18108478  6.53060616
  6.43350941  7.29804043 15.66653763  9.64931826 14.05147197 11.55156259
 10.35007433 11.08683134 12.16925635  0.05194009  1.23302542 11.41116663
 12.71522337 16.07312941 12.71905833 16.82247477  7.8671154   9.25949493
 12.00895173  9.36212903 15.30697832  8.51129298 15.21850374 12.18312866
  8.04415952 12.60123658 14.2828076  15.83592664 15.39345986 14.86272212
  0.69312285  3.68756051 10.41440632 18.00196924  2.23983645  8.58668257
  8.99398079  4.13313366 16.41586999 13.44024747 13.49416619 13.90133792
 14.30559025  7.74756653 13.54690187  9.13712546 15.25714048  2.33179279
 11.96374956 11.95713719 13.06018816 14.99787953 12.05521404  7.00461827
  3.48330577 10.28930673  4.79304593  2.93469621 16.3481135   5.68359226
 12.10508938 11.31766855 14.41345386  9.21029361 17.46675488  0.37211945
 10.0029973   9.4902894  13.31287644  7.35151136  2.26388303  6.37797887
  2.97315875  1.88982772  9.32831646  3.78930672  1.69518497  3.66079292
  3.60611916  1.72463228 13.65233418  0.3802286  13.34925393  9.17899998
  3.50768035 10.53770155 12.45004113 12.73077972  7.64008203  9.76560231
  0.84032769 11.59554681 17.5554747  17.9331395  11.67486743 10.8782906
  9.35698884  0.90049488  6.77986484 11.76418291 18.48588876  7.84828876
  8.0907308   9.66197322 10.17363237 10.05221483  8.0538681  11.91673969
 14.42642737  8.41045453 16.00680851  6.17436683 13.69699494  3.15769576
 10.45903255 14.63387658  6.9911766   2.76980466 16.39412674  5.65810598
  4.36934825  2.54608693  2.18180667  0.27563915  6.81229236  6.46761396
 13.84399162  6.69546732 16.51497791 10.43762585  7.29027802 15.10180718
 11.58622336  2.44008426  2.90170505  0.56397824  7.47821223  0.67422945
  2.43560688  7.51424147  3.33309599 10.1629915 ]
2025-09-02 11:04:36,074 - pyswarms.single.global_best - INFO - Optimize for 50 iters with {'c1': 2, 'c2': 2, 'w': 0.9}
2025-09-02 11:04:38,313 - pyswarms.single.global_best - INFO - Optimization finished | best cost: 1316.587486910646, best pos: [ 6.93285978 10.36642603  8.80983476 12.65647765  4.57466832  6.25576223
  9.82340658 12.93116666 12.13550787 16.20240314 11.08713387 13.96806643
  7.85691654  2.80659934  6.15325584 13.97861584  4.51673287  8.07096579
  1.76415419 13.42398809 13.55597138  6.92662786  6.50080385 14.28097518
  9.55413358  2.15698209  4.26136516  9.45847371  7.754876    3.06802351
  9.80587317  0.25883395 10.03280676  9.01056006 15.44603111  2.61704685
  9.69124331 11.03592351  7.46865363  3.29590782 12.5711933  14.36448422
 13.40065214 15.10342604  6.93353824  7.99454516 11.89391451 18.67347236
 17.060394   18.37444073  6.36243727  6.57566042 11.84030713  6.81566752
  6.81291916  8.98569956  5.46398356  6.59509268  0.47415486  3.73256348
 12.72700786 13.14357081 11.97017214 18.37375058  3.88767104  3.92707189
 12.66340657 10.03918156  2.27888502 11.22227763  8.66515502 15.96648807
 12.36882911 16.19525602  2.75713699  6.9398114   8.21593177 10.56287501
 11.04795851  9.97131055 15.48424932 12.78193887 17.53957889 17.94043733
 11.57737802  6.6129913  10.31374287 16.17329402 16.1440456  11.12998608
  7.79564711 13.95927868  4.33901545 15.68788888  0.56966942  7.35120989
  6.88415412  5.84416049 16.64701712 13.30282723  5.6276809   3.50029702
  1.15236213 11.80870352  0.9377749  10.33189966  6.39099309  3.89949632
  8.40806071 15.17618198 16.35261959  4.03665979  5.88801446 12.92771778
 13.03435692 14.88906372 14.83523254  1.77639935  1.79633506  6.89686614
 10.19498515  3.56221034  3.66213141 15.88012154 11.56139757 11.68792407
  8.55901419  6.96334954  6.9984162  13.91819254 15.43908296  6.28971214
  4.62483956 16.05858825  4.06559481 13.11659901 15.83034886  8.76025265
 11.72094175 16.90725598 15.81623091 10.89303609 10.14588287 13.32063275
 12.01711407  1.37207308 16.59865823 14.66175829 16.10530943 12.6348521
 11.30311407 16.83653134 14.46986143 16.84662005 15.2726583  10.36084744
  7.55498331  5.89785241  9.58363314 10.93448897 13.49845568  7.49801351
  5.07524536  1.23540713  6.34861963 10.09180832 16.27284139  7.6266601
 15.79472337 12.94828221 16.1802134  15.39921592  3.80530265  1.50716331
 14.77038567  3.86718492 10.21284601 10.34380096 14.69516472  5.50689527
 14.6680686   3.12425868 17.67960915 18.05675591  5.66833411  5.37981005
 14.19926367  6.24427205  9.13447351 11.60394359 12.21811145  3.81873813
  1.70523365 14.39100184 10.27741058 11.17526046 12.41809088  3.92191589
 11.24159174 14.183392    0.81443965  4.4207139  12.58984214  7.78009856
 16.70366733  7.19060365 14.70722543  5.42868187 18.25653265  1.76731708
  1.40431509  4.25569975 12.36506261 12.15549738 15.59853165  7.17574038
 10.10204529 12.28856085  6.99336683 18.95741751 16.52174685 10.17728112
  3.03428583  6.23015153 11.54933032  3.45039569  9.79562423 11.92132469
 16.07774973  5.4784191   9.79922786 13.36810063  6.46062741 16.27335044
  6.85929798  1.94872559 11.77465655  6.75384238  7.07777466  7.02545485
  4.8785626   9.33593465  9.0261248  10.20364239  3.97869906  1.13849231
  6.47673784 12.29100341  0.86385571  8.69798233]
2025-09-02 11:05:51,687 - pyswarms.single.global_best - INFO - Optimize for 50 iters with {'c1': 2, 'c2': 2, 'w': 0.9}
2025-09-02 11:05:52,006 - pyswarms.single.global_best - INFO - Optimization finished | best cost: 84.7543347578703, best pos: [16.29296959 14.18406472  3.80824189 10.11341877  0.17138386 13.53264309
  1.91261568 12.62475892  2.92318938 14.74083356 14.69754835  1.79688915
  9.71640485 13.96150287 13.46382476  5.80487563 11.29189213  8.11684235
  5.96495834  1.56910149 14.02773869  9.83731077 10.69283037 16.43089731
  6.71415099 10.65365433 11.17259375 13.46753839  2.43574706 13.12892757
 17.52396448  7.66021116 12.11032769 15.56369044  1.24667826  2.68706764
 14.64633686  7.64606355 17.15025668  1.22977335  9.27892825  6.48644405
  5.03927414  4.02495035  4.76377417  1.2276938  16.73627242 11.55848888
 10.61783304  2.53063237  9.18540833 10.4217853  13.26908829  5.91364588
 11.04010752 10.54767973  7.96831989  1.28156062  6.72047285  0.71257863
 15.22344446 15.25306419 13.97669863 17.95571656  7.20420321 18.12400789
  3.78941829  9.7026485  15.4923942   5.43207418  5.20654625  3.92422463
 14.44488609  9.06286705 13.55956397  8.80645109 10.09059809 13.6980172
  5.05899156 13.22663842  4.41866976 14.37719615  7.79416371 10.19798666
 18.02800482  1.10675482  5.35502641  3.50270321  8.01583853  6.92161908
  4.11522741 17.91675659 13.64099971  7.77469222 15.41976866  1.06222184
  8.98465961 15.46322341 12.7764654   6.85210849 14.66103793  9.9777122
 17.63645121 14.885339   15.78755495  7.25547427  9.3184329  15.80859274
 14.85986728 13.45913881 14.15510917 13.12264629 18.31377662  3.3503724
  3.91133387 15.008342   16.38272346 13.98853441 16.80112443 12.20018551
 11.35763537 16.81952362  8.0210856  15.83615288  8.32290074 14.19877891
  9.70956665 10.24657261  8.16368408  7.70254619  7.327093   11.42100527
  3.22839921  1.385215    7.53473983 14.90988402 12.8689161  13.32434496
  4.19630575 16.13216188 16.96331017 13.53300042  4.65951259  7.93694797
 12.52894514 18.86377541 12.80075754 15.20531487 13.65932091  8.70686241
  1.42061799 12.57741289  7.56436011  7.67359079 14.9096626   2.3426319
 13.77492458 18.72373355  0.35847564 16.88190341 12.17597944  7.83490967
 11.89767956  1.15868166  2.13089515 13.6474455   3.14671824  3.28186069
  6.64670058  6.91053022 10.80836553 14.72866059 18.3678023   5.00539496
 15.54178415  7.01889226  8.20066632 11.3043196   6.51081797 13.27716896
  2.53608812  3.55720667  3.61549225 18.81243732 12.58597934  1.79881506
 15.9516518  10.80585913 17.51314859 16.72051522  6.16379306 17.69706432
  9.14658423 15.19841122  6.99057703  0.02364721 16.67574059  5.30881377
 15.4933297  15.96190579  1.40579337  8.16746013  2.34120544  6.82948143
 13.35453923 13.39428073  8.35914128  1.81840005  4.41448971 18.31173528
  7.13143569 16.79725709  7.82003057  1.95918647  9.98401458 14.13397967
  5.77732908  1.91828082 13.18470261 14.84477615 10.77581331  4.97475819
 16.64867762 15.40807035  7.13352024  7.5222109   0.98705141 10.70671171
 10.95979051 11.23064719  8.00739448 16.02439401  1.26382261 14.2621622
 16.06246728  0.07692924 15.69282588 12.17180368  1.29699021 17.221231
  6.5647869  12.66944573 14.7637297   6.58642442 10.64897033 18.86082496
  8.32177945  5.5593361   3.24049761  8.11338446]
2025-09-02 11:05:52,029 - pyswarms.single.global_best - INFO - Optimize for 50 iters with {'c1': 2, 'c2': 2, 'w': 0.9}
2025-09-02 11:05:52,336 - pyswarms.single.global_best - INFO - Optimization finished | best cost: 139.12841423925352, best pos: [16.02160239  6.31087642  9.7551579  14.16781041 11.91056566 16.94374249
 10.73356038  2.23268707  6.51821164 18.16084133  6.86990846 12.1478044
  4.86300548  4.60482212  3.86585369 18.54612893  1.56812657 13.40298634
  7.47510982  7.77933329 12.17281741  9.70438877 11.42546359  1.68398045
 15.60261382 13.6924939   4.14821232 18.94290997 14.17441535  3.99589332
 11.99368382  3.32391646 15.64000544  5.84027552 11.07928403  9.71894819
  5.93981679  4.60857386  7.20585169  9.30094845  7.88729249  6.52283847
  1.78502426  3.4710715  12.00012276 12.0821336  15.12777334  9.05140884
  1.21712097  1.93887773  7.22197081 11.42908567 12.95541429  3.7689437
  1.37965239  4.82152463 16.89312931 14.71116636 15.83591215 10.07992469
 18.08445009  1.37667386 14.47773073 17.84839247  9.76718764  6.23338523
  3.68967089  6.98601591 12.67637336  8.13894441 17.294443    0.44452454
  8.98145612 11.68949593  9.83345918  2.84787281 12.13729789 10.49399399
 13.42179956 14.05164423 12.08030734 15.58851646 14.15584747 16.18500025
  1.22236615 10.44240053 15.67663997  6.38352737  0.13669249  0.32432844
  0.95236562 15.98157219  6.83040617  9.53731224  7.8908141  16.00903215
  5.99713113 13.74466178  6.91597525  6.05790215 13.33195645 13.08534204
 16.29287016 16.48260563 11.30652125 11.08199094  3.6859669  18.22320802
 16.98140293 11.20968594 10.54805589 12.76632484  4.37576139 12.89065624
  0.58728461 12.29538473  7.4186814  13.25098732  9.85369848  7.58266093
 12.09529924 10.74266218  6.49832675  2.59838279 13.60264853 12.60916675
  7.6592539  10.45877768 15.30371763  0.48687466  6.41869788  6.22038286
  6.99674366  4.22953248  7.50702909  6.29976802  1.95333891 11.0609709
 16.71241475  1.51757836 17.86512624  1.58475129 16.01817947 11.27925427
 18.62078326  9.48413002 11.17373871 11.48116395 13.30977066  9.67044171
 12.27625986  7.04178276 16.82771675 12.81648666  7.98075605 16.437121
 11.56917971 10.4405447   1.4841292  12.69844616  7.1414927  14.21431218
 16.43954727 11.5767571   2.60810191 13.12579517  7.29929061  9.66622959
  3.28630032 12.08360163 10.40932625 10.79152013 13.43987327  6.22639733
 11.25254423 12.12709236 17.27275314  5.73202748  7.33656738 14.60188742
 10.84614069  9.08165053 14.24548359  5.55428595 15.84152136  3.26102312
  1.70710645 15.7403754   7.61113183  1.33144745  5.7444771  13.17073473
  9.44845494  9.10229837 14.32074627 14.75100255  8.03761854 17.83341035
 12.0982636   8.66244739  3.71145338 15.97429127 12.94759133  9.07642282
  3.29537361 16.4481927  13.26512023  8.61923228  5.11201009 13.23685824
 14.28212454 11.46457461 14.57038467 13.86713668 10.56112993  5.79782634
 17.05288106 11.50417952  9.44335491 16.52798749 16.85616594  1.367287
  8.11023363 13.79559206 16.63808525 15.30296718 18.44014636 10.52511877
 16.42864324  6.38929097 11.59541785 14.28586817 15.02594409  9.14529616
 14.54150966 16.41014491  6.56880495  8.5217611   2.1456064   6.0169088
  7.61650457 11.82400484 12.8822551   8.35282769  3.46838076 13.20062101
  9.79257649  3.22276581 13.96709671 12.98209055]
2025-09-02 11:05:52,358 - pyswarms.single.global_best - INFO - Optimize for 50 iters with {'c1': 2, 'c2': 2, 'w': 0.9}
2025-09-02 11:05:52,769 - pyswarms.single.global_best - INFO - Optimization finished | best cost: 1319.2807819704958, best pos: [16.12911398 10.39738673 11.09995909  9.67680838 16.4785197   8.98135264
 12.0962965   9.2484387   3.39248476  6.59416365 15.99799662 13.80298564
 16.44799327  5.22857662 10.48561943  9.36570518 13.79566881  6.66593472
  5.24492009 12.38405066  5.91571908 12.25206396 14.71357137 15.12795612
 15.00026502  7.5014731   8.08814661 17.58110246 11.16212126  0.40036503
  0.65793636  9.48205495  8.18393737  9.17282677 10.69003377 14.05442611
 10.39496393  2.4377054  13.81460691  7.17095759  5.11634297  6.73540478
  4.0299892  13.43421532 16.50303288 15.43863266 13.19663853  7.59671007
  5.25259284 15.74132027  1.0062729  18.3847143   7.01603594  3.25984022
  0.4588854  15.05047676 16.39635061 14.4008128  10.12274787 12.51217361
  0.91861644  6.66066646  8.19054416 11.37870059  6.2143546  13.08890175
  3.93257148 16.68094484 10.44213931  1.3835264  10.84473369 18.63604944
  9.85501263  9.70831569 17.50070666  8.30949082 12.00343687 13.29580204
  9.50125391 10.30448546 15.42804476 13.42210035 14.96088594  0.87418696
 13.65631766 13.41288694  3.47477438 16.86016481  2.09126257 14.90451761
 18.82419645  7.50055194  7.77909964 12.20774007  6.26128257 14.56813627
 11.05158905  6.98847526  6.06512654  0.12640213  7.97029233  6.28394611
 15.56785921 18.9997254  13.08704376  1.67162779 18.13992744  3.46123889
  1.90951009 11.37785152  7.41684566 16.45758537  6.04785783  9.66743679
  7.88511766 13.24745522 10.26866908  6.00416289 16.17366673 16.24711376
 10.58772657 16.29670273 16.9224519   4.98666213  1.50412639  7.18831174
  3.59436504  8.51677096 15.32135579 11.2337789   0.5403577   7.36482708
  1.78463219  8.61086234 13.19064345 15.04347921  6.99363026 12.9313176
 16.49246533  3.15936267  6.15361806 15.88402236  7.52845053 12.53811141
 13.58209349  7.16236157 17.99669429 17.22632988  8.6139702   0.08733956
  6.66575745  9.49054864 13.48007107 18.02840028 12.17597426  2.43471556
 11.40774481 11.77184748  5.1604729   0.79698509 12.59793812  7.17893236
  7.38259658 13.85525965  6.92756217 11.92922385 13.49376566 11.19359495
 17.36944833 10.97495955 13.23892702 13.65200542 17.20991567  0.70185247
 11.86125789 11.97339992 12.05270813 11.86170457  7.8616771   7.54719968
 15.64091744  0.37934472  0.20668489  7.98324893  8.78011884  7.15154876
 14.85896474  8.56116697 17.43595694 13.52620347 14.42099927 10.38156781
 18.72845711  5.23571176  3.48456397  3.89305174  6.15175147  6.78606093
  6.71466802 14.13389259 14.89713507  3.08138489 17.45063567 16.03342682
 16.28933921 10.92737067 18.31113965  0.36149261  0.2863263   0.73034989
 10.27107432 16.63527583 13.24227365  7.78889519 17.42833756 12.75294112
 15.79204952 10.76009008 14.92187846  7.05606072 12.03730331 11.77080431
  4.92017832 10.7669646   8.28428398 13.73541442 13.61035364  9.05169898
 14.14530718 13.2172925   5.34006232  0.78474126  0.2004135   7.09089074
  1.6542333   9.58851094  8.54961218 15.53118948 17.86241643  8.57826686
 14.48321261  3.10521783  8.17044676  9.83983926  7.40281704  5.716064
 14.63149156 16.86436949  8.09523201  3.64714359]
2025-09-03 17:39:42,885 - pyswarms.single.global_best - INFO - Optimize for 50 iters with {'c1': 2, 'c2': 2, 'w': 0.9}
2025-09-03 17:40:10,207 - pyswarms.single.global_best - INFO - Optimization finished | best cost: 84.11556299505953, best pos: [9.16555668e+00 6.11937536e+00 8.19537676e+00 1.51513522e+01
 8.19016707e+00 7.09498945e+00 8.32283102e+00 1.08404316e+01
 1.84829220e+00 2.21072385e+00 1.39819386e+01 2.31619432e+00
 1.46102610e+01 1.83434521e+01 9.03014128e+00 1.44871241e+01
 1.33290673e+01 1.46414034e+01 4.86193870e+00 9.60634497e+00
 8.51695151e+00 1.34616818e+00 1.12279048e+01 1.22655353e+01
 5.95261466e+00 5.51619513e+00 1.54320685e+00 1.39984843e+01
 1.62060880e+01 1.64158290e+01 8.10816801e+00 1.52017264e+01
 1.21574172e+01 6.51164768e+00 4.24919923e-03 4.79668701e-01
 1.80254753e+01 6.14099916e-01 1.21204412e+01 9.86720761e+00
 7.82758249e-01 1.10396962e+01 1.74117506e+01 2.96150831e+00
 2.60485911e+00 1.01559520e+01 2.69133534e+00 8.31494002e+00
 7.25106907e+00 1.51505972e+01 1.57770276e+01 1.51959006e+01
 8.62293088e+00 8.39062785e+00 1.80803627e+01 6.67363465e+00
 1.65549680e+01 1.91522196e+00 6.06235935e+00 1.59671489e+01
 2.76722126e+00 1.34019472e+01 6.81475202e+00 1.84242940e+01
 9.25677426e+00 6.72796109e+00 2.66401099e+00 8.64876539e+00
 6.45684485e-01 3.55635749e+00 1.17708826e+01 1.35114717e+01
 1.62086674e+01 9.97272429e+00 1.00214634e+01 1.10850017e+00
 6.88508546e+00 6.35139083e+00 1.60523282e+01 1.48741486e+01
 6.30110929e+00 3.94500570e-01 9.13671069e-01 1.28774267e+01
 1.56076677e+01 9.70718587e+00 1.37007697e+01 1.62245949e+01
 3.44189066e-01 9.09431262e+00 1.00171031e+01 1.64961652e+01
 9.67911269e+00 1.29062667e+00 8.64461687e+00 1.62975788e+01
 8.06045075e+00 1.21220842e+01 1.51499902e+01 2.02634133e-01
 1.57013125e+01 6.84901394e+00 1.29663407e+01 1.05787611e+01
 1.04469217e+01 1.26987848e+01 1.47989949e+00 1.43273428e+01
 1.42622634e+01 1.13195123e+01 1.64480473e+01 3.25189027e+00
 1.36815288e+01 5.42815127e+00 1.36164480e+01 3.21018074e+00
 1.00456260e+01 1.86286715e+01 9.00598769e+00 1.54206855e+00
 6.99767145e+00 1.43848750e+01 1.79606500e+01 1.34884368e+01
 1.70335785e+00 8.12398260e-01 3.27343126e+00 1.56730166e+01
 1.10480626e+01 6.14761232e+00 3.14663419e+00 6.13469234e+00
 3.02284567e+00 1.47231917e+01 7.02708265e+00 1.78249915e+01
 1.62466410e+01 1.43433271e+01 1.30270332e+01 1.12437112e+00
 1.68751684e+01 1.06858222e+01 6.34185999e+00 1.76466647e+01
 1.47759982e+00 1.24782667e+01 1.82671460e+01 1.16164159e+01
 2.83697723e+00 1.78258664e+00 1.59035129e+01 1.02984647e+01
 3.31779526e+00 1.13460817e+01 1.00686350e+01 9.58264263e+00
 8.74376335e+00 5.66574935e+00 1.30476673e+00 2.52096695e+00
 9.62420853e+00 1.99019258e+00 5.15374186e+00 2.02258003e+00
 1.63578932e+01 2.12784782e+00 9.47117457e+00 1.33288462e+01
 9.63670036e+00 7.92262309e+00 5.77779709e+00 1.43977472e+01
 1.66536980e+01 1.68677215e+01 9.99881792e+00 1.69476901e+01
 1.72518800e+01 1.18814696e+01 1.09162610e+01 1.73402369e+01
 1.39214945e+01 1.29404539e+01 1.14931146e+01 4.64258456e+00
 6.02839152e+00 1.70422786e+01 7.28038325e+00 1.26173654e+01
 9.84405716e+00 1.09838524e+01 1.62871564e+01 9.86544757e+00
 9.79154220e-01 7.20912810e+00 1.11297056e+01 4.44284360e+00
 1.80020240e+00 1.20969356e+01 7.78217222e+00 3.44589556e+00
 7.97339357e+00 1.29067134e+01 1.54603878e+01 8.47136768e+00
 1.21126154e+01 8.15968976e+00 1.49531260e+01 1.38746506e+01
 6.16144027e+00 1.53289363e+01 7.59562544e+00 6.60267109e-01
 1.37819667e+01 1.66175103e+01 1.00620237e+01 1.59591165e+01
 1.23245207e+01 1.55158114e+01 4.69552343e+00 6.82691478e+00
 1.36987678e+01 1.09027807e+01 1.74382572e+01 1.14176733e+00
 1.46013219e-01 8.77363378e+00 8.06421993e+00 4.71856635e+00
 1.22510742e+01 1.26948036e+01 1.26087062e+01 1.95429042e+00
 7.66209436e+00 1.53173492e+01 1.37166135e+01 1.08610604e+01
 6.32906640e+00 9.77876463e+00 5.08497807e+00 3.77687604e+00
 1.85387798e+01 1.35523448e+01 1.55401266e+01 1.14043408e+00
 3.54878295e+00 1.52330848e+01 6.02170252e-01 1.54804103e+01
 1.04117297e+01 1.37323491e+01]
2025-09-03 17:40:10,631 - pyswarms.single.global_best - INFO - Optimize for 50 iters with {'c1': 2, 'c2': 2, 'w': 0.9}
2025-09-03 17:40:39,528 - pyswarms.single.global_best - INFO - Optimization finished | best cost: 140.2211888795712, best pos: [14.5670788   9.38371329  6.71636223  5.23306307  1.04575622 13.40585273
  8.55476643  7.18612645 12.72699662  9.21036951  7.18076838  3.9299262
 10.52107286  8.05521966 14.35429446 17.15527054 16.38926141  8.89366945
 11.93813722  7.48081495  9.74265067  2.85688678  9.81651389  6.12187476
  9.34925114 11.51399066  7.59447942 12.34603541  4.19837975 16.0821163
 13.77165115  6.44231977 13.71887978  1.74940594  7.86182267  2.22287317
  8.90150415  5.10544054  9.48329724 14.99611606  9.66247349 14.17313177
 16.1949489  13.42983303  7.48348931 10.64905664 17.08335788 12.79540151
 10.32074934 13.90754617  5.65820432 13.44721525 13.3725254   1.79169349
  7.27730852 13.64082974 12.27004654 10.84009808 13.56478372 11.19022596
  4.56897001  8.83013375  4.77976411 16.02425087  9.84658847 11.13269562
  5.5025246  14.59808911  9.91504753  2.37249448 17.11296499 17.32484897
 11.83596137  5.706727    1.97256568 16.42235957  7.07003331 12.45671629
 11.99123355 12.21747185 13.81625199  2.02645965  5.02206563 16.15396707
  5.70229886  7.83071149  6.12931478 14.41290602 11.50617612 14.28030612
 13.3177784   1.49605341  3.24709288  5.44310913  0.70607137 14.1689464
  7.28986528  7.45419713 12.26916499  8.06372751  8.9921019  16.52976168
  5.70941864 12.55665693 15.2799363  10.14090851 13.42365398 12.97927704
 12.73642199 18.73281573 15.48097156 11.78913986 10.34190275  1.6448082
  8.59224557 10.47150437  9.9964942   3.54109359  7.05975589 12.92118422
  6.6076965   3.16687673  7.14032312 12.91018216  0.07477424 13.25886644
  8.18792404  7.02783288 12.71151934  7.23937248  3.38579063  3.04369296
 14.90416501 14.39765112  6.44838554  1.16614014  6.22761592  9.19575054
  1.11706541 16.69850136  8.36705122 16.34446804 10.03464424  5.58595906
  9.57315407 13.64781725  2.89189817  0.64964224  9.42010092  5.27407556
 12.42332647  3.26430426  3.49805807 13.81904529  3.69417778  0.79729763
  3.59681127 16.49770946 18.59617557 13.21023229 13.98031863 15.09408634
 13.06006507  4.75770572  6.69579805  0.43451993 16.90391474  5.05039928
 11.39451861 16.40511901 12.04774869 13.06995125 11.61702323 10.15817068
 15.36268531 11.75815828  1.83668701 15.66446072  8.14312002 13.35395078
 13.46054053 10.30985394  3.04297127  5.96302303  7.60080057 10.14097807
  7.90603969  7.9693433   3.3132796   3.67566017 13.04912773  1.58549265
 17.6234599  13.12799834 10.34867428 10.83462753  5.70164938  9.44015607
 18.41592609 17.34739381 15.15336707 17.46018075 15.55062764 15.43960467
 12.39563519  7.28514104  4.73152136 14.9142563   0.85915224 12.15101102
 10.36558253  0.41892941  9.74237234 13.89243335  5.91439928  8.19234915
  5.9717558  10.34150194 13.88011902 12.42115493 12.396707    9.65677936
 13.41993511 18.93689499  1.10798971  6.63706846 10.43022427 13.96971727
 10.08196085 13.64913279  7.48967127  4.36737856  0.57412033 16.42254197
 10.46706009  5.61956036  4.65488249 16.90978949 12.76277363  9.69318711
 14.09389388  6.74089421 15.15490507  4.47301248 13.90204437  4.44266284
  7.18690955  7.9531111   8.45659731  7.42615188]
2025-09-03 17:40:39,914 - pyswarms.single.global_best - INFO - Optimize for 50 iters with {'c1': 2, 'c2': 2, 'w': 0.9}
2025-09-03 17:41:07,268 - pyswarms.single.global_best - INFO - Optimization finished | best cost: 1313.6643907035536, best pos: [13.40037315  8.78073561 15.32568708  2.22689865  3.3856858   6.96002927
  7.41507897 11.49637472  3.53473748  9.15441517  1.51831135  3.3005558
  0.42151666 12.52922415  8.95240872  7.27459603 10.51289562 11.19844467
  6.66801272 11.37292189  4.35964751  6.61460298  8.359715   15.73923003
 11.50259666 11.87804742  7.57615191 16.815       2.84221144  6.03778666
 18.45801178 10.67581096 10.85247449  1.94651074  9.44619481  6.11159776
 10.73077054  6.21157416  3.99373164 15.99666172  5.68431196 13.09831249
 14.00742318 13.78253528  5.18558667  9.94358296 13.32600515  5.96710499
 16.38065226 18.74126896 13.15663088 15.82625294  9.98071106 16.50810133
  7.36639646 11.39596799  7.1294586   3.11161054 16.77048714  1.63491603
  0.48468439  2.28584793 10.96405228 14.42693509  9.23720652  3.40726582
  7.46753316 10.44883538 15.46876273 10.71934548 13.23219332 12.3893327
 12.77468765  6.67725469 13.65636927  9.04593639  1.3470832  17.70309567
 12.1426074  10.72851979 17.36297374  9.87850594  1.2426515  11.13127186
 10.76390351  3.47116238  4.86102431 16.95445429 10.15010389 11.95141678
 15.59116643  7.66874288 12.86929211 12.02703505 11.5556173  11.16621426
  7.7111425  15.76963745 12.32301782  9.0860929   9.10154573  9.87910347
 15.44191893 18.34211196 14.95431174  8.77479231 11.92753411 16.55971245
  7.37602959  9.08923791  8.32596905 12.07780545 16.321928   13.46863103
 13.64535289 10.34773952  1.81236576 15.98940872  7.50204208  9.25519671
 10.76326396 11.49907077 18.53782988  7.43801313  5.02013124  4.88882963
  0.91788609  6.77412502 15.28497631  0.95129189  1.51355112  6.85371573
  0.44700903 13.07043128  8.84330031 18.50456053 12.93582616  9.0626371
 13.83865589 14.35911751 10.84822367 14.20936834  0.1821387  10.28056778
  0.99724105 13.45527273 10.8682035  12.11180823 18.14700486  2.2281463
 10.22013603 14.43770114  5.07180462  0.64234148  5.21752136  7.62920313
 11.40933114  5.65809244 15.29137832 12.90933338  4.264175    4.54259061
 10.58527982 17.33942075  0.82586522  5.18830191 14.20759648  7.02673043
 16.48067354 12.43758708 10.47264788 13.06806063  5.07161396 14.55008234
 10.15803004  4.51170326 15.69255868 14.49897468  8.42096007 11.46678539
  1.16881033  9.34508342 15.01755636 13.09549598 13.01834693  7.27764592
 16.64969735  0.31913795 11.36527166  6.18864118  5.90394159  9.73727576
  2.44881117  7.35419885  8.0871299   7.27442308 15.59531119  1.35619636
 12.94295259  7.65733716  7.9131863   6.46182542 16.09990648  5.0786072
  2.56835183  2.07297671 11.25682385 17.46318261  0.73307659  1.50925322
 15.25092477  6.70842477  7.61866127 16.66661159 17.66107324 11.56418376
 11.16570419  9.42841723 18.61834063 10.45747271 17.64273135 11.05734374
 13.39015123 14.16754146  4.2190776   6.51486478  1.74354467 14.28774661
 13.8276152  16.59615535  5.45491385  9.99666846  5.96014791  0.38853497
  7.14938032 10.75038115  7.78337636 16.6842963   2.10726191  6.52151914
  7.19969882  2.32534059  7.59205709 15.35958866  7.41406596 11.02400769
 10.62371248 16.56916268 15.22278729 12.86122172]
2025-09-03 17:41:56,661 - pyswarms.single.global_best - INFO - Optimize for 50 iters with {'c1': 2, 'c2': 2, 'w': 0.9}
2025-09-03 17:42:42,610 - pyswarms.single.global_best - INFO - Optimization finished | best cost: 84.38939363199387, best pos: [ 6.8743329  10.24788041  8.55262905  9.06557968  3.72249277 11.5527441
  8.51865303 16.53929104  3.08296455 17.50497771 11.14263159  7.36462709
 16.1990423   7.10600175 11.20449078  0.4610334   7.57139618  5.41817112
  0.28317838  3.25388886 17.83362952 14.91156974 14.9498265   8.18349619
  4.8542112  10.75346302 14.00240494  5.76508075 15.29617458 16.65167789
  6.28039761  6.33590878 15.60547308 12.34059841 12.29637885  2.53058118
  9.37248221  7.07672407  0.32586432 15.41392118  9.08493979  4.15797454
 12.37905494 15.84332436  7.91660684 16.57950506 10.18027508  4.0971318
 18.18710309  6.90430582  9.99091897 13.65804988 16.17680471 11.88805044
 10.32219067  1.1764004   1.40702724  8.28678792 13.7515601   4.98805291
 13.32148723 14.11453876 16.70484356 16.95044267  9.963125    9.64701665
  9.97951993 11.46150986 11.6967864   3.36987506 10.74930192  6.89174502
 17.65987886 16.65084083  8.92083465 17.90978155 14.15889396  1.83955097
 16.68108487 14.81834279 14.21790913 18.56329713 13.1422596   9.4033026
 10.82922709  2.75516596 14.06639754  9.46157545 17.80247014 10.32459267
 12.56570414  3.77337057  9.81360564 18.48276883 17.40322531  2.23121748
  2.73336115 17.05918357 14.88244775  3.67959363 11.48018996 15.0171837
 16.33766688 13.00734803 17.80797854  6.43112075 13.34797281  5.68898862
  2.17602011 14.26656871  0.68981296  1.19331517  7.74278842 17.39373466
  1.64425141  3.57903919  6.49630047 17.13217582 11.83108483  9.48485067
  1.93737051 14.41796353  9.0750636   2.15036072 16.38350574 17.5603049
 11.00761751 14.25288623 16.64995771  9.07628386  4.10826401  9.2421091
  7.08217968  0.26276738 16.07755039  4.61579193 15.99930002 12.77338888
  2.9738609   1.85063852  9.37142104  1.70474983 14.71916968 14.77452041
  3.41723252 15.11435448  3.28671911 10.99239982  0.25987869 14.52430839
  6.6921237  10.34451809 15.20855053  0.23295177  6.15688078 13.7370873
 18.6123648  17.54247383 18.95226425  4.59550493 16.15254439 13.97605295
 16.30080955  7.70863308  7.38741356  7.11012239  9.7555516   0.80762252
 14.73646597  2.84904978  5.47518046  5.71457275  6.39499832  7.46412909
  2.95934476  9.47421909 11.28673278  7.96208159 16.19811547  6.84354967
 13.39984256 10.50223311 12.47097695 11.49980292 15.35060344  5.97684763
  3.39596201  6.86015889 10.99146635 13.91898403 14.00525424 10.87642863
  1.56080263  9.04426985 14.79383415 12.53413808  9.96466043 17.1201073
  9.66708416 12.9472005  11.18924558  5.12210449  7.26238699 10.6899136
  5.42007281  9.50255535 18.986686    9.49374737 14.83127225  5.06882808
 12.94044009 16.60717832  7.96238043 18.32414418 15.25400182  4.71059207
 10.38165494 16.69533944 15.78059567  4.17861158 16.89806724  0.81712194
  7.82550355 14.50862527 13.12764652  9.57480676 12.9398624  13.57629161
  0.15639472 10.1391875   0.65317562 11.91189433  6.54745512  7.77769914
 16.04360743  5.64402398  7.46503089 16.64787484  3.9837584  10.22856383
 16.25709442 16.0248224  18.66076407 11.59822444 14.77064839  3.76037684
  9.63165533 12.80373442 14.67398337  3.34815434]
2025-09-03 17:42:42,924 - pyswarms.single.global_best - INFO - Optimize for 50 iters with {'c1': 2, 'c2': 2, 'w': 0.9}
2025-09-03 17:43:31,728 - pyswarms.single.global_best - INFO - Optimization finished | best cost: 140.6646639333887, best pos: [ 0.32104988  6.78373449 15.2392862   6.22365357 10.9127723   5.57459986
  8.41197648  7.76197282 13.40348782 16.40590237 12.52937084  0.46080271
 14.46624127 12.38876844  2.9343521  13.63801806  1.65555686  3.02796182
 16.0845631  12.84248981 11.60711759 12.18186059 17.16860917  6.11831652
  1.91666637 12.71653417 16.43843744 13.42672382 18.72998222 17.02118237
 10.9449564   0.13726422  3.33547253  3.3756323  11.61782194 11.0250421
  0.88648761 14.40702469 11.48073614  4.99080965  3.85407335  1.15050819
 12.07489275 15.43447227  9.78323193 10.46153608  3.23272169  6.33917894
  8.59834204  9.53464271  0.22386076  8.87362688 14.21058005  6.92448061
 10.02656376  8.08470196  6.75875565  7.79278281 10.17117227 16.71037224
  0.32981637  8.84134834 12.71861377  8.12528187 17.97139431  7.70868737
  4.67110088 15.19792535 18.34888441  2.4204215  17.18723704  2.23017914
 17.86027861  1.34319876 13.82116081  7.58319202 13.04503255 14.63560672
 11.95850708  2.5501031  11.97079608 11.43206476  9.11865188  7.2568836
  4.48577431 10.58339051  8.95332523  2.43350201 15.44674845  1.19198936
  9.7034662   9.00781171  9.22428764  9.96407012 17.77648219  9.10173604
  2.40741545  9.92158935 13.15360745  0.95214852  9.39819225 17.07035451
 18.18477889  0.53093927  5.5029267   6.02136446 12.213116   15.94033897
 16.41852908  9.98782173 12.35805421 14.90481347 12.73366732 14.63872122
  2.8739607  15.25717629  5.90155547 14.3959707   9.10740209 16.43040242
 11.57676304 12.10407342  4.54245553 11.47602343  0.83805267  7.41655106
 13.85984377 11.51295801  7.88110047  1.06496031 12.32741601 12.18517639
 10.82567321  9.4994016   8.71420018 14.82728621  5.15820051  1.93886397
  9.7014892  13.05463335 13.79192711 15.3842602  10.10282407 17.06492665
  5.80515094  7.68692322 10.97841066  7.85754813  0.79346256 10.02361749
  1.42430652  3.00074242 16.09334565  7.32352099 10.10699255 16.83841186
 13.39759242  9.13418654 12.6573105  11.04522564  0.3883441   3.66692742
  7.45827021  7.5311022   3.16884725 16.31067922 11.57189458 16.78370866
 14.03166368  2.14850633 12.24300024  3.04948649  3.50798334  9.20072799
  1.25680923 16.07190202 11.06898562  8.43869297 15.02636963  7.76751589
 11.12506642  6.2183886  13.93481354  6.96771848  9.55235529  6.60405533
  6.7387878  16.56420515  8.38503745  2.72612977  4.56635204 13.08599117
 12.06800988  7.21635765  0.36150588  8.33540166 13.96670767  5.60657428
  1.49889043  6.19412006 13.96073341 18.38758725 12.62520435  9.11072972
  6.08222916 14.43846641  3.67700884  1.04074992  8.32853747  1.69737503
 18.9732009   1.74822371 15.71720673  6.51088477  3.67329034  7.07001781
 16.36131725 18.70981239  7.79360702 10.88534083  7.47713953 13.94272724
 10.93715962 14.5996161   3.00319731  6.44291486  8.47073834 13.8820579
 14.84337715  4.25330229 13.09487859  6.99382226 13.91682704  4.42480076
  7.85809981  3.69519794 16.05909917  3.52782776 14.34455217  9.19802815
  9.7149128  14.90475197  2.58012254 10.55305485  5.5209533  13.81328009
  7.89815515  7.22961026  6.80105283  0.64215175]
2025-09-03 17:43:32,506 - pyswarms.single.global_best - INFO - Optimize for 50 iters with {'c1': 2, 'c2': 2, 'w': 0.9}
2025-09-03 17:44:21,301 - pyswarms.single.global_best - INFO - Optimization finished | best cost: 1309.6861406277692, best pos: [ 6.96986841  6.52392577 16.35036278  7.71421471 15.62176171 10.03174719
  7.89487814 12.59934016  3.90934932  6.15702458  7.81552935  1.43616499
 16.64287959 15.19212518  3.35345664  7.96509125  9.55337599 11.34396523
 14.82781089  5.15553694  7.75629205  0.2685102   7.52826003  2.90476571
  3.75386103  7.58345414 12.59404118  8.20399459 10.56283574  6.54774823
  7.47717979 16.21021375  3.34722861  7.98639535 10.66594862  7.50562465
  4.46664047  5.209547    5.61547187 16.9062578  15.72831691  7.43659577
  1.48494712  1.29113347  2.53279122  9.84946603  5.65714295 14.7206028
 16.50258958 18.4466785   3.05225387  3.29373828  1.89100321  8.00471478
 17.05090623 15.46157267  9.27140141 15.23279407  9.60103967  5.15189094
 11.49357655  7.02796163  3.12201304  7.32137343 14.19880487 14.36969215
 12.83616705  7.50689928 12.37317537  4.19143771 13.36034104  5.47250357
 14.11346324  1.62180157  0.03322919  5.67609225 10.5099317  13.41143986
 16.50157221  7.13943331  4.94413771  9.59012513  9.60766335 12.55025335
  1.36097292  8.55808917  0.4281014   1.29800317  6.11964167 12.28112002
 12.49844933 17.07992433  5.27474875 11.15199303  2.02066498  7.53387078
  2.85544676 10.90767229 14.48857213  8.45250753 10.00460223  1.98831072
 16.98726613  7.72632866 16.91890657 15.1102058  13.31380076 13.65552941
  9.01161105  4.21667978  3.45886127  3.25823361  9.15583978 16.68490097
 16.16976174 10.68604393 10.11625975 13.65522035  6.51281391  1.98369572
  2.76616685 13.78657049  9.62115337  6.03719127  5.37421968 15.91449948
  8.76005118  9.14949159 10.14851592  9.1216211  12.44245357 14.15075963
 13.36139309  5.41222001  9.34574266 18.58773974 15.95136373 14.48830062
 13.77996047  7.35481451 13.60936297 12.5391009  11.37229342 16.69110903
 16.42945828  6.78704952  8.40231153 10.45887109 15.88248919  0.23213054
  3.07880593  1.81669861 11.82595543  3.60500048 10.74835378 11.94702836
 13.23254019  4.73204993 15.84792669 17.96509066 12.47997342 11.72861711
  9.09253597 12.20032995  5.49187133  5.66329375  6.33382673  9.13099338
  5.93241864  5.97319694  6.94144248 15.09544581  6.59968434  7.85887341
 16.82588645 13.2575464   1.03165599 10.7740337   9.52849636  7.32994572
  7.58177407  9.22869454 15.34656678  6.95022339 10.806542    0.79623404
 10.20551312  9.94103097  1.99328597 13.03952504  9.22062855 10.764622
  5.17633576 17.62354875  3.16638121 14.59008717  2.87140159 13.76098186
  0.83080059  4.59739321 12.64313358 15.01017698  7.66153144  2.79204179
  4.09525092 17.81555989 10.25960987 14.84711156  2.55417912 13.4143876
 10.83373618  5.79557341  8.86836202  6.28419097  6.94942305  6.9342711
  1.90972318 10.94115873  1.4522223   1.33719561 12.26274131  2.91081573
 11.45599123  6.64910884 10.12730056 15.1959215   7.51871699 11.30193129
 12.90257113 15.7548867  15.65798868  8.2383477  15.62275849 11.41404635
 10.41173198  7.16740945  5.94119623 10.26056087  8.03625474  6.94662028
  2.56409929 12.01873317  3.34146851  3.09223989 12.20750782 16.68543604
  0.92708881 14.1224406   4.04069674  0.98026949]
2025-09-03 19:17:51,260 - pyswarms.single.global_best - INFO - Optimize for 50 iters with {'c1': 2, 'c2': 2, 'w': 0.9}
2025-09-03 19:18:02,170 - pyswarms.single.global_best - INFO - Optimization finished | best cost: 84.7543347578703, best pos: [16.29296959 14.18406472  3.80824189 10.11341877  0.17138386 13.53264309
  1.91261568 12.62475892  2.92318938 14.74083356 14.69754835  1.79688915
  9.71640485 13.96150287 13.46382476  5.80487563 11.29189213  8.11684235
  5.96495834  1.56910149 14.02773869  9.83731077 10.69283037 16.43089731
  6.71415099 10.65365433 11.17259375 13.46753839  2.43574706 13.12892757
 17.52396448  7.66021116 12.11032769 15.56369044  1.24667826  2.68706764
 14.64633686  7.64606355 17.15025668  1.22977335  9.27892825  6.48644405
  5.03927414  4.02495035  4.76377417  1.2276938  16.73627242 11.55848888
 10.61783304  2.53063237  9.18540833 10.4217853  13.26908829  5.91364588
 11.04010752 10.54767973  7.96831989  1.28156062  6.72047285  0.71257863
 15.22344446 15.25306419 13.97669863 17.95571656  7.20420321 18.12400789
  3.78941829  9.7026485  15.4923942   5.43207418  5.20654625  3.92422463
 14.44488609  9.06286705 13.55956397  8.80645109 10.09059809 13.6980172
  5.05899156 13.22663842  4.41866976 14.37719615  7.79416371 10.19798666
 18.02800482  1.10675482  5.35502641  3.50270321  8.01583853  6.92161908
  4.11522741 17.91675659 13.64099971  7.77469222 15.41976866  1.06222184
  8.98465961 15.46322341 12.7764654   6.85210849 14.66103793  9.9777122
 17.63645121 14.885339   15.78755495  7.25547427  9.3184329  15.80859274
 14.85986728 13.45913881 14.15510917 13.12264629 18.31377662  3.3503724
  3.91133387 15.008342   16.38272346 13.98853441 16.80112443 12.20018551
 11.35763537 16.81952362  8.0210856  15.83615288  8.32290074 14.19877891
  9.70956665 10.24657261  8.16368408  7.70254619  7.327093   11.42100527
  3.22839921  1.385215    7.53473983 14.90988402 12.8689161  13.32434496
  4.19630575 16.13216188 16.96331017 13.53300042  4.65951259  7.93694797
 12.52894514 18.86377541 12.80075754 15.20531487 13.65932091  8.70686241
  1.42061799 12.57741289  7.56436011  7.67359079 14.9096626   2.3426319
 13.77492458 18.72373355  0.35847564 16.88190341 12.17597944  7.83490967
 11.89767956  1.15868166  2.13089515 13.6474455   3.14671824  3.28186069
  6.64670058  6.91053022 10.80836553 14.72866059 18.3678023   5.00539496
 15.54178415  7.01889226  8.20066632 11.3043196   6.51081797 13.27716896
  2.53608812  3.55720667  3.61549225 18.81243732 12.58597934  1.79881506
 15.9516518  10.80585913 17.51314859 16.72051522  6.16379306 17.69706432
  9.14658423 15.19841122  6.99057703  0.02364721 16.67574059  5.30881377
 15.4933297  15.96190579  1.40579337  8.16746013  2.34120544  6.82948143
 13.35453923 13.39428073  8.35914128  1.81840005  4.41448971 18.31173528
  7.13143569 16.79725709  7.82003057  1.95918647  9.98401458 14.13397967
  5.77732908  1.91828082 13.18470261 14.84477615 10.77581331  4.97475819
 16.64867762 15.40807035  7.13352024  7.5222109   0.98705141 10.70671171
 10.95979051 11.23064719  8.00739448 16.02439401  1.26382261 14.2621622
 16.06246728  0.07692924 15.69282588 12.17180368  1.29699021 17.221231
  6.5647869  12.66944573 14.7637297   6.58642442 10.64897033 18.86082496
  8.32177945  5.5593361   3.24049761  8.11338446]
2025-09-03 19:18:02,438 - pyswarms.single.global_best - INFO - Optimize for 50 iters with {'c1': 2, 'c2': 2, 'w': 0.9}
2025-09-03 19:18:13,099 - pyswarms.single.global_best - INFO - Optimization finished | best cost: 140.68975824350812, best pos: [13.82699718  2.24353597 15.54989671  7.90551005 13.22885125  6.67386778
 15.25711843  5.94111479 13.35968613  1.43919773  8.63208995  0.57144201
  0.0685005   5.47689363  1.59048153  1.4426845  11.76858653  1.16423557
 12.86079513  0.11529693  9.7236863  15.26497255 13.30876682  6.9980385
  7.31917738 13.44115057 18.75932872 12.83925768  8.53506165 13.26704111
  1.59560313 11.98200152  0.67365223 10.18091348  2.74133313 15.62763296
  7.46926767 11.91574747 16.05974271 16.87013087 12.28837154 18.50982493
 11.0298175   7.75035049 12.71928418  7.90112678  8.55880269 11.73748334
  0.63738094  7.39108164  7.50394927 14.88777291 10.14490055  2.85018964
  8.0930246  11.64523167 10.3475859  13.79335715 13.99855311 16.73083979
  5.98043363  5.90341628 16.57541883  1.18425093  5.66566839  3.23139303
  0.39368861  0.66695108 14.3884761   2.27611306  5.58301067 11.79611269
  9.9452278   7.44652133 10.77401808 12.33227416 13.07017851 15.96089158
  4.34739663  0.7919316   9.25250829 10.29726063  7.76779197 15.34019154
 15.83562325 16.64589199  0.49885975 13.64779389  5.51353062 13.44739352
 16.33651917  4.39825005  3.67134839 14.48805247  8.60976993  2.68003749
 11.58537421  5.02830471  6.32157947 12.48440578 11.35282297  1.94486003
 10.41176496 10.64440499  7.72323223 15.56872581  7.56137256  3.60503158
 10.44380286  1.24292769 16.25722074  2.26022179 15.40524786  3.0696095
 14.09755631 17.68059715  6.96110051  6.08651769 13.08460412 17.62003984
 13.74466844  0.3594092  11.36734536  5.02059264  6.40864404  9.98647242
 16.10498543  6.05311446  6.65929086  2.41082715  8.590912    8.82734673
  8.34648042  9.87989525  6.35896859  0.42502499  6.79809081 15.61308796
  6.57195253  9.63716124  3.83343062  9.24508238 10.38913211  9.51054461
 11.51175956  7.67747895 13.34667637  0.26657922  7.32441512 16.57879422
  4.5930554  11.29788724  8.37469271 15.69166651 17.36946143 10.90299814
  3.48816234  4.59139731 13.03364482  4.09769426  7.37224393  8.55434133
  3.8875275   7.07417701  3.33626928  6.32698763  1.20467336  8.63242879
 11.09028918 12.04575196 11.45842392 10.39028307 14.0101796   4.94224392
 10.08768238  5.25335038 14.76341692  7.85940037  5.87871355  5.9039896
  6.30855236  3.29222386  8.8425606  11.37985481  3.6207272  14.08275189
 15.18574418  8.48162992  8.43105403  5.65406849  3.76921826  1.3402031
  6.44062019  4.85182733 11.03454597 17.02574386 15.95810135  1.58909555
  9.57096491 13.30974362 11.9040878  12.11893567 13.78398069 17.4047
  1.91561534 12.40577781 12.66165199  9.89503389 14.12650011  1.14788232
 16.43693084 12.49803988 14.42485398 10.54706294  1.15954776  5.49286156
  6.93484005  3.78111747 10.34727345  5.75010749  1.57970483  3.45194574
 12.06779374 17.24865235 17.29671107 16.21832072 15.74325645  5.01030018
  8.38019878 11.00256952 12.47484747 16.20929316  3.88917234  9.66471628
 15.34422472  3.27054378  6.18120624 13.86784219  9.82758091  1.85653463
 12.67660315  3.58417047  1.02689431  9.95481773  3.21544509  7.49578188
 13.60275477  3.57256146 17.74827878 10.04674302]
2025-09-03 19:18:13,488 - pyswarms.single.global_best - INFO - Optimize for 50 iters with {'c1': 2, 'c2': 2, 'w': 0.9}
2025-09-03 19:18:25,320 - pyswarms.single.global_best - INFO - Optimization finished | best cost: 1322.2327738689994, best pos: [ 1.93793876  7.81227008 15.5147822   6.55235396  5.62363557  6.82699684
  1.37976839 16.29570651  6.65927389 11.45343235  7.71192937  3.48740646
  0.66423596 10.78325766  7.12538546 10.14751771  5.15903432  3.52259092
 11.15107532 10.49938572  0.79205873  4.60333433  8.41364335  7.44047676
 12.99431474  4.40958592 13.37669694  9.22035731  8.38166245 11.0931838
  9.64160278  5.51527757  8.1908976   0.09391491 10.53831225 11.16449896
 18.292233   13.57572249 11.11464171  0.10572489 18.90283924  9.76345717
 13.43701523 12.26338176 11.56338958  7.12089188 14.43164558  5.36469301
 11.41862281  1.10591398  4.66342555 11.06194091 12.28656179 11.85149035
 15.17641104  5.11000885 16.20897046  7.55855447  8.89463141  8.18443249
  6.24860784  8.3636102  10.81361072 13.64577962  9.23114647 12.22064024
 13.06438335 12.01748978  1.6124256  10.00353962 10.2468778  16.20523056
 15.95206288  6.34956721 13.92949946  5.55698089  4.60637971 10.14767045
 10.51316337 13.32617275 13.64962956 10.14025156  5.1017993   0.9973189
  9.49924727 18.35738068  9.65521717 11.69638555 10.57460461 17.9670348
 15.25641079  7.56993052  1.71740023  8.43794198 12.87298144 11.87421862
  3.03387941  1.65090024  5.49239568 12.47219358 13.42278175  2.8109419
  7.05669755  8.60559735  9.23096812  9.75430917  3.30713464 14.22496897
  3.96128118  1.33817582 10.0911454   6.58878456 12.92238415 10.72156539
 13.83475108 10.86430408 16.30896521  6.46511103  6.79592482  5.88326331
 12.05669465  3.88526061 10.59282243 13.11586772  0.2132152  11.03311646
 17.17214651 17.57833427  0.89293466 16.56064382  8.67556902 11.73874128
  4.06189361  5.84992478 15.15390338 16.79618884  0.35895822 11.5333619
 14.23399596  9.07884568 11.81858523 11.84451684 18.01290526 17.57201156
  8.96458293 15.9094924  10.70712095  1.22961588  8.28909153  1.11998945
 14.24880343 17.49143256 11.88391859 13.24074175  4.52092761  8.69099949
  7.76432399 10.06287419  1.30355233  6.43640392  3.50821245 13.79770485
 12.07234916  5.16743958  5.70672799 14.22674586  0.09791606  0.4297785
 14.93338579 15.31628963  1.12569837 13.33218393 16.1762381   6.71033042
  2.2179221   4.38488887  7.39356426 17.03372087 15.00395943  3.48237549
 15.05945785  5.12620535  6.46392053  1.67144166 12.1143997   6.50681778
 11.58519575  9.64440454 12.6795147   2.05791205 12.77465739  9.89736653
 17.94336971  1.22129719  1.273269   11.23956862 16.15836472 15.2420176
 14.99070933  5.08440769 11.73243762 18.80384947  2.30122594  9.01512654
  8.30157523 12.86592393 11.97720518 12.96693944  3.69199457  0.11015209
 12.78567155 17.93467777 15.54902814 14.90238009  8.91397666 13.12717796
 12.47478327  3.87698972  0.30820827 17.23765543  7.93398109  7.36909875
  1.8420065   7.17110249 12.31562225  1.52594194  1.89954491 15.27889816
  8.77204802 14.94235666  7.3188729   7.71069965  6.52067086  0.9800296
 15.93293403 12.36829113  0.11206147 12.73593524 15.52743879  8.17521421
 12.70731918 16.32995419  7.87156523  4.90694624  6.40522486  5.44046291
 11.78933149  7.85734085  1.16746792  7.7219101 ]
2025-09-08 21:46:28,689 - pyswarms.single.global_best - INFO - Optimize for 50 iters with {'c1': 2, 'c2': 2, 'w': 0.9}
2025-09-08 21:46:30,162 - pyswarms.single.global_best - INFO - Optimization finished | best cost: 84.11556299505953, best pos: [9.16555668e+00 6.11937536e+00 8.19537676e+00 1.51513522e+01
 8.19016707e+00 7.09498945e+00 8.32283102e+00 1.08404316e+01
 1.84829220e+00 2.21072385e+00 1.39819386e+01 2.31619432e+00
 1.46102610e+01 1.83434521e+01 9.03014128e+00 1.44871241e+01
 1.33290673e+01 1.46414034e+01 4.86193870e+00 9.60634497e+00
 8.51695151e+00 1.34616818e+00 1.12279048e+01 1.22655353e+01
 5.95261466e+00 5.51619513e+00 1.54320685e+00 1.39984843e+01
 1.62060880e+01 1.64158290e+01 8.10816801e+00 1.52017264e+01
 1.21574172e+01 6.51164768e+00 4.24919923e-03 4.79668701e-01
 1.80254753e+01 6.14099916e-01 1.21204412e+01 9.86720761e+00
 7.82758249e-01 1.10396962e+01 1.74117506e+01 2.96150831e+00
 2.60485911e+00 1.01559520e+01 2.69133534e+00 8.31494002e+00
 7.25106907e+00 1.51505972e+01 1.57770276e+01 1.51959006e+01
 8.62293088e+00 8.39062785e+00 1.80803627e+01 6.67363465e+00
 1.65549680e+01 1.91522196e+00 6.06235935e+00 1.59671489e+01
 2.76722126e+00 1.34019472e+01 6.81475202e+00 1.84242940e+01
 9.25677426e+00 6.72796109e+00 2.66401099e+00 8.64876539e+00
 6.45684485e-01 3.55635749e+00 1.17708826e+01 1.35114717e+01
 1.62086674e+01 9.97272429e+00 1.00214634e+01 1.10850017e+00
 6.88508546e+00 6.35139083e+00 1.60523282e+01 1.48741486e+01
 6.30110929e+00 3.94500570e-01 9.13671069e-01 1.28774267e+01
 1.56076677e+01 9.70718587e+00 1.37007697e+01 1.62245949e+01
 3.44189066e-01 9.09431262e+00 1.00171031e+01 1.64961652e+01
 9.67911269e+00 1.29062667e+00 8.64461687e+00 1.62975788e+01
 8.06045075e+00 1.21220842e+01 1.51499902e+01 2.02634133e-01
 1.57013125e+01 6.84901394e+00 1.29663407e+01 1.05787611e+01
 1.04469217e+01 1.26987848e+01 1.47989949e+00 1.43273428e+01
 1.42622634e+01 1.13195123e+01 1.64480473e+01 3.25189027e+00
 1.36815288e+01 5.42815127e+00 1.36164480e+01 3.21018074e+00
 1.00456260e+01 1.86286715e+01 9.00598769e+00 1.54206855e+00
 6.99767145e+00 1.43848750e+01 1.79606500e+01 1.34884368e+01
 1.70335785e+00 8.12398260e-01 3.27343126e+00 1.56730166e+01
 1.10480626e+01 6.14761232e+00 3.14663419e+00 6.13469234e+00
 3.02284567e+00 1.47231917e+01 7.02708265e+00 1.78249915e+01
 1.62466410e+01 1.43433271e+01 1.30270332e+01 1.12437112e+00
 1.68751684e+01 1.06858222e+01 6.34185999e+00 1.76466647e+01
 1.47759982e+00 1.24782667e+01 1.82671460e+01 1.16164159e+01
 2.83697723e+00 1.78258664e+00 1.59035129e+01 1.02984647e+01
 3.31779526e+00 1.13460817e+01 1.00686350e+01 9.58264263e+00
 8.74376335e+00 5.66574935e+00 1.30476673e+00 2.52096695e+00
 9.62420853e+00 1.99019258e+00 5.15374186e+00 2.02258003e+00
 1.63578932e+01 2.12784782e+00 9.47117457e+00 1.33288462e+01
 9.63670036e+00 7.92262309e+00 5.77779709e+00 1.43977472e+01
 1.66536980e+01 1.68677215e+01 9.99881792e+00 1.69476901e+01
 1.72518800e+01 1.18814696e+01 1.09162610e+01 1.73402369e+01
 1.39214945e+01 1.29404539e+01 1.14931146e+01 4.64258456e+00
 6.02839152e+00 1.70422786e+01 7.28038325e+00 1.26173654e+01
 9.84405716e+00 1.09838524e+01 1.62871564e+01 9.86544757e+00
 9.79154220e-01 7.20912810e+00 1.11297056e+01 4.44284360e+00
 1.80020240e+00 1.20969356e+01 7.78217222e+00 3.44589556e+00
 7.97339357e+00 1.29067134e+01 1.54603878e+01 8.47136768e+00
 1.21126154e+01 8.15968976e+00 1.49531260e+01 1.38746506e+01
 6.16144027e+00 1.53289363e+01 7.59562544e+00 6.60267109e-01
 1.37819667e+01 1.66175103e+01 1.00620237e+01 1.59591165e+01
 1.23245207e+01 1.55158114e+01 4.69552343e+00 6.82691478e+00
 1.36987678e+01 1.09027807e+01 1.74382572e+01 1.14176733e+00
 1.46013219e-01 8.77363378e+00 8.06421993e+00 4.71856635e+00
 1.22510742e+01 1.26948036e+01 1.26087062e+01 1.95429042e+00
 7.66209436e+00 1.53173492e+01 1.37166135e+01 1.08610604e+01
 6.32906640e+00 9.77876463e+00 5.08497807e+00 3.77687604e+00
 1.85387798e+01 1.35523448e+01 1.55401266e+01 1.14043408e+00
 3.54878295e+00 1.52330848e+01 6.02170252e-01 1.54804103e+01
 1.04117297e+01 1.37323491e+01]
2025-09-08 21:46:30,193 - pyswarms.single.global_best - INFO - Optimize for 50 iters with {'c1': 2, 'c2': 2, 'w': 0.9}
2025-09-08 21:46:31,104 - pyswarms.single.global_best - INFO - Optimization finished | best cost: 141.29660241597898, best pos: [1.36412663e+00 8.24921411e-01 1.36405929e+01 1.53853957e+01
 1.61985934e+01 1.62543559e+01 1.69244845e+01 1.55098686e+01
 7.93130381e+00 3.58688141e+00 1.26823946e+01 1.17944758e+01
 1.23979982e+01 4.58689673e+00 1.58974239e+01 4.97373011e+00
 1.89426346e+01 1.50843864e+01 5.33467869e+00 1.31948275e+01
 5.19105581e+00 1.15182802e+01 1.76212247e+01 1.00224961e+01
 1.11080799e+01 1.76832652e+01 1.21704082e+01 6.95628886e+00
 1.48412051e+01 3.23651616e+00 1.20472726e+01 9.25798476e+00
 1.57274117e+01 1.00149728e+01 9.18962309e+00 7.19993751e+00
 6.12949038e+00 1.09833039e+01 1.65724219e+01 5.88538344e-01
 1.13464141e+01 1.65052976e+00 8.70080564e+00 4.42791595e+00
 1.37623041e+01 7.12301602e+00 8.75554977e+00 1.47513100e+01
 7.98900133e+00 3.54670923e+00 6.50974463e+00 8.98846497e-01
 7.55778536e+00 5.36002578e+00 6.22140966e+00 1.48057272e+00
 1.12705517e+00 2.87770815e+00 1.27335491e+01 1.74296874e+01
 7.52811353e+00 3.90528840e+00 1.11943447e+01 9.69773307e+00
 7.72569654e+00 1.46721793e+01 9.63135877e+00 2.25028559e+00
 1.25107275e+01 1.01718765e+01 6.87932798e+00 1.20454987e+01
 8.06866913e-01 4.56516170e+00 1.83951141e+01 7.10046071e+00
 1.33911905e+01 8.47614225e+00 1.19682269e+01 9.34764216e+00
 1.20052323e+01 1.45663786e+01 1.84605210e+01 5.08222368e+00
 1.78972843e+01 1.71582820e+01 6.52931746e+00 5.19757344e+00
 1.83675489e+01 4.71100233e+00 1.76043009e+01 1.50632054e+01
 6.88135007e+00 1.22837027e+01 9.04696605e+00 3.16000738e+00
 8.73921370e+00 1.29159693e+01 6.05765163e+00 1.00737622e+01
 1.45457971e+01 4.18254346e+00 1.11247201e+01 1.24545855e+01
 3.34429334e+00 9.98712611e+00 7.12542800e+00 1.02995744e+01
 1.04777753e+01 7.65695919e+00 1.43346879e+00 1.04636565e+01
 1.32307992e+01 1.17788819e+00 1.03723070e+01 9.81594297e+00
 9.77777366e+00 1.64080668e+00 1.42714228e+01 8.04740544e+00
 1.01603707e+01 1.07885666e+01 1.18678921e+01 1.64029949e+00
 1.58498963e+01 7.61861664e+00 1.50276150e+01 1.71190318e+01
 1.65081733e+01 1.26386567e+01 8.16027033e+00 7.75105469e+00
 1.12727242e+01 1.67980101e+01 5.29102629e-03 1.33897415e+01
 9.05333132e+00 6.11743034e-01 5.59538573e+00 1.27200131e+01
 1.35808484e+01 6.80804800e+00 3.19581941e+00 7.81509081e+00
 2.44640423e+00 1.26391958e+01 1.28813645e+00 1.28479443e+01
 1.59630999e+01 3.38942680e+00 7.67799097e+00 6.33891134e+00
 9.61625667e+00 1.12506400e+01 2.57863075e+00 3.72809479e+00
 7.06628216e+00 2.86416223e+00 1.03469589e+01 7.16566021e+00
 1.50116193e+01 1.39654685e+01 9.12536784e+00 1.35972983e+01
 1.09786471e+00 5.70284624e+00 1.70134175e+01 2.75917790e-01
 6.09342043e+00 4.73394799e+00 1.04606177e+01 1.66243152e+01
 6.88465558e+00 7.41395310e+00 4.79997363e+00 1.33047873e+00
 4.14225880e-01 1.17986370e+01 3.02538756e+00 4.42652553e+00
 9.93779368e+00 7.52927231e+00 3.43510470e+00 1.23524331e+01
 5.78197628e+00 1.16199897e+01 1.50589085e+01 7.32378664e+00
 7.89806411e+00 1.03198203e+01 1.22720919e+01 1.65527773e+01
 1.60605413e+01 1.28210792e+01 1.72402588e+01 7.27217589e+00
 7.10975869e-01 9.53965253e+00 1.57057441e+01 3.29803922e+00
 6.56256975e+00 1.39347969e+00 1.30949433e+01 1.53225560e+01
 6.66491051e+00 6.84688386e+00 1.81966474e+01 1.06721851e+00
 1.59205487e+01 2.06192538e+00 7.81786043e+00 1.53878161e+01
 6.81308341e+00 1.08446931e+01 1.61955292e+01 2.49559978e+00
 1.45586316e+00 1.05531677e+01 1.03541418e+01 8.76776158e+00
 1.26940937e+01 1.81162202e+01 1.33055056e+01 1.50652388e+01
 1.04472644e+01 1.02941573e+01 1.09053525e+01 3.66270809e+00
 9.70923153e+00 1.00121953e+01 8.79436165e+00 1.92455318e+00
 1.27538955e+01 7.66769776e+00 1.39655720e+01 1.82833986e+01
 1.02777295e+01 6.87047947e+00 1.35091467e+01 8.52640192e+00
 6.25627567e+00 5.46079712e+00 4.36999126e+00 6.92104800e+00
 8.60385288e+00 1.61535542e+01 1.33995370e+01 9.18990397e+00
 5.95674858e+00 1.47278416e+01]
2025-09-08 21:46:31,142 - pyswarms.single.global_best - INFO - Optimize for 50 iters with {'c1': 2, 'c2': 2, 'w': 0.9}
2025-09-08 21:46:33,067 - pyswarms.single.global_best - INFO - Optimization finished | best cost: 1330.3435722634595, best pos: [ 7.22306489 15.92679421 13.83159728 17.25397962 11.00540778  7.78737056
  0.08291708 14.4008907   5.75281248 17.2204668   9.9190952  13.96445426
 11.07093895  4.48066314 16.52298958  2.96576819  1.46700631 15.36474063
 15.15199773  1.83650336 10.22053508  9.72081327  6.98676714 13.86888882
 16.58557328 15.83502522 10.78971926  2.80857325  6.50855294 17.83306553
 13.68854303 14.52728453 15.9494835  17.80086381  9.19585025 11.28685913
 11.26998612 12.35192385 13.51844505  3.75653417  7.45066588 13.70601231
 10.77857788 13.39794499  0.05440329 11.58242495 10.88841626 12.81325983
  0.98212478 16.57042748  6.49983783  4.03327388 15.72501923  2.17542631
 11.0006021   6.10184688 12.67504207  6.03473206  0.40563176  4.38296015
  9.11471237  1.72145287 15.80267864 12.52644623 11.36603378 11.67469036
  1.47700885 11.94665496  4.43307947  2.0640982  16.51958473 10.72269052
 16.25346852 14.5208388   2.83591467  7.18950021 10.02389516  7.63356587
  1.6097777   6.49157432  2.26590634  2.58204451 11.27470995  8.67705772
 17.65530067  4.13247854  6.91528479 18.02236399 11.48280829  9.44776889
  9.21830334  6.63161536  0.76544434 13.37640337 11.14471769 11.9835338
  9.90706231  4.72933635  0.24179093 12.04990585 18.37331773  8.77344071
 15.06955015  5.75863736  9.79312776  7.94998787 11.74976667  5.54754419
  2.51863982 11.21075399  6.76094925  5.24738406  2.26806673 11.07761571
 10.8956558   4.56266478 17.75470564  2.58151107 14.9282092   0.51908489
 16.7714007  13.651695   15.8061204   6.80414148 17.22471702 15.34230288
  4.11333133  7.54273593  2.18923599 13.8539611   8.54993836  1.32483846
 14.67884233 11.07619811  0.75588171 14.82872813  6.52211924 14.1803662
  8.18380328 15.01955396  9.53291352 12.50076921  6.25665931 16.68863719
 11.05592384  0.52856951 10.98178101  8.85828782 13.9949562  15.48446258
  9.51362052 10.77274804 17.40163388  9.01337121 15.52003399  8.21557746
 12.7300785  10.38251351  6.51728108  1.102807    6.08789042 12.1145478
  5.86456549  8.1079165   4.81433643  3.28602422 11.13208246 11.34450479
 18.13337064  8.70017202  2.42929693 14.41712716 13.54652168 12.50239357
 15.94188117  0.6656949  10.09556155  5.19956003 10.38756743 13.81527789
 10.34749627  1.90852956 10.8076024  11.61367146 10.70566331  8.48866042
  6.46722997 14.70840071  9.21119991 14.12423464 11.09969905  4.36180282
 13.36127325 10.0264509  14.09021568  7.6329714  13.61495611  5.98663626
  3.70961538 14.26225152 14.17073827  1.56964453 13.10028528  3.79066194
  5.44964646 12.19317809  8.26433909 10.0640371   1.37841344  0.16941999
  6.03030631 16.89763132  7.37710891 15.36028301  1.14399392  9.30643259
  9.85443174  9.82479231  8.02628796 11.29016675 18.85409937 12.16290955
  6.60605199  1.20367256  1.73360013 15.14456279  6.54262951 12.82923076
  5.77985775 10.15852285  7.61684007  8.33735832 12.09044924 13.51136041
 15.11464467  6.58887477 15.45008308  5.97065022  2.26724581 15.56791555
  2.18048443 12.88033217 10.71904448 13.56757922  7.1022338  10.1590372
  7.46900316  0.27522047 17.1049382   9.10230164]
2025-09-08 21:55:32,894 - pyswarms.single.global_best - INFO - Optimize for 50 iters with {'c1': 2, 'c2': 2, 'w': 0.9}
2025-09-08 21:55:34,063 - pyswarms.single.global_best - INFO - Optimization finished | best cost: 84.11556299505953, best pos: [9.16555668e+00 6.11937536e+00 8.19537676e+00 1.51513522e+01
 8.19016707e+00 7.09498945e+00 8.32283102e+00 1.08404316e+01
 1.84829220e+00 2.21072385e+00 1.39819386e+01 2.31619432e+00
 1.46102610e+01 1.83434521e+01 9.03014128e+00 1.44871241e+01
 1.33290673e+01 1.46414034e+01 4.86193870e+00 9.60634497e+00
 8.51695151e+00 1.34616818e+00 1.12279048e+01 1.22655353e+01
 5.95261466e+00 5.51619513e+00 1.54320685e+00 1.39984843e+01
 1.62060880e+01 1.64158290e+01 8.10816801e+00 1.52017264e+01
 1.21574172e+01 6.51164768e+00 4.24919923e-03 4.79668701e-01
 1.80254753e+01 6.14099916e-01 1.21204412e+01 9.86720761e+00
 7.82758249e-01 1.10396962e+01 1.74117506e+01 2.96150831e+00
 2.60485911e+00 1.01559520e+01 2.69133534e+00 8.31494002e+00
 7.25106907e+00 1.51505972e+01 1.57770276e+01 1.51959006e+01
 8.62293088e+00 8.39062785e+00 1.80803627e+01 6.67363465e+00
 1.65549680e+01 1.91522196e+00 6.06235935e+00 1.59671489e+01
 2.76722126e+00 1.34019472e+01 6.81475202e+00 1.84242940e+01
 9.25677426e+00 6.72796109e+00 2.66401099e+00 8.64876539e+00
 6.45684485e-01 3.55635749e+00 1.17708826e+01 1.35114717e+01
 1.62086674e+01 9.97272429e+00 1.00214634e+01 1.10850017e+00
 6.88508546e+00 6.35139083e+00 1.60523282e+01 1.48741486e+01
 6.30110929e+00 3.94500570e-01 9.13671069e-01 1.28774267e+01
 1.56076677e+01 9.70718587e+00 1.37007697e+01 1.62245949e+01
 3.44189066e-01 9.09431262e+00 1.00171031e+01 1.64961652e+01
 9.67911269e+00 1.29062667e+00 8.64461687e+00 1.62975788e+01
 8.06045075e+00 1.21220842e+01 1.51499902e+01 2.02634133e-01
 1.57013125e+01 6.84901394e+00 1.29663407e+01 1.05787611e+01
 1.04469217e+01 1.26987848e+01 1.47989949e+00 1.43273428e+01
 1.42622634e+01 1.13195123e+01 1.64480473e+01 3.25189027e+00
 1.36815288e+01 5.42815127e+00 1.36164480e+01 3.21018074e+00
 1.00456260e+01 1.86286715e+01 9.00598769e+00 1.54206855e+00
 6.99767145e+00 1.43848750e+01 1.79606500e+01 1.34884368e+01
 1.70335785e+00 8.12398260e-01 3.27343126e+00 1.56730166e+01
 1.10480626e+01 6.14761232e+00 3.14663419e+00 6.13469234e+00
 3.02284567e+00 1.47231917e+01 7.02708265e+00 1.78249915e+01
 1.62466410e+01 1.43433271e+01 1.30270332e+01 1.12437112e+00
 1.68751684e+01 1.06858222e+01 6.34185999e+00 1.76466647e+01
 1.47759982e+00 1.24782667e+01 1.82671460e+01 1.16164159e+01
 2.83697723e+00 1.78258664e+00 1.59035129e+01 1.02984647e+01
 3.31779526e+00 1.13460817e+01 1.00686350e+01 9.58264263e+00
 8.74376335e+00 5.66574935e+00 1.30476673e+00 2.52096695e+00
 9.62420853e+00 1.99019258e+00 5.15374186e+00 2.02258003e+00
 1.63578932e+01 2.12784782e+00 9.47117457e+00 1.33288462e+01
 9.63670036e+00 7.92262309e+00 5.77779709e+00 1.43977472e+01
 1.66536980e+01 1.68677215e+01 9.99881792e+00 1.69476901e+01
 1.72518800e+01 1.18814696e+01 1.09162610e+01 1.73402369e+01
 1.39214945e+01 1.29404539e+01 1.14931146e+01 4.64258456e+00
 6.02839152e+00 1.70422786e+01 7.28038325e+00 1.26173654e+01
 9.84405716e+00 1.09838524e+01 1.62871564e+01 9.86544757e+00
 9.79154220e-01 7.20912810e+00 1.11297056e+01 4.44284360e+00
 1.80020240e+00 1.20969356e+01 7.78217222e+00 3.44589556e+00
 7.97339357e+00 1.29067134e+01 1.54603878e+01 8.47136768e+00
 1.21126154e+01 8.15968976e+00 1.49531260e+01 1.38746506e+01
 6.16144027e+00 1.53289363e+01 7.59562544e+00 6.60267109e-01
 1.37819667e+01 1.66175103e+01 1.00620237e+01 1.59591165e+01
 1.23245207e+01 1.55158114e+01 4.69552343e+00 6.82691478e+00
 1.36987678e+01 1.09027807e+01 1.74382572e+01 1.14176733e+00
 1.46013219e-01 8.77363378e+00 8.06421993e+00 4.71856635e+00
 1.22510742e+01 1.26948036e+01 1.26087062e+01 1.95429042e+00
 7.66209436e+00 1.53173492e+01 1.37166135e+01 1.08610604e+01
 6.32906640e+00 9.77876463e+00 5.08497807e+00 3.77687604e+00
 1.85387798e+01 1.35523448e+01 1.55401266e+01 1.14043408e+00
 3.54878295e+00 1.52330848e+01 6.02170252e-01 1.54804103e+01
 1.04117297e+01 1.37323491e+01]
2025-09-08 21:55:34,125 - pyswarms.single.global_best - INFO - Optimize for 50 iters with {'c1': 2, 'c2': 2, 'w': 0.9}
2025-09-08 21:55:35,951 - pyswarms.single.global_best - INFO - Optimization finished | best cost: 140.2211888795712, best pos: [14.5670788   9.38371329  6.71636223  5.23306307  1.04575622 13.40585273
  8.55476643  7.18612645 12.72699662  9.21036951  7.18076838  3.9299262
 10.52107286  8.05521966 14.35429446 17.15527054 16.38926141  8.89366945
 11.93813722  7.48081495  9.74265067  2.85688678  9.81651389  6.12187476
  9.34925114 11.51399066  7.59447942 12.34603541  4.19837975 16.0821163
 13.77165115  6.44231977 13.71887978  1.74940594  7.86182267  2.22287317
  8.90150415  5.10544054  9.48329724 14.99611606  9.66247349 14.17313177
 16.1949489  13.42983303  7.48348931 10.64905664 17.08335788 12.79540151
 10.32074934 13.90754617  5.65820432 13.44721525 13.3725254   1.79169349
  7.27730852 13.64082974 12.27004654 10.84009808 13.56478372 11.19022596
  4.56897001  8.83013375  4.77976411 16.02425087  9.84658847 11.13269562
  5.5025246  14.59808911  9.91504753  2.37249448 17.11296499 17.32484897
 11.83596137  5.706727    1.97256568 16.42235957  7.07003331 12.45671629
 11.99123355 12.21747185 13.81625199  2.02645965  5.02206563 16.15396707
  5.70229886  7.83071149  6.12931478 14.41290602 11.50617612 14.28030612
 13.3177784   1.49605341  3.24709288  5.44310913  0.70607137 14.1689464
  7.28986528  7.45419713 12.26916499  8.06372751  8.9921019  16.52976168
  5.70941864 12.55665693 15.2799363  10.14090851 13.42365398 12.97927704
 12.73642199 18.73281573 15.48097156 11.78913986 10.34190275  1.6448082
  8.59224557 10.47150437  9.9964942   3.54109359  7.05975589 12.92118422
  6.6076965   3.16687673  7.14032312 12.91018216  0.07477424 13.25886644
  8.18792404  7.02783288 12.71151934  7.23937248  3.38579063  3.04369296
 14.90416501 14.39765112  6.44838554  1.16614014  6.22761592  9.19575054
  1.11706541 16.69850136  8.36705122 16.34446804 10.03464424  5.58595906
  9.57315407 13.64781725  2.89189817  0.64964224  9.42010092  5.27407556
 12.42332647  3.26430426  3.49805807 13.81904529  3.69417778  0.79729763
  3.59681127 16.49770946 18.59617557 13.21023229 13.98031863 15.09408634
 13.06006507  4.75770572  6.69579805  0.43451993 16.90391474  5.05039928
 11.39451861 16.40511901 12.04774869 13.06995125 11.61702323 10.15817068
 15.36268531 11.75815828  1.83668701 15.66446072  8.14312002 13.35395078
 13.46054053 10.30985394  3.04297127  5.96302303  7.60080057 10.14097807
  7.90603969  7.9693433   3.3132796   3.67566017 13.04912773  1.58549265
 17.6234599  13.12799834 10.34867428 10.83462753  5.70164938  9.44015607
 18.41592609 17.34739381 15.15336707 17.46018075 15.55062764 15.43960467
 12.39563519  7.28514104  4.73152136 14.9142563   0.85915224 12.15101102
 10.36558253  0.41892941  9.74237234 13.89243335  5.91439928  8.19234915
  5.9717558  10.34150194 13.88011902 12.42115493 12.396707    9.65677936
 13.41993511 18.93689499  1.10798971  6.63706846 10.43022427 13.96971727
 10.08196085 13.64913279  7.48967127  4.36737856  0.57412033 16.42254197
 10.46706009  5.61956036  4.65488249 16.90978949 12.76277363  9.69318711
 14.09389388  6.74089421 15.15490507  4.47301248 13.90204437  4.44266284
  7.18690955  7.9531111   8.45659731  7.42615188]
2025-09-08 21:55:35,976 - pyswarms.single.global_best - INFO - Optimize for 50 iters with {'c1': 2, 'c2': 2, 'w': 0.9}
2025-09-08 21:56:42,979 - pyswarms.single.global_best - INFO - Optimize for 50 iters with {'c1': 2, 'c2': 2, 'w': 0.9}
2025-09-08 21:56:44,093 - pyswarms.single.global_best - INFO - Optimization finished | best cost: 84.11556299505953, best pos: [9.16555668e+00 6.11937536e+00 8.19537676e+00 1.51513522e+01
 8.19016707e+00 7.09498945e+00 8.32283102e+00 1.08404316e+01
 1.84829220e+00 2.21072385e+00 1.39819386e+01 2.31619432e+00
 1.46102610e+01 1.83434521e+01 9.03014128e+00 1.44871241e+01
 1.33290673e+01 1.46414034e+01 4.86193870e+00 9.60634497e+00
 8.51695151e+00 1.34616818e+00 1.12279048e+01 1.22655353e+01
 5.95261466e+00 5.51619513e+00 1.54320685e+00 1.39984843e+01
 1.62060880e+01 1.64158290e+01 8.10816801e+00 1.52017264e+01
 1.21574172e+01 6.51164768e+00 4.24919923e-03 4.79668701e-01
 1.80254753e+01 6.14099916e-01 1.21204412e+01 9.86720761e+00
 7.82758249e-01 1.10396962e+01 1.74117506e+01 2.96150831e+00
 2.60485911e+00 1.01559520e+01 2.69133534e+00 8.31494002e+00
 7.25106907e+00 1.51505972e+01 1.57770276e+01 1.51959006e+01
 8.62293088e+00 8.39062785e+00 1.80803627e+01 6.67363465e+00
 1.65549680e+01 1.91522196e+00 6.06235935e+00 1.59671489e+01
 2.76722126e+00 1.34019472e+01 6.81475202e+00 1.84242940e+01
 9.25677426e+00 6.72796109e+00 2.66401099e+00 8.64876539e+00
 6.45684485e-01 3.55635749e+00 1.17708826e+01 1.35114717e+01
 1.62086674e+01 9.97272429e+00 1.00214634e+01 1.10850017e+00
 6.88508546e+00 6.35139083e+00 1.60523282e+01 1.48741486e+01
 6.30110929e+00 3.94500570e-01 9.13671069e-01 1.28774267e+01
 1.56076677e+01 9.70718587e+00 1.37007697e+01 1.62245949e+01
 3.44189066e-01 9.09431262e+00 1.00171031e+01 1.64961652e+01
 9.67911269e+00 1.29062667e+00 8.64461687e+00 1.62975788e+01
 8.06045075e+00 1.21220842e+01 1.51499902e+01 2.02634133e-01
 1.57013125e+01 6.84901394e+00 1.29663407e+01 1.05787611e+01
 1.04469217e+01 1.26987848e+01 1.47989949e+00 1.43273428e+01
 1.42622634e+01 1.13195123e+01 1.64480473e+01 3.25189027e+00
 1.36815288e+01 5.42815127e+00 1.36164480e+01 3.21018074e+00
 1.00456260e+01 1.86286715e+01 9.00598769e+00 1.54206855e+00
 6.99767145e+00 1.43848750e+01 1.79606500e+01 1.34884368e+01
 1.70335785e+00 8.12398260e-01 3.27343126e+00 1.56730166e+01
 1.10480626e+01 6.14761232e+00 3.14663419e+00 6.13469234e+00
 3.02284567e+00 1.47231917e+01 7.02708265e+00 1.78249915e+01
 1.62466410e+01 1.43433271e+01 1.30270332e+01 1.12437112e+00
 1.68751684e+01 1.06858222e+01 6.34185999e+00 1.76466647e+01
 1.47759982e+00 1.24782667e+01 1.82671460e+01 1.16164159e+01
 2.83697723e+00 1.78258664e+00 1.59035129e+01 1.02984647e+01
 3.31779526e+00 1.13460817e+01 1.00686350e+01 9.58264263e+00
 8.74376335e+00 5.66574935e+00 1.30476673e+00 2.52096695e+00
 9.62420853e+00 1.99019258e+00 5.15374186e+00 2.02258003e+00
 1.63578932e+01 2.12784782e+00 9.47117457e+00 1.33288462e+01
 9.63670036e+00 7.92262309e+00 5.77779709e+00 1.43977472e+01
 1.66536980e+01 1.68677215e+01 9.99881792e+00 1.69476901e+01
 1.72518800e+01 1.18814696e+01 1.09162610e+01 1.73402369e+01
 1.39214945e+01 1.29404539e+01 1.14931146e+01 4.64258456e+00
 6.02839152e+00 1.70422786e+01 7.28038325e+00 1.26173654e+01
 9.84405716e+00 1.09838524e+01 1.62871564e+01 9.86544757e+00
 9.79154220e-01 7.20912810e+00 1.11297056e+01 4.44284360e+00
 1.80020240e+00 1.20969356e+01 7.78217222e+00 3.44589556e+00
 7.97339357e+00 1.29067134e+01 1.54603878e+01 8.47136768e+00
 1.21126154e+01 8.15968976e+00 1.49531260e+01 1.38746506e+01
 6.16144027e+00 1.53289363e+01 7.59562544e+00 6.60267109e-01
 1.37819667e+01 1.66175103e+01 1.00620237e+01 1.59591165e+01
 1.23245207e+01 1.55158114e+01 4.69552343e+00 6.82691478e+00
 1.36987678e+01 1.09027807e+01 1.74382572e+01 1.14176733e+00
 1.46013219e-01 8.77363378e+00 8.06421993e+00 4.71856635e+00
 1.22510742e+01 1.26948036e+01 1.26087062e+01 1.95429042e+00
 7.66209436e+00 1.53173492e+01 1.37166135e+01 1.08610604e+01
 6.32906640e+00 9.77876463e+00 5.08497807e+00 3.77687604e+00
 1.85387798e+01 1.35523448e+01 1.55401266e+01 1.14043408e+00
 3.54878295e+00 1.52330848e+01 6.02170252e-01 1.54804103e+01
 1.04117297e+01 1.37323491e+01]
2025-09-08 21:56:44,132 - pyswarms.single.global_best - INFO - Optimize for 50 iters with {'c1': 2, 'c2': 2, 'w': 0.9}
2025-09-08 21:56:45,518 - pyswarms.single.global_best - INFO - Optimization finished | best cost: 140.2211888795712, best pos: [14.5670788   9.38371329  6.71636223  5.23306307  1.04575622 13.40585273
  8.55476643  7.18612645 12.72699662  9.21036951  7.18076838  3.9299262
 10.52107286  8.05521966 14.35429446 17.15527054 16.38926141  8.89366945
 11.93813722  7.48081495  9.74265067  2.85688678  9.81651389  6.12187476
  9.34925114 11.51399066  7.59447942 12.34603541  4.19837975 16.0821163
 13.77165115  6.44231977 13.71887978  1.74940594  7.86182267  2.22287317
  8.90150415  5.10544054  9.48329724 14.99611606  9.66247349 14.17313177
 16.1949489  13.42983303  7.48348931 10.64905664 17.08335788 12.79540151
 10.32074934 13.90754617  5.65820432 13.44721525 13.3725254   1.79169349
  7.27730852 13.64082974 12.27004654 10.84009808 13.56478372 11.19022596
  4.56897001  8.83013375  4.77976411 16.02425087  9.84658847 11.13269562
  5.5025246  14.59808911  9.91504753  2.37249448 17.11296499 17.32484897
 11.83596137  5.706727    1.97256568 16.42235957  7.07003331 12.45671629
 11.99123355 12.21747185 13.81625199  2.02645965  5.02206563 16.15396707
  5.70229886  7.83071149  6.12931478 14.41290602 11.50617612 14.28030612
 13.3177784   1.49605341  3.24709288  5.44310913  0.70607137 14.1689464
  7.28986528  7.45419713 12.26916499  8.06372751  8.9921019  16.52976168
  5.70941864 12.55665693 15.2799363  10.14090851 13.42365398 12.97927704
 12.73642199 18.73281573 15.48097156 11.78913986 10.34190275  1.6448082
  8.59224557 10.47150437  9.9964942   3.54109359  7.05975589 12.92118422
  6.6076965   3.16687673  7.14032312 12.91018216  0.07477424 13.25886644
  8.18792404  7.02783288 12.71151934  7.23937248  3.38579063  3.04369296
 14.90416501 14.39765112  6.44838554  1.16614014  6.22761592  9.19575054
  1.11706541 16.69850136  8.36705122 16.34446804 10.03464424  5.58595906
  9.57315407 13.64781725  2.89189817  0.64964224  9.42010092  5.27407556
 12.42332647  3.26430426  3.49805807 13.81904529  3.69417778  0.79729763
  3.59681127 16.49770946 18.59617557 13.21023229 13.98031863 15.09408634
 13.06006507  4.75770572  6.69579805  0.43451993 16.90391474  5.05039928
 11.39451861 16.40511901 12.04774869 13.06995125 11.61702323 10.15817068
 15.36268531 11.75815828  1.83668701 15.66446072  8.14312002 13.35395078
 13.46054053 10.30985394  3.04297127  5.96302303  7.60080057 10.14097807
  7.90603969  7.9693433   3.3132796   3.67566017 13.04912773  1.58549265
 17.6234599  13.12799834 10.34867428 10.83462753  5.70164938  9.44015607
 18.41592609 17.34739381 15.15336707 17.46018075 15.55062764 15.43960467
 12.39563519  7.28514104  4.73152136 14.9142563   0.85915224 12.15101102
 10.36558253  0.41892941  9.74237234 13.89243335  5.91439928  8.19234915
  5.9717558  10.34150194 13.88011902 12.42115493 12.396707    9.65677936
 13.41993511 18.93689499  1.10798971  6.63706846 10.43022427 13.96971727
 10.08196085 13.64913279  7.48967127  4.36737856  0.57412033 16.42254197
 10.46706009  5.61956036  4.65488249 16.90978949 12.76277363  9.69318711
 14.09389388  6.74089421 15.15490507  4.47301248 13.90204437  4.44266284
  7.18690955  7.9531111   8.45659731  7.42615188]
2025-09-08 21:56:45,552 - pyswarms.single.global_best - INFO - Optimize for 50 iters with {'c1': 2, 'c2': 2, 'w': 0.9}
2025-09-08 21:56:47,109 - pyswarms.single.global_best - INFO - Optimization finished | best cost: 1313.6643907035536, best pos: [13.40037315  8.78073561 15.32568708  2.22689865  3.3856858   6.96002927
  7.41507897 11.49637472  3.53473748  9.15441517  1.51831135  3.3005558
  0.42151666 12.52922415  8.95240872  7.27459603 10.51289562 11.19844467
  6.66801272 11.37292189  4.35964751  6.61460298  8.359715   15.73923003
 11.50259666 11.87804742  7.57615191 16.815       2.84221144  6.03778666
 18.45801178 10.67581096 10.85247449  1.94651074  9.44619481  6.11159776
 10.73077054  6.21157416  3.99373164 15.99666172  5.68431196 13.09831249
 14.00742318 13.78253528  5.18558667  9.94358296 13.32600515  5.96710499
 16.38065226 18.74126896 13.15663088 15.82625294  9.98071106 16.50810133
  7.36639646 11.39596799  7.1294586   3.11161054 16.77048714  1.63491603
  0.48468439  2.28584793 10.96405228 14.42693509  9.23720652  3.40726582
  7.46753316 10.44883538 15.46876273 10.71934548 13.23219332 12.3893327
 12.77468765  6.67725469 13.65636927  9.04593639  1.3470832  17.70309567
 12.1426074  10.72851979 17.36297374  9.87850594  1.2426515  11.13127186
 10.76390351  3.47116238  4.86102431 16.95445429 10.15010389 11.95141678
 15.59116643  7.66874288 12.86929211 12.02703505 11.5556173  11.16621426
  7.7111425  15.76963745 12.32301782  9.0860929   9.10154573  9.87910347
 15.44191893 18.34211196 14.95431174  8.77479231 11.92753411 16.55971245
  7.37602959  9.08923791  8.32596905 12.07780545 16.321928   13.46863103
 13.64535289 10.34773952  1.81236576 15.98940872  7.50204208  9.25519671
 10.76326396 11.49907077 18.53782988  7.43801313  5.02013124  4.88882963
  0.91788609  6.77412502 15.28497631  0.95129189  1.51355112  6.85371573
  0.44700903 13.07043128  8.84330031 18.50456053 12.93582616  9.0626371
 13.83865589 14.35911751 10.84822367 14.20936834  0.1821387  10.28056778
  0.99724105 13.45527273 10.8682035  12.11180823 18.14700486  2.2281463
 10.22013603 14.43770114  5.07180462  0.64234148  5.21752136  7.62920313
 11.40933114  5.65809244 15.29137832 12.90933338  4.264175    4.54259061
 10.58527982 17.33942075  0.82586522  5.18830191 14.20759648  7.02673043
 16.48067354 12.43758708 10.47264788 13.06806063  5.07161396 14.55008234
 10.15803004  4.51170326 15.69255868 14.49897468  8.42096007 11.46678539
  1.16881033  9.34508342 15.01755636 13.09549598 13.01834693  7.27764592
 16.64969735  0.31913795 11.36527166  6.18864118  5.90394159  9.73727576
  2.44881117  7.35419885  8.0871299   7.27442308 15.59531119  1.35619636
 12.94295259  7.65733716  7.9131863   6.46182542 16.09990648  5.0786072
  2.56835183  2.07297671 11.25682385 17.46318261  0.73307659  1.50925322
 15.25092477  6.70842477  7.61866127 16.66661159 17.66107324 11.56418376
 11.16570419  9.42841723 18.61834063 10.45747271 17.64273135 11.05734374
 13.39015123 14.16754146  4.2190776   6.51486478  1.74354467 14.28774661
 13.8276152  16.59615535  5.45491385  9.99666846  5.96014791  0.38853497
  7.14938032 10.75038115  7.78337636 16.6842963   2.10726191  6.52151914
  7.19969882  2.32534059  7.59205709 15.35958866  7.41406596 11.02400769
 10.62371248 16.56916268 15.22278729 12.86122172]
2025-09-08 21:58:18,640 - pyswarms.single.global_best - INFO - Optimize for 50 iters with {'c1': 2, 'c2': 2, 'w': 0.9}
2025-09-08 21:58:20,072 - pyswarms.single.global_best - INFO - Optimization finished | best cost: 84.38939363199387, best pos: [ 6.8743329  10.24788041  8.55262905  9.06557968  3.72249277 11.5527441
  8.51865303 16.53929104  3.08296455 17.50497771 11.14263159  7.36462709
 16.1990423   7.10600175 11.20449078  0.4610334   7.57139618  5.41817112
  0.28317838  3.25388886 17.83362952 14.91156974 14.9498265   8.18349619
  4.8542112  10.75346302 14.00240494  5.76508075 15.29617458 16.65167789
  6.28039761  6.33590878 15.60547308 12.34059841 12.29637885  2.53058118
  9.37248221  7.07672407  0.32586432 15.41392118  9.08493979  4.15797454
 12.37905494 15.84332436  7.91660684 16.57950506 10.18027508  4.0971318
 18.18710309  6.90430582  9.99091897 13.65804988 16.17680471 11.88805044
 10.32219067  1.1764004   1.40702724  8.28678792 13.7515601   4.98805291
 13.32148723 14.11453876 16.70484356 16.95044267  9.963125    9.64701665
  9.97951993 11.46150986 11.6967864   3.36987506 10.74930192  6.89174502
 17.65987886 16.65084083  8.92083465 17.90978155 14.15889396  1.83955097
 16.68108487 14.81834279 14.21790913 18.56329713 13.1422596   9.4033026
 10.82922709  2.75516596 14.06639754  9.46157545 17.80247014 10.32459267
 12.56570414  3.77337057  9.81360564 18.48276883 17.40322531  2.23121748
  2.73336115 17.05918357 14.88244775  3.67959363 11.48018996 15.0171837
 16.33766688 13.00734803 17.80797854  6.43112075 13.34797281  5.68898862
  2.17602011 14.26656871  0.68981296  1.19331517  7.74278842 17.39373466
  1.64425141  3.57903919  6.49630047 17.13217582 11.83108483  9.48485067
  1.93737051 14.41796353  9.0750636   2.15036072 16.38350574 17.5603049
 11.00761751 14.25288623 16.64995771  9.07628386  4.10826401  9.2421091
  7.08217968  0.26276738 16.07755039  4.61579193 15.99930002 12.77338888
  2.9738609   1.85063852  9.37142104  1.70474983 14.71916968 14.77452041
  3.41723252 15.11435448  3.28671911 10.99239982  0.25987869 14.52430839
  6.6921237  10.34451809 15.20855053  0.23295177  6.15688078 13.7370873
 18.6123648  17.54247383 18.95226425  4.59550493 16.15254439 13.97605295
 16.30080955  7.70863308  7.38741356  7.11012239  9.7555516   0.80762252
 14.73646597  2.84904978  5.47518046  5.71457275  6.39499832  7.46412909
  2.95934476  9.47421909 11.28673278  7.96208159 16.19811547  6.84354967
 13.39984256 10.50223311 12.47097695 11.49980292 15.35060344  5.97684763
  3.39596201  6.86015889 10.99146635 13.91898403 14.00525424 10.87642863
  1.56080263  9.04426985 14.79383415 12.53413808  9.96466043 17.1201073
  9.66708416 12.9472005  11.18924558  5.12210449  7.26238699 10.6899136
  5.42007281  9.50255535 18.986686    9.49374737 14.83127225  5.06882808
 12.94044009 16.60717832  7.96238043 18.32414418 15.25400182  4.71059207
 10.38165494 16.69533944 15.78059567  4.17861158 16.89806724  0.81712194
  7.82550355 14.50862527 13.12764652  9.57480676 12.9398624  13.57629161
  0.15639472 10.1391875   0.65317562 11.91189433  6.54745512  7.77769914
 16.04360743  5.64402398  7.46503089 16.64787484  3.9837584  10.22856383
 16.25709442 16.0248224  18.66076407 11.59822444 14.77064839  3.76037684
  9.63165533 12.80373442 14.67398337  3.34815434]
2025-09-08 21:58:20,098 - pyswarms.single.global_best - INFO - Optimize for 50 iters with {'c1': 2, 'c2': 2, 'w': 0.9}
2025-09-08 21:58:22,028 - pyswarms.single.global_best - INFO - Optimization finished | best cost: 140.6646639333887, best pos: [ 0.32104988  6.78373449 15.2392862   6.22365357 10.9127723   5.57459986
  8.41197648  7.76197282 13.40348782 16.40590237 12.52937084  0.46080271
 14.46624127 12.38876844  2.9343521  13.63801806  1.65555686  3.02796182
 16.0845631  12.84248981 11.60711759 12.18186059 17.16860917  6.11831652
  1.91666637 12.71653417 16.43843744 13.42672382 18.72998222 17.02118237
 10.9449564   0.13726422  3.33547253  3.3756323  11.61782194 11.0250421
  0.88648761 14.40702469 11.48073614  4.99080965  3.85407335  1.15050819
 12.07489275 15.43447227  9.78323193 10.46153608  3.23272169  6.33917894
  8.59834204  9.53464271  0.22386076  8.87362688 14.21058005  6.92448061
 10.02656376  8.08470196  6.75875565  7.79278281 10.17117227 16.71037224
  0.32981637  8.84134834 12.71861377  8.12528187 17.97139431  7.70868737
  4.67110088 15.19792535 18.34888441  2.4204215  17.18723704  2.23017914
 17.86027861  1.34319876 13.82116081  7.58319202 13.04503255 14.63560672
 11.95850708  2.5501031  11.97079608 11.43206476  9.11865188  7.2568836
  4.48577431 10.58339051  8.95332523  2.43350201 15.44674845  1.19198936
  9.7034662   9.00781171  9.22428764  9.96407012 17.77648219  9.10173604
  2.40741545  9.92158935 13.15360745  0.95214852  9.39819225 17.07035451
 18.18477889  0.53093927  5.5029267   6.02136446 12.213116   15.94033897
 16.41852908  9.98782173 12.35805421 14.90481347 12.73366732 14.63872122
  2.8739607  15.25717629  5.90155547 14.3959707   9.10740209 16.43040242
 11.57676304 12.10407342  4.54245553 11.47602343  0.83805267  7.41655106
 13.85984377 11.51295801  7.88110047  1.06496031 12.32741601 12.18517639
 10.82567321  9.4994016   8.71420018 14.82728621  5.15820051  1.93886397
  9.7014892  13.05463335 13.79192711 15.3842602  10.10282407 17.06492665
  5.80515094  7.68692322 10.97841066  7.85754813  0.79346256 10.02361749
  1.42430652  3.00074242 16.09334565  7.32352099 10.10699255 16.83841186
 13.39759242  9.13418654 12.6573105  11.04522564  0.3883441   3.66692742
  7.45827021  7.5311022   3.16884725 16.31067922 11.57189458 16.78370866
 14.03166368  2.14850633 12.24300024  3.04948649  3.50798334  9.20072799
  1.25680923 16.07190202 11.06898562  8.43869297 15.02636963  7.76751589
 11.12506642  6.2183886  13.93481354  6.96771848  9.55235529  6.60405533
  6.7387878  16.56420515  8.38503745  2.72612977  4.56635204 13.08599117
 12.06800988  7.21635765  0.36150588  8.33540166 13.96670767  5.60657428
  1.49889043  6.19412006 13.96073341 18.38758725 12.62520435  9.11072972
  6.08222916 14.43846641  3.67700884  1.04074992  8.32853747  1.69737503
 18.9732009   1.74822371 15.71720673  6.51088477  3.67329034  7.07001781
 16.36131725 18.70981239  7.79360702 10.88534083  7.47713953 13.94272724
 10.93715962 14.5996161   3.00319731  6.44291486  8.47073834 13.8820579
 14.84337715  4.25330229 13.09487859  6.99382226 13.91682704  4.42480076
  7.85809981  3.69519794 16.05909917  3.52782776 14.34455217  9.19802815
  9.7149128  14.90475197  2.58012254 10.55305485  5.5209533  13.81328009
  7.89815515  7.22961026  6.80105283  0.64215175]
2025-09-08 21:58:22,085 - pyswarms.single.global_best - INFO - Optimize for 50 iters with {'c1': 2, 'c2': 2, 'w': 0.9}
2025-09-08 21:58:24,144 - pyswarms.single.global_best - INFO - Optimization finished | best cost: 1309.6861406277692, best pos: [ 6.96986841  6.52392577 16.35036278  7.71421471 15.62176171 10.03174719
  7.89487814 12.59934016  3.90934932  6.15702458  7.81552935  1.43616499
 16.64287959 15.19212518  3.35345664  7.96509125  9.55337599 11.34396523
 14.82781089  5.15553694  7.75629205  0.2685102   7.52826003  2.90476571
  3.75386103  7.58345414 12.59404118  8.20399459 10.56283574  6.54774823
  7.47717979 16.21021375  3.34722861  7.98639535 10.66594862  7.50562465
  4.46664047  5.209547    5.61547187 16.9062578  15.72831691  7.43659577
  1.48494712  1.29113347  2.53279122  9.84946603  5.65714295 14.7206028
 16.50258958 18.4466785   3.05225387  3.29373828  1.89100321  8.00471478
 17.05090623 15.46157267  9.27140141 15.23279407  9.60103967  5.15189094
 11.49357655  7.02796163  3.12201304  7.32137343 14.19880487 14.36969215
 12.83616705  7.50689928 12.37317537  4.19143771 13.36034104  5.47250357
 14.11346324  1.62180157  0.03322919  5.67609225 10.5099317  13.41143986
 16.50157221  7.13943331  4.94413771  9.59012513  9.60766335 12.55025335
  1.36097292  8.55808917  0.4281014   1.29800317  6.11964167 12.28112002
 12.49844933 17.07992433  5.27474875 11.15199303  2.02066498  7.53387078
  2.85544676 10.90767229 14.48857213  8.45250753 10.00460223  1.98831072
 16.98726613  7.72632866 16.91890657 15.1102058  13.31380076 13.65552941
  9.01161105  4.21667978  3.45886127  3.25823361  9.15583978 16.68490097
 16.16976174 10.68604393 10.11625975 13.65522035  6.51281391  1.98369572
  2.76616685 13.78657049  9.62115337  6.03719127  5.37421968 15.91449948
  8.76005118  9.14949159 10.14851592  9.1216211  12.44245357 14.15075963
 13.36139309  5.41222001  9.34574266 18.58773974 15.95136373 14.48830062
 13.77996047  7.35481451 13.60936297 12.5391009  11.37229342 16.69110903
 16.42945828  6.78704952  8.40231153 10.45887109 15.88248919  0.23213054
  3.07880593  1.81669861 11.82595543  3.60500048 10.74835378 11.94702836
 13.23254019  4.73204993 15.84792669 17.96509066 12.47997342 11.72861711
  9.09253597 12.20032995  5.49187133  5.66329375  6.33382673  9.13099338
  5.93241864  5.97319694  6.94144248 15.09544581  6.59968434  7.85887341
 16.82588645 13.2575464   1.03165599 10.7740337   9.52849636  7.32994572
  7.58177407  9.22869454 15.34656678  6.95022339 10.806542    0.79623404
 10.20551312  9.94103097  1.99328597 13.03952504  9.22062855 10.764622
  5.17633576 17.62354875  3.16638121 14.59008717  2.87140159 13.76098186
  0.83080059  4.59739321 12.64313358 15.01017698  7.66153144  2.79204179
  4.09525092 17.81555989 10.25960987 14.84711156  2.55417912 13.4143876
 10.83373618  5.79557341  8.86836202  6.28419097  6.94942305  6.9342711
  1.90972318 10.94115873  1.4522223   1.33719561 12.26274131  2.91081573
 11.45599123  6.64910884 10.12730056 15.1959215   7.51871699 11.30193129
 12.90257113 15.7548867  15.65798868  8.2383477  15.62275849 11.41404635
 10.41173198  7.16740945  5.94119623 10.26056087  8.03625474  6.94662028
  2.56409929 12.01873317  3.34146851  3.09223989 12.20750782 16.68543604
  0.92708881 14.1224406   4.04069674  0.98026949]
2025-09-08 22:01:36,785 - pyswarms.single.global_best - INFO - Optimize for 50 iters with {'c1': 2, 'c2': 2, 'w': 0.9}
2025-09-08 22:01:37,487 - pyswarms.single.global_best - INFO - Optimization finished | best cost: 84.7543347578703, best pos: [16.29296959 14.18406472  3.80824189 10.11341877  0.17138386 13.53264309
  1.91261568 12.62475892  2.92318938 14.74083356 14.69754835  1.79688915
  9.71640485 13.96150287 13.46382476  5.80487563 11.29189213  8.11684235
  5.96495834  1.56910149 14.02773869  9.83731077 10.69283037 16.43089731
  6.71415099 10.65365433 11.17259375 13.46753839  2.43574706 13.12892757
 17.52396448  7.66021116 12.11032769 15.56369044  1.24667826  2.68706764
 14.64633686  7.64606355 17.15025668  1.22977335  9.27892825  6.48644405
  5.03927414  4.02495035  4.76377417  1.2276938  16.73627242 11.55848888
 10.61783304  2.53063237  9.18540833 10.4217853  13.26908829  5.91364588
 11.04010752 10.54767973  7.96831989  1.28156062  6.72047285  0.71257863
 15.22344446 15.25306419 13.97669863 17.95571656  7.20420321 18.12400789
  3.78941829  9.7026485  15.4923942   5.43207418  5.20654625  3.92422463
 14.44488609  9.06286705 13.55956397  8.80645109 10.09059809 13.6980172
  5.05899156 13.22663842  4.41866976 14.37719615  7.79416371 10.19798666
 18.02800482  1.10675482  5.35502641  3.50270321  8.01583853  6.92161908
  4.11522741 17.91675659 13.64099971  7.77469222 15.41976866  1.06222184
  8.98465961 15.46322341 12.7764654   6.85210849 14.66103793  9.9777122
 17.63645121 14.885339   15.78755495  7.25547427  9.3184329  15.80859274
 14.85986728 13.45913881 14.15510917 13.12264629 18.31377662  3.3503724
  3.91133387 15.008342   16.38272346 13.98853441 16.80112443 12.20018551
 11.35763537 16.81952362  8.0210856  15.83615288  8.32290074 14.19877891
  9.70956665 10.24657261  8.16368408  7.70254619  7.327093   11.42100527
  3.22839921  1.385215    7.53473983 14.90988402 12.8689161  13.32434496
  4.19630575 16.13216188 16.96331017 13.53300042  4.65951259  7.93694797
 12.52894514 18.86377541 12.80075754 15.20531487 13.65932091  8.70686241
  1.42061799 12.57741289  7.56436011  7.67359079 14.9096626   2.3426319
 13.77492458 18.72373355  0.35847564 16.88190341 12.17597944  7.83490967
 11.89767956  1.15868166  2.13089515 13.6474455   3.14671824  3.28186069
  6.64670058  6.91053022 10.80836553 14.72866059 18.3678023   5.00539496
 15.54178415  7.01889226  8.20066632 11.3043196   6.51081797 13.27716896
  2.53608812  3.55720667  3.61549225 18.81243732 12.58597934  1.79881506
 15.9516518  10.80585913 17.51314859 16.72051522  6.16379306 17.69706432
  9.14658423 15.19841122  6.99057703  0.02364721 16.67574059  5.30881377
 15.4933297  15.96190579  1.40579337  8.16746013  2.34120544  6.82948143
 13.35453923 13.39428073  8.35914128  1.81840005  4.41448971 18.31173528
  7.13143569 16.79725709  7.82003057  1.95918647  9.98401458 14.13397967
  5.77732908  1.91828082 13.18470261 14.84477615 10.77581331  4.97475819
 16.64867762 15.40807035  7.13352024  7.5222109   0.98705141 10.70671171
 10.95979051 11.23064719  8.00739448 16.02439401  1.26382261 14.2621622
 16.06246728  0.07692924 15.69282588 12.17180368  1.29699021 17.221231
  6.5647869  12.66944573 14.7637297   6.58642442 10.64897033 18.86082496
  8.32177945  5.5593361   3.24049761  8.11338446]
2025-09-08 22:01:37,533 - pyswarms.single.global_best - INFO - Optimize for 50 iters with {'c1': 2, 'c2': 2, 'w': 0.9}
2025-09-08 22:01:38,200 - pyswarms.single.global_best - INFO - Optimization finished | best cost: 140.68975824350812, best pos: [13.82699718  2.24353597 15.54989671  7.90551005 13.22885125  6.67386778
 15.25711843  5.94111479 13.35968613  1.43919773  8.63208995  0.57144201
  0.0685005   5.47689363  1.59048153  1.4426845  11.76858653  1.16423557
 12.86079513  0.11529693  9.7236863  15.26497255 13.30876682  6.9980385
  7.31917738 13.44115057 18.75932872 12.83925768  8.53506165 13.26704111
  1.59560313 11.98200152  0.67365223 10.18091348  2.74133313 15.62763296
  7.46926767 11.91574747 16.05974271 16.87013087 12.28837154 18.50982493
 11.0298175   7.75035049 12.71928418  7.90112678  8.55880269 11.73748334
  0.63738094  7.39108164  7.50394927 14.88777291 10.14490055  2.85018964
  8.0930246  11.64523167 10.3475859  13.79335715 13.99855311 16.73083979
  5.98043363  5.90341628 16.57541883  1.18425093  5.66566839  3.23139303
  0.39368861  0.66695108 14.3884761   2.27611306  5.58301067 11.79611269
  9.9452278   7.44652133 10.77401808 12.33227416 13.07017851 15.96089158
  4.34739663  0.7919316   9.25250829 10.29726063  7.76779197 15.34019154
 15.83562325 16.64589199  0.49885975 13.64779389  5.51353062 13.44739352
 16.33651917  4.39825005  3.67134839 14.48805247  8.60976993  2.68003749
 11.58537421  5.02830471  6.32157947 12.48440578 11.35282297  1.94486003
 10.41176496 10.64440499  7.72323223 15.56872581  7.56137256  3.60503158
 10.44380286  1.24292769 16.25722074  2.26022179 15.40524786  3.0696095
 14.09755631 17.68059715  6.96110051  6.08651769 13.08460412 17.62003984
 13.74466844  0.3594092  11.36734536  5.02059264  6.40864404  9.98647242
 16.10498543  6.05311446  6.65929086  2.41082715  8.590912    8.82734673
  8.34648042  9.87989525  6.35896859  0.42502499  6.79809081 15.61308796
  6.57195253  9.63716124  3.83343062  9.24508238 10.38913211  9.51054461
 11.51175956  7.67747895 13.34667637  0.26657922  7.32441512 16.57879422
  4.5930554  11.29788724  8.37469271 15.69166651 17.36946143 10.90299814
  3.48816234  4.59139731 13.03364482  4.09769426  7.37224393  8.55434133
  3.8875275   7.07417701  3.33626928  6.32698763  1.20467336  8.63242879
 11.09028918 12.04575196 11.45842392 10.39028307 14.0101796   4.94224392
 10.08768238  5.25335038 14.76341692  7.85940037  5.87871355  5.9039896
  6.30855236  3.29222386  8.8425606  11.37985481  3.6207272  14.08275189
 15.18574418  8.48162992  8.43105403  5.65406849  3.76921826  1.3402031
  6.44062019  4.85182733 11.03454597 17.02574386 15.95810135  1.58909555
  9.57096491 13.30974362 11.9040878  12.11893567 13.78398069 17.4047
  1.91561534 12.40577781 12.66165199  9.89503389 14.12650011  1.14788232
 16.43693084 12.49803988 14.42485398 10.54706294  1.15954776  5.49286156
  6.93484005  3.78111747 10.34727345  5.75010749  1.57970483  3.45194574
 12.06779374 17.24865235 17.29671107 16.21832072 15.74325645  5.01030018
  8.38019878 11.00256952 12.47484747 16.20929316  3.88917234  9.66471628
 15.34422472  3.27054378  6.18120624 13.86784219  9.82758091  1.85653463
 12.67660315  3.58417047  1.02689431  9.95481773  3.21544509  7.49578188
 13.60275477  3.57256146 17.74827878 10.04674302]
2025-09-08 22:01:38,231 - pyswarms.single.global_best - INFO - Optimize for 50 iters with {'c1': 2, 'c2': 2, 'w': 0.9}
2025-09-08 22:01:38,878 - pyswarms.single.global_best - INFO - Optimization finished | best cost: 1322.2327738689994, best pos: [ 1.93793876  7.81227008 15.5147822   6.55235396  5.62363557  6.82699684
  1.37976839 16.29570651  6.65927389 11.45343235  7.71192937  3.48740646
  0.66423596 10.78325766  7.12538546 10.14751771  5.15903432  3.52259092
 11.15107532 10.49938572  0.79205873  4.60333433  8.41364335  7.44047676
 12.99431474  4.40958592 13.37669694  9.22035731  8.38166245 11.0931838
  9.64160278  5.51527757  8.1908976   0.09391491 10.53831225 11.16449896
 18.292233   13.57572249 11.11464171  0.10572489 18.90283924  9.76345717
 13.43701523 12.26338176 11.56338958  7.12089188 14.43164558  5.36469301
 11.41862281  1.10591398  4.66342555 11.06194091 12.28656179 11.85149035
 15.17641104  5.11000885 16.20897046  7.55855447  8.89463141  8.18443249
  6.24860784  8.3636102  10.81361072 13.64577962  9.23114647 12.22064024
 13.06438335 12.01748978  1.6124256  10.00353962 10.2468778  16.20523056
 15.95206288  6.34956721 13.92949946  5.55698089  4.60637971 10.14767045
 10.51316337 13.32617275 13.64962956 10.14025156  5.1017993   0.9973189
  9.49924727 18.35738068  9.65521717 11.69638555 10.57460461 17.9670348
 15.25641079  7.56993052  1.71740023  8.43794198 12.87298144 11.87421862
  3.03387941  1.65090024  5.49239568 12.47219358 13.42278175  2.8109419
  7.05669755  8.60559735  9.23096812  9.75430917  3.30713464 14.22496897
  3.96128118  1.33817582 10.0911454   6.58878456 12.92238415 10.72156539
 13.83475108 10.86430408 16.30896521  6.46511103  6.79592482  5.88326331
 12.05669465  3.88526061 10.59282243 13.11586772  0.2132152  11.03311646
 17.17214651 17.57833427  0.89293466 16.56064382  8.67556902 11.73874128
  4.06189361  5.84992478 15.15390338 16.79618884  0.35895822 11.5333619
 14.23399596  9.07884568 11.81858523 11.84451684 18.01290526 17.57201156
  8.96458293 15.9094924  10.70712095  1.22961588  8.28909153  1.11998945
 14.24880343 17.49143256 11.88391859 13.24074175  4.52092761  8.69099949
  7.76432399 10.06287419  1.30355233  6.43640392  3.50821245 13.79770485
 12.07234916  5.16743958  5.70672799 14.22674586  0.09791606  0.4297785
 14.93338579 15.31628963  1.12569837 13.33218393 16.1762381   6.71033042
  2.2179221   4.38488887  7.39356426 17.03372087 15.00395943  3.48237549
 15.05945785  5.12620535  6.46392053  1.67144166 12.1143997   6.50681778
 11.58519575  9.64440454 12.6795147   2.05791205 12.77465739  9.89736653
 17.94336971  1.22129719  1.273269   11.23956862 16.15836472 15.2420176
 14.99070933  5.08440769 11.73243762 18.80384947  2.30122594  9.01512654
  8.30157523 12.86592393 11.97720518 12.96693944  3.69199457  0.11015209
 12.78567155 17.93467777 15.54902814 14.90238009  8.91397666 13.12717796
 12.47478327  3.87698972  0.30820827 17.23765543  7.93398109  7.36909875
  1.8420065   7.17110249 12.31562225  1.52594194  1.89954491 15.27889816
  8.77204802 14.94235666  7.3188729   7.71069965  6.52067086  0.9800296
 15.93293403 12.36829113  0.11206147 12.73593524 15.52743879  8.17521421
 12.70731918 16.32995419  7.87156523  4.90694624  6.40522486  5.44046291
 11.78933149  7.85734085  1.16746792  7.7219101 ]
2025-09-18 16:48:00,013 - pyswarms.single.global_best - INFO - Optimize for 50 iters with {'c1': 2, 'c2': 2, 'w': 0.9}
2025-09-18 16:48:00,316 - pyswarms.single.global_best - INFO - Optimization finished | best cost: 87.08955269971928, best pos: [ 1.15104062 10.78311824 13.23050872 13.43976339 11.08978507  9.36538259
 13.09410385 10.83368557  1.09408632  0.78780777 14.31825004  1.21066638
 10.07136202 11.79060995  9.94321134  1.90273603 12.05019407  2.66887143
 16.02900434 13.47837314  9.51117453 17.47485525 14.4010463  14.94738037
 15.06477737  6.43909809 18.98352283 14.05472435  4.46058591  9.39727657
  6.49611294 14.14769245  1.54874737 18.847873    3.51831414  9.87393982
 13.02247763  7.35017552  2.63396632  7.00192827  0.33973907  5.39062512
  5.74319562 15.90757485 16.14954441 18.31277789 11.59362821  8.9145329
 10.55006153 15.17945435 12.23343993 16.33489269 14.82361565 11.25522974
  6.99594649  6.7434713  18.65717113  4.97413592  7.7597484  13.32999833
 13.73374684 17.05938681 11.08211157 18.21458918 18.79055052 12.52748371
 16.73379227 11.04194516  6.21358803  1.54583838  1.18294205 11.64163711
  4.60407189 16.08402731  1.85580178  5.63329203  5.95264927  1.78489125
  5.80373169 15.49214833 18.16539037  1.91054188 13.6406272   9.96305056
 12.44203413 14.62405236  7.00372609 13.27171341  6.636784   13.28215356
  3.32833127  5.34039379  5.66755307  7.21220588 13.36385014  3.5577675
 12.38147173  3.53166183 18.11758592  0.54933016  3.34659202  8.47589186
 17.57934189 14.53594906  0.29777412  9.41865641 16.11656918  8.89073922
  8.77252543 18.78345456  9.09107953  9.52359749  1.2039255   3.87998995
  0.96843317 18.02508221 12.41365777 17.3556889  11.53779466 16.57230483
  5.37693975 16.55108496  0.78546017 17.40471364  0.94401942 15.99324654
  3.82072044 16.94801761  6.53204509  0.33618183  9.58778483  0.9552397
  6.00401981  5.63871539  5.36951388 13.38267928 12.42907134  4.30561041
 16.80667696 12.9327137  12.00604031  3.22817652  4.48971215  2.53565228
 10.96882806 14.29411651 17.32763982 14.32844908 13.03891871  5.95131179
  1.40260764 13.06491226  9.99172346  9.94477779 11.21676067  1.92714466
  4.63002572  3.07386692 14.21997784  8.19317474  4.80262638 18.60417573
 15.18855451  3.53558837  5.49380316  6.80677812 13.82539166 14.73670965
  0.63326867  2.27300668 16.94353206  6.44877188  4.42984889  3.40985906
  3.43756697  1.54556194  4.93130782  0.90078638  7.81447103  5.26780283
  5.73631603  9.26859996 12.00734889 18.85656425  9.02028444 16.15952709
 16.06914236 11.42188062  3.11422013 11.33175924  9.67265529 16.42662681
  1.73142528 12.04499095 14.45489605 15.08728348 17.41789255 10.18089581
 14.85223535  1.12026488  5.55038039 16.00249957 18.63464995 10.81799947
  7.41258448 11.40455334 10.46633052  9.19009512 12.97279354 12.4393829
  9.70386275 10.80171894 13.24381873  0.11849961  4.37611556  1.38714027
 11.628305    5.88923119  5.89868829 10.51138305  1.56606126 10.02995261
  2.29440457  2.56076178 14.8646896  18.18239712 16.60422323 13.39179367
 18.7437664  11.6083813   1.15710338  8.89624108 14.85688317  6.05005233
 12.13726136 11.86372004  7.77510974 15.46740886 17.22519904 10.03064796
 13.15105934  0.02555625  6.67414537 13.07020776 12.9552023   9.7314185
  2.64802708  9.28024239  2.64249919 10.72469521]
2025-09-18 16:48:00,344 - pyswarms.single.global_best - INFO - Optimize for 50 iters with {'c1': 2, 'c2': 2, 'w': 0.9}
2025-09-18 16:48:00,609 - pyswarms.single.global_best - INFO - Optimization finished | best cost: 141.29998943814127, best pos: [13.56354201 14.86298718 13.88361539 13.42039703 12.93423391  9.30784332
 10.72330227  4.24084961  6.83104587  0.40140381 14.55797645  9.88508872
 15.57144926  5.05263866  6.7284517  10.22227498 13.00956118  1.81308582
  8.12166096 11.95974802 16.2064897   7.77207853 16.51439062 10.38552181
 12.67058112 10.4113669   7.33519668  0.43111053  0.17262527 15.75767996
 14.4387798   9.00596657  5.79461925 11.76876024  7.73992008 11.2578632
  2.82622408 16.63322249  8.54088737  2.32320539  9.30210857 16.94414575
  4.67880024  2.47636249 12.7931571   9.96863466 12.16600821 13.64962544
 12.47695049 15.38789543 15.05977337 16.21257938 11.74857816  6.28698176
 10.56469251  1.81850712 13.76622011 14.6214523  10.20337127  6.42671624
  5.09847128  9.69118658 12.10109186 16.12474298  2.64974216 11.77226619
 15.85562317 11.62718981  6.03206592  2.5614443  18.5200679  17.85670565
  2.57196474  7.91995401 10.92702714  4.28345414 11.14129991 10.82731618
 11.00938219  0.86028233 10.83130762 12.43531984  5.23343458  3.25043388
  3.05949549 11.92486796  9.14106924  3.83936638  1.36704062 17.25159428
  0.47770285  3.21691758 16.47852561 14.51922718  6.82113277 10.78812059
  9.77443434 17.12988727 15.2606224  16.53551825  6.04215214  3.46038091
  7.14037711  2.43981541 11.40351543  6.58042685  7.90054752  8.95535425
 15.44825233 12.91140003  1.09673241 13.43223294 17.70599877  6.89608083
  5.4526682   9.54792097  1.72625539  7.93721179  3.38898746  3.74664674
 12.37027515  0.14824227 10.68027246 12.15516261  8.04416459  7.01341271
 17.39873229  6.55389127 10.02759182 12.25279152 17.1114717  15.06894205
 14.02007518 11.28325308  9.48550616  1.55749292  9.18720346  6.17733734
 12.09467431 13.1666471  17.62249978  7.54147868  9.28426917 13.22354621
 18.65010804 10.79658935 17.56646324 10.1221115  13.361761    6.87307882
  5.7821437   7.01985173 16.29283325 15.77664904  6.91602825 12.16130332
  4.73214158 12.5808423  14.63619932  3.4307416  10.16192872  8.79218353
  2.03112507  1.20230553  2.59449294 15.10950068 13.18185482  0.02574777
  0.60068931  3.23963857 14.65346518 11.82194288 12.94952845  2.43202539
  7.11969758 13.67439495  8.47713841 16.53889231  1.33349322  9.07550384
  4.26453864  9.02697236  7.41159197 18.43138951  9.384607    7.44243475
  0.77849563 17.68331593  9.89636944  9.28645823 10.85701588 10.74522567
 17.81521159 11.28498981 10.25165614 16.35536583 15.00038726  8.74847552
  1.38466724 10.89394575 15.96906568  9.96352226  6.21532258 14.292538
 14.7503766   6.80561657  0.29619934  5.79297894  2.1881351  13.85912147
  1.87537532 11.4387293   1.24876198 11.98556284  9.47486955  7.41854685
  2.80951686  1.41334505 10.54669429  3.18078882  2.10263896  9.28785776
 10.75818813  9.31298582 12.81934482  7.63704453 15.21001311 14.58542596
  3.03621323  8.35338436  7.66293616  8.9271839   4.81840677 16.01118073
 15.57164846 18.74393035  2.74056982  8.75020449 11.46991043 15.90428216
 17.63179575 11.87376381 15.15164462 18.17737807 11.69489161  0.65037143
 12.47145419  7.1339896  15.25122564 14.81840719]
2025-09-18 16:48:00,637 - pyswarms.single.global_best - INFO - Optimize for 50 iters with {'c1': 2, 'c2': 2, 'w': 0.9}
2025-09-18 16:48:00,919 - pyswarms.single.global_best - INFO - Optimization finished | best cost: 1324.7223708480788, best pos: [15.06763251 16.9440111   6.96982934  1.44399174 17.07391287 17.15679431
  8.25889291  8.49093639 13.74178033  4.19616554  4.7150028   4.66439608
  9.0146377  17.03287489 11.88767426  8.91772162 10.56791994 10.04588064
 17.8315968   4.07950026  7.10846525 17.13140934 15.10966193  7.98204847
  1.01218305 12.77068685 11.60629828 15.6068584  10.10242088  2.31710024
 15.85643291  9.07925773 16.12383679  9.26224825  0.51516147 11.27713746
  5.30616016  0.28787491  1.37090067  7.86948197 14.9652947  11.97160575
  9.12724279  1.83157148  8.03115525 15.59161764  2.68131912 17.73874874
 11.83401838  7.91894024 10.35630237 13.33310782  8.32968796  5.69939265
  9.97618634 12.60460042  9.36373246 14.86243937 10.42755541  7.74351743
  9.4997783   0.86478264 12.79497382 15.5498497   8.38364808  8.33949643
  7.12092581  8.88022118 15.36961624 15.44857466 18.96861237 10.90287031
  8.17995434  1.88037403 11.34963438 12.20850845  7.02665523 13.34788668
 11.00431352  2.00786253  3.08513176  0.08369421  8.49045464  1.01620146
  5.91501383 12.32790368 15.19484932  5.40746469  9.36696579  0.82990086
  8.02482971  7.07734411 10.9906764   9.50143741  9.27568489  4.97163225
  5.77775956  6.91352954  8.25584104 10.0165257  11.00301734  8.60769221
 13.97106161 14.47424791 14.76315056 10.60125915 13.77326025  7.24976433
  5.67814286 13.7751587   0.08319643  7.18205233 14.71422442 11.95641793
  7.30156379  1.99794283 16.22904214 11.89859861 12.30177009  4.83012521
 10.33841625  0.65224081 11.80273125 13.37014186  1.71158446  3.68268581
  6.9906885   2.43894322  0.94806086 12.79954698 18.08785176 15.45388272
  7.00587288  8.1474838   4.38794824 14.84442142  6.73667372 16.15703655
 17.60576703  6.02718232  0.94364208  7.80984969 12.04711857  8.15694935
  5.53106243  9.13286993 10.85317606  2.89140481  0.09174531  9.80041703
 10.33805904 13.5831021   6.58141614  7.63274802  1.47865019  1.6275343
 13.60366052  9.12535647 11.25136091  2.30847484 16.91568581 14.61128177
  9.71480892 17.10501428  2.87171309 18.14609203  3.6407613   0.61263358
  3.51765018  0.85187219 10.25620596 13.09794773 10.01548833  9.37423265
 11.45496426 12.8338964  16.59031582 10.27257083  8.87209007 10.50317791
 11.23090011 13.03651629 12.4168003   9.89084267 11.20868324  1.66898488
  7.43621563  9.52634291 16.5711112  11.41530949 15.184966   14.00902404
 17.3704892   1.32659308 11.19305137 11.0115217  16.80831905 13.95545464
 10.93163111 11.08544491 12.73529052  7.75015476 10.21437436 14.05687991
  1.87725348  2.56830751 13.40917431  8.33692049 12.2628514  15.37503317
 11.70614409  2.94371195  2.36603646 16.28291584  3.89931462 14.30787985
  8.75524071 18.84832415 12.33920714 15.47490441 12.83206509 13.41472677
 15.12939707  7.95464458 15.57444075  6.61306211 15.66453091  9.59038915
 12.80852246  1.77119672  3.48464823 13.9315327   6.10838789 13.92511711
  0.72849585 18.87068347  7.95723074  1.57779426  0.66162273 10.47797039
 11.63501653  5.48188626  3.80642976  4.09145988 16.31610582 10.02857891
 15.97644763 17.69004702  3.42365747  3.85083559]
2025-09-18 17:04:56,900 - pyswarms.single.global_best - INFO - Optimize for 50 iters with {'c1': 2, 'c2': 2, 'w': 0.9}
2025-09-18 17:04:57,080 - pyswarms.single.global_best - INFO - Optimization finished | best cost: 87.08955269971928, best pos: [ 1.15104062 10.78311824 13.23050872 13.43976339 11.08978507  9.36538259
 13.09410385 10.83368557  1.09408632  0.78780777 14.31825004  1.21066638
 10.07136202 11.79060995  9.94321134  1.90273603 12.05019407  2.66887143
 16.02900434 13.47837314  9.51117453 17.47485525 14.4010463  14.94738037
 15.06477737  6.43909809 18.98352283 14.05472435  4.46058591  9.39727657
  6.49611294 14.14769245  1.54874737 18.847873    3.51831414  9.87393982
 13.02247763  7.35017552  2.63396632  7.00192827  0.33973907  5.39062512
  5.74319562 15.90757485 16.14954441 18.31277789 11.59362821  8.9145329
 10.55006153 15.17945435 12.23343993 16.33489269 14.82361565 11.25522974
  6.99594649  6.7434713  18.65717113  4.97413592  7.7597484  13.32999833
 13.73374684 17.05938681 11.08211157 18.21458918 18.79055052 12.52748371
 16.73379227 11.04194516  6.21358803  1.54583838  1.18294205 11.64163711
  4.60407189 16.08402731  1.85580178  5.63329203  5.95264927  1.78489125
  5.80373169 15.49214833 18.16539037  1.91054188 13.6406272   9.96305056
 12.44203413 14.62405236  7.00372609 13.27171341  6.636784   13.28215356
  3.32833127  5.34039379  5.66755307  7.21220588 13.36385014  3.5577675
 12.38147173  3.53166183 18.11758592  0.54933016  3.34659202  8.47589186
 17.57934189 14.53594906  0.29777412  9.41865641 16.11656918  8.89073922
  8.77252543 18.78345456  9.09107953  9.52359749  1.2039255   3.87998995
  0.96843317 18.02508221 12.41365777 17.3556889  11.53779466 16.57230483
  5.37693975 16.55108496  0.78546017 17.40471364  0.94401942 15.99324654
  3.82072044 16.94801761  6.53204509  0.33618183  9.58778483  0.9552397
  6.00401981  5.63871539  5.36951388 13.38267928 12.42907134  4.30561041
 16.80667696 12.9327137  12.00604031  3.22817652  4.48971215  2.53565228
 10.96882806 14.29411651 17.32763982 14.32844908 13.03891871  5.95131179
  1.40260764 13.06491226  9.99172346  9.94477779 11.21676067  1.92714466
  4.63002572  3.07386692 14.21997784  8.19317474  4.80262638 18.60417573
 15.18855451  3.53558837  5.49380316  6.80677812 13.82539166 14.73670965
  0.63326867  2.27300668 16.94353206  6.44877188  4.42984889  3.40985906
  3.43756697  1.54556194  4.93130782  0.90078638  7.81447103  5.26780283
  5.73631603  9.26859996 12.00734889 18.85656425  9.02028444 16.15952709
 16.06914236 11.42188062  3.11422013 11.33175924  9.67265529 16.42662681
  1.73142528 12.04499095 14.45489605 15.08728348 17.41789255 10.18089581
 14.85223535  1.12026488  5.55038039 16.00249957 18.63464995 10.81799947
  7.41258448 11.40455334 10.46633052  9.19009512 12.97279354 12.4393829
  9.70386275 10.80171894 13.24381873  0.11849961  4.37611556  1.38714027
 11.628305    5.88923119  5.89868829 10.51138305  1.56606126 10.02995261
  2.29440457  2.56076178 14.8646896  18.18239712 16.60422323 13.39179367
 18.7437664  11.6083813   1.15710338  8.89624108 14.85688317  6.05005233
 12.13726136 11.86372004  7.77510974 15.46740886 17.22519904 10.03064796
 13.15105934  0.02555625  6.67414537 13.07020776 12.9552023   9.7314185
  2.64802708  9.28024239  2.64249919 10.72469521]
2025-09-18 17:04:57,112 - pyswarms.single.global_best - INFO - Optimize for 50 iters with {'c1': 2, 'c2': 2, 'w': 0.9}
2025-09-18 17:04:57,288 - pyswarms.single.global_best - INFO - Optimization finished | best cost: 140.2679059980944, best pos: [ 3.83057113 11.87843765 15.684303   10.48896658 10.02471836  7.75611113
  7.06171869 10.79288223 10.4263017  18.45144402 12.0533363  16.18430776
  7.56997413  5.34658574 11.94158706  2.54968481 11.06674022 12.45022502
 16.82006903  5.46370506 15.5019059   5.65336118 15.39111798  0.95201518
  5.53706483  7.07144018 12.77354522  6.37650125  2.98417029 17.96001088
 11.07774183 16.43809144 17.98578345 11.65313055 16.68647199  7.83119971
 12.43215042 13.86193997  1.67496056  1.05478295 13.93812216 13.2729295
 16.09535928 13.3974109  11.52881644  5.58593161  1.82564931 12.11201184
  2.11557133 13.83147154 14.41917053  3.9091252  12.05047599 10.88698922
 10.6972307   9.82197279  2.72231833 13.62472838  5.32807729  8.54563833
 17.37806903  5.62096268 10.24550142 13.0677575   7.28769594  6.47115212
 14.803686   13.55338592 10.2208079   0.71095568 11.48339676 13.59053736
  5.51273012 15.33987794  0.91492647 16.84291312 16.00934712 18.42060795
 11.78422988 13.11042259  9.24001897  1.60041722 14.67345502  1.51272961
  6.69254282 10.67680681  7.95245886 12.94990033 12.41012734 12.00416268
  0.42934855 13.3802574   0.68490837  4.05164549 12.44111372 12.10410119
  8.40822336 10.82630932  1.07658183 12.90795966 11.01631702 17.93150616
 10.00445923  1.6368753  18.88592781 14.79161788 13.80912048  6.91997534
 12.24861796  4.79250138 13.36262396  8.73328804  7.71165255  1.53972839
 13.12055074 12.23929354 12.15703401 18.73798012 16.00305029  7.72332093
  5.68790039  2.04154775  0.87146759 17.02867365  8.62136212  6.41092456
 14.21668145  4.81757699 10.83136799 12.22438793  8.04466591  9.61727742
  7.09240806  1.52344743  3.53754233 10.51489503 17.50890083 16.30620653
  9.72306777 15.52353402  6.82342036 16.8072666  10.65287056  5.97467532
 15.51160908  8.17847143  7.50038138 10.86730875 13.81216184  7.77854392
  2.66736642 16.17026297 15.03468101 11.84406143  9.90863884 16.32329742
  9.57957019 15.47453221  1.78346411  8.56846506  2.98479816 10.5697353
  9.41910134 11.22086106  9.76156796 12.27138773  3.19365382 11.57516049
  1.32604133 15.98721924  7.23665769 10.32385804 15.74658732 15.0550634
 15.82705753  2.23496848 12.86445825 12.7474656  11.90909151  4.98142067
  5.687069   11.48657489  6.0174018  14.76614736 10.21230093  6.89125204
 11.02157133  7.9903765  14.83924018 12.21835426  5.5213963  17.9403377
  0.12664119  0.37169019 16.62781171 11.9370776   7.48477771  4.22838545
 12.00397678 16.33448818  7.2389301   3.6799517   7.67716291 10.76159991
 12.34271692 18.72219473 10.37067779 15.31706517  9.0886613  11.05957007
  3.63231573 12.5312427  13.49754686 16.57500094 11.45565117  6.52488338
 14.43201276  6.89658133  4.66125228  7.06882219 13.02072381 15.98094791
  3.52756795 14.07924521 11.31970708  0.1972259   1.4003      8.36162959
  4.44569135  4.65888097 18.52203697  3.11208236  8.56161019 16.51269695
  8.90164474 13.44123017  6.19479923 13.78972692 16.38945777  1.31727384
  7.34488517  0.84006804 12.13131581  4.48121044 16.48481155  0.18665667
  9.52304832 15.94636227  6.90220145 11.47754005]
2025-09-18 17:04:57,327 - pyswarms.single.global_best - INFO - Optimize for 50 iters with {'c1': 2, 'c2': 2, 'w': 0.9}
2025-09-18 17:04:57,621 - pyswarms.single.global_best - INFO - Optimization finished | best cost: 1336.9435295099445, best pos: [16.58874411  7.91676978 10.41739386  4.25633443 12.27327836  8.35543955
 10.60742066 12.84692414  1.79414155 16.05588487  6.67364855  9.65138534
 10.55952119  8.83864194 11.95499057 14.49124618  8.75885122 12.44876571
 12.23717835 16.4457204   8.56076167 13.9297729  11.84738316 14.25365696
  7.08231382  2.69754564  9.76813467  8.90605185  7.16602097  2.68745374
  1.26305671  8.90985834 10.79321248 17.62454782 14.96738341 13.10853781
  8.09400037  3.59772351 15.71630901  6.64982761  3.46288095  3.36234272
  5.92724671 10.16745197  6.65664611  9.42358459  5.01724763  7.33636834
  6.44950427 13.78719134  5.49588112 13.91722394  2.90751708 12.60942041
 13.38550209 15.94326351  9.14167564  6.70543561 17.61670327  6.03340222
  6.75523321 13.23978934 13.7198927  11.6587766   9.39546739 17.89643618
  4.9719988   1.76341142 15.06584553  6.97871582  5.93240797 15.33089687
  5.54546697 16.3490341  14.49045508  8.50362142 16.5387325  10.35699485
 14.37114002  4.52704303 11.86014659 11.03400007 10.71265187  4.41172153
 11.05954105 16.46748021  0.05127811 13.03252411 10.95702557 10.623355
  1.70965704  6.70150284 16.95510146 12.50380283 12.37283929  4.00356609
 16.88106537 15.05501059  6.18903931  3.75212144 16.15218123 15.79828268
 11.94064404 15.53932609  8.61465533 10.65638862 14.13760799 13.50363251
  4.44910901 13.67792127 12.2794383   8.43568556  3.87909814  7.78304086
 16.9054434  11.32081838 15.33872987  0.99970512  7.73580487 10.68099791
 15.82272493  6.68890122  3.95823334  9.67992463  7.43124516  9.52847305
 13.6425202  14.21233064 12.24934773  9.11673777 16.020371   17.07659772
 15.46517511  7.50803473  2.68732661 15.56576839  5.69916011  3.52017591
  0.90361933  5.37630488  8.01462363  7.822548   15.73373228 13.35781536
 18.98925135  5.82453592  7.06735247 14.00080126 15.51110416  0.1438068
  6.58327751 12.00629614 16.02090133  2.94980639  6.14657106 14.45981561
 11.10832554  9.19097577 13.64523757 12.35866505 13.26070766 17.24262015
 13.85846054  7.29679013 16.64146353 15.66706061 11.37104132 18.02228513
 18.90275292  0.82066322 12.03503074 16.24500492 10.27891462 11.56733505
  6.89322144  3.10624329 12.1047055   1.36182881 10.12307287  6.46474269
 14.42786725 12.30711135 18.0230556   4.53009657 12.19742766  5.77759607
 12.87996014  0.4434943   7.67461878  6.99473529 18.44896959 15.11396575
 11.2432134  16.7461273  13.49764793  9.41039173 11.79454034 16.45136541
  5.78102914  3.24837604 12.22021042  7.61930694 14.97660608 11.77557212
 17.47343607  2.80872212  1.08354844  7.72414782 15.0175316   8.7993935
  9.88330953  0.77197323  3.89023389  9.91277876 14.44058674  3.53915609
  2.45138736 16.91057348 10.03098113  0.46231056  0.48786879  0.068108
 15.29218002  7.21161278  5.45344764 15.91263791  3.17807555  7.82683418
  9.37305309 10.32208013 15.95074089 10.38497332  1.32322116  1.06508411
 17.55372462  3.92892394  3.56127924  9.45803581  9.19504444  0.46121862
  7.95202338 12.50008063 13.17035475 14.38490401 17.89550301 10.42260808
 14.53862596  2.83672943 14.26058687 12.09129635]
2025-09-18 17:07:52,434 - pyswarms.single.global_best - INFO - Optimize for 50 iters with {'c1': 2, 'c2': 2, 'w': 0.9}
2025-09-18 17:07:55,027 - pyswarms.single.global_best - INFO - Optimization finished | best cost: 84.38939363199387, best pos: [ 6.8743329  10.24788041  8.55262905  9.06557968  3.72249277 11.5527441
  8.51865303 16.53929104  3.08296455 17.50497771 11.14263159  7.36462709
 16.1990423   7.10600175 11.20449078  0.4610334   7.57139618  5.41817112
  0.28317838  3.25388886 17.83362952 14.91156974 14.9498265   8.18349619
  4.8542112  10.75346302 14.00240494  5.76508075 15.29617458 16.65167789
  6.28039761  6.33590878 15.60547308 12.34059841 12.29637885  2.53058118
  9.37248221  7.07672407  0.32586432 15.41392118  9.08493979  4.15797454
 12.37905494 15.84332436  7.91660684 16.57950506 10.18027508  4.0971318
 18.18710309  6.90430582  9.99091897 13.65804988 16.17680471 11.88805044
 10.32219067  1.1764004   1.40702724  8.28678792 13.7515601   4.98805291
 13.32148723 14.11453876 16.70484356 16.95044267  9.963125    9.64701665
  9.97951993 11.46150986 11.6967864   3.36987506 10.74930192  6.89174502
 17.65987886 16.65084083  8.92083465 17.90978155 14.15889396  1.83955097
 16.68108487 14.81834279 14.21790913 18.56329713 13.1422596   9.4033026
 10.82922709  2.75516596 14.06639754  9.46157545 17.80247014 10.32459267
 12.56570414  3.77337057  9.81360564 18.48276883 17.40322531  2.23121748
  2.73336115 17.05918357 14.88244775  3.67959363 11.48018996 15.0171837
 16.33766688 13.00734803 17.80797854  6.43112075 13.34797281  5.68898862
  2.17602011 14.26656871  0.68981296  1.19331517  7.74278842 17.39373466
  1.64425141  3.57903919  6.49630047 17.13217582 11.83108483  9.48485067
  1.93737051 14.41796353  9.0750636   2.15036072 16.38350574 17.5603049
 11.00761751 14.25288623 16.64995771  9.07628386  4.10826401  9.2421091
  7.08217968  0.26276738 16.07755039  4.61579193 15.99930002 12.77338888
  2.9738609   1.85063852  9.37142104  1.70474983 14.71916968 14.77452041
  3.41723252 15.11435448  3.28671911 10.99239982  0.25987869 14.52430839
  6.6921237  10.34451809 15.20855053  0.23295177  6.15688078 13.7370873
 18.6123648  17.54247383 18.95226425  4.59550493 16.15254439 13.97605295
 16.30080955  7.70863308  7.38741356  7.11012239  9.7555516   0.80762252
 14.73646597  2.84904978  5.47518046  5.71457275  6.39499832  7.46412909
  2.95934476  9.47421909 11.28673278  7.96208159 16.19811547  6.84354967
 13.39984256 10.50223311 12.47097695 11.49980292 15.35060344  5.97684763
  3.39596201  6.86015889 10.99146635 13.91898403 14.00525424 10.87642863
  1.56080263  9.04426985 14.79383415 12.53413808  9.96466043 17.1201073
  9.66708416 12.9472005  11.18924558  5.12210449  7.26238699 10.6899136
  5.42007281  9.50255535 18.986686    9.49374737 14.83127225  5.06882808
 12.94044009 16.60717832  7.96238043 18.32414418 15.25400182  4.71059207
 10.38165494 16.69533944 15.78059567  4.17861158 16.89806724  0.81712194
  7.82550355 14.50862527 13.12764652  9.57480676 12.9398624  13.57629161
  0.15639472 10.1391875   0.65317562 11.91189433  6.54745512  7.77769914
 16.04360743  5.64402398  7.46503089 16.64787484  3.9837584  10.22856383
 16.25709442 16.0248224  18.66076407 11.59822444 14.77064839  3.76037684
  9.63165533 12.80373442 14.67398337  3.34815434]
2025-09-18 17:07:55,078 - pyswarms.single.global_best - INFO - Optimize for 50 iters with {'c1': 2, 'c2': 2, 'w': 0.9}
2025-09-18 17:07:57,264 - pyswarms.single.global_best - INFO - Optimization finished | best cost: 140.27730342683472, best pos: [10.40252387  6.13316763  4.69437558 13.24628061 11.64425501  6.44242854
 18.4680699   9.69374818  7.06365281  6.8934674   6.30158842  6.55765513
  9.44877327 16.27591123  3.58601402 13.21269812  3.8845752   8.89196948
  0.61288595 11.6650765  18.52900558 13.44665083 13.13607406  3.5578205
 15.46811044  6.94493868 12.23487433 11.42901416  9.35432551 16.8886524
 10.5097451   4.65159134 11.50616096  8.75908704  9.89317672 18.61652926
 13.95449642  6.51401674 11.30182609  1.76615679  7.77563119  7.56208115
 14.64342587  1.39463611 12.39133201 13.04106651 11.79568157 10.89823162
 12.92862241  2.92399401 10.54517486  2.58364467  6.91356161 14.20474221
  3.80935416  7.29573946 16.31531241 12.06782366  1.87504369  7.8880946
  4.75922787 10.56603597 16.57736365 11.60882753 13.60493256 11.57173686
 15.0733725  10.75557492 11.57393488  8.56012925 17.53784743 16.42416064
  3.77844526  2.55080421  8.26014845 15.20707861 12.25948559 17.48212355
 13.76053348  7.49239344 12.72504018  8.53933028  3.44422905 10.56027036
 16.74888967  9.6487719   5.90371665 16.86033399  3.78286389 10.77956666
  2.80968885  8.97560389  8.11230611 12.28865574  8.83748459  3.33164518
  9.59871855 12.19439395 13.49544665 10.62736117 17.96982429  6.03269754
  1.64783234  0.6380819  12.91380315  8.50598276 10.18108478  6.53060616
  6.43350941  7.29804043 15.66653763  9.64931826 14.05147197 11.55156259
 10.35007433 11.08683134 12.16925635  0.05194009  1.23302542 11.41116663
 12.71522337 16.07312941 12.71905833 16.82247477  7.8671154   9.25949493
 12.00895173  9.36212903 15.30697832  8.51129298 15.21850374 12.18312866
  8.04415952 12.60123658 14.2828076  15.83592664 15.39345986 14.86272212
  0.69312285  3.68756051 10.41440632 18.00196924  2.23983645  8.58668257
  8.99398079  4.13313366 16.41586999 13.44024747 13.49416619 13.90133792
 14.30559025  7.74756653 13.54690187  9.13712546 15.25714048  2.33179279
 11.96374956 11.95713719 13.06018816 14.99787953 12.05521404  7.00461827
  3.48330577 10.28930673  4.79304593  2.93469621 16.3481135   5.68359226
 12.10508938 11.31766855 14.41345386  9.21029361 17.46675488  0.37211945
 10.0029973   9.4902894  13.31287644  7.35151136  2.26388303  6.37797887
  2.97315875  1.88982772  9.32831646  3.78930672  1.69518497  3.66079292
  3.60611916  1.72463228 13.65233418  0.3802286  13.34925393  9.17899998
  3.50768035 10.53770155 12.45004113 12.73077972  7.64008203  9.76560231
  0.84032769 11.59554681 17.5554747  17.9331395  11.67486743 10.8782906
  9.35698884  0.90049488  6.77986484 11.76418291 18.48588876  7.84828876
  8.0907308   9.66197322 10.17363237 10.05221483  8.0538681  11.91673969
 14.42642737  8.41045453 16.00680851  6.17436683 13.69699494  3.15769576
 10.45903255 14.63387658  6.9911766   2.76980466 16.39412674  5.65810598
  4.36934825  2.54608693  2.18180667  0.27563915  6.81229236  6.46761396
 13.84399162  6.69546732 16.51497791 10.43762585  7.29027802 15.10180718
 11.58622336  2.44008426  2.90170505  0.56397824  7.47821223  0.67422945
  2.43560688  7.51424147  3.33309599 10.1629915 ]
2025-09-18 17:07:57,315 - pyswarms.single.global_best - INFO - Optimize for 50 iters with {'c1': 2, 'c2': 2, 'w': 0.9}
2025-09-18 17:07:59,778 - pyswarms.single.global_best - INFO - Optimization finished | best cost: 1316.587486910646, best pos: [ 6.93285978 10.36642603  8.80983476 12.65647765  4.57466832  6.25576223
  9.82340658 12.93116666 12.13550787 16.20240314 11.08713387 13.96806643
  7.85691654  2.80659934  6.15325584 13.97861584  4.51673287  8.07096579
  1.76415419 13.42398809 13.55597138  6.92662786  6.50080385 14.28097518
  9.55413358  2.15698209  4.26136516  9.45847371  7.754876    3.06802351
  9.80587317  0.25883395 10.03280676  9.01056006 15.44603111  2.61704685
  9.69124331 11.03592351  7.46865363  3.29590782 12.5711933  14.36448422
 13.40065214 15.10342604  6.93353824  7.99454516 11.89391451 18.67347236
 17.060394   18.37444073  6.36243727  6.57566042 11.84030713  6.81566752
  6.81291916  8.98569956  5.46398356  6.59509268  0.47415486  3.73256348
 12.72700786 13.14357081 11.97017214 18.37375058  3.88767104  3.92707189
 12.66340657 10.03918156  2.27888502 11.22227763  8.66515502 15.96648807
 12.36882911 16.19525602  2.75713699  6.9398114   8.21593177 10.56287501
 11.04795851  9.97131055 15.48424932 12.78193887 17.53957889 17.94043733
 11.57737802  6.6129913  10.31374287 16.17329402 16.1440456  11.12998608
  7.79564711 13.95927868  4.33901545 15.68788888  0.56966942  7.35120989
  6.88415412  5.84416049 16.64701712 13.30282723  5.6276809   3.50029702
  1.15236213 11.80870352  0.9377749  10.33189966  6.39099309  3.89949632
  8.40806071 15.17618198 16.35261959  4.03665979  5.88801446 12.92771778
 13.03435692 14.88906372 14.83523254  1.77639935  1.79633506  6.89686614
 10.19498515  3.56221034  3.66213141 15.88012154 11.56139757 11.68792407
  8.55901419  6.96334954  6.9984162  13.91819254 15.43908296  6.28971214
  4.62483956 16.05858825  4.06559481 13.11659901 15.83034886  8.76025265
 11.72094175 16.90725598 15.81623091 10.89303609 10.14588287 13.32063275
 12.01711407  1.37207308 16.59865823 14.66175829 16.10530943 12.6348521
 11.30311407 16.83653134 14.46986143 16.84662005 15.2726583  10.36084744
  7.55498331  5.89785241  9.58363314 10.93448897 13.49845568  7.49801351
  5.07524536  1.23540713  6.34861963 10.09180832 16.27284139  7.6266601
 15.79472337 12.94828221 16.1802134  15.39921592  3.80530265  1.50716331
 14.77038567  3.86718492 10.21284601 10.34380096 14.69516472  5.50689527
 14.6680686   3.12425868 17.67960915 18.05675591  5.66833411  5.37981005
 14.19926367  6.24427205  9.13447351 11.60394359 12.21811145  3.81873813
  1.70523365 14.39100184 10.27741058 11.17526046 12.41809088  3.92191589
 11.24159174 14.183392    0.81443965  4.4207139  12.58984214  7.78009856
 16.70366733  7.19060365 14.70722543  5.42868187 18.25653265  1.76731708
  1.40431509  4.25569975 12.36506261 12.15549738 15.59853165  7.17574038
 10.10204529 12.28856085  6.99336683 18.95741751 16.52174685 10.17728112
  3.03428583  6.23015153 11.54933032  3.45039569  9.79562423 11.92132469
 16.07774973  5.4784191   9.79922786 13.36810063  6.46062741 16.27335044
  6.85929798  1.94872559 11.77465655  6.75384238  7.07777466  7.02545485
  4.8785626   9.33593465  9.0261248  10.20364239  3.97869906  1.13849231
  6.47673784 12.29100341  0.86385571  8.69798233]
2025-09-21 20:27:41,493 - pyswarms.single.global_best - INFO - Optimize for 50 iters with {'c1': 2, 'c2': 2, 'w': 0.9}
2025-09-21 20:27:42,664 - pyswarms.single.global_best - INFO - Optimization finished | best cost: 84.38939363199387, best pos: [ 6.8743329  10.24788041  8.55262905  9.06557968  3.72249277 11.5527441
  8.51865303 16.53929104  3.08296455 17.50497771 11.14263159  7.36462709
 16.1990423   7.10600175 11.20449078  0.4610334   7.57139618  5.41817112
  0.28317838  3.25388886 17.83362952 14.91156974 14.9498265   8.18349619
  4.8542112  10.75346302 14.00240494  5.76508075 15.29617458 16.65167789
  6.28039761  6.33590878 15.60547308 12.34059841 12.29637885  2.53058118
  9.37248221  7.07672407  0.32586432 15.41392118  9.08493979  4.15797454
 12.37905494 15.84332436  7.91660684 16.57950506 10.18027508  4.0971318
 18.18710309  6.90430582  9.99091897 13.65804988 16.17680471 11.88805044
 10.32219067  1.1764004   1.40702724  8.28678792 13.7515601   4.98805291
 13.32148723 14.11453876 16.70484356 16.95044267  9.963125    9.64701665
  9.97951993 11.46150986 11.6967864   3.36987506 10.74930192  6.89174502
 17.65987886 16.65084083  8.92083465 17.90978155 14.15889396  1.83955097
 16.68108487 14.81834279 14.21790913 18.56329713 13.1422596   9.4033026
 10.82922709  2.75516596 14.06639754  9.46157545 17.80247014 10.32459267
 12.56570414  3.77337057  9.81360564 18.48276883 17.40322531  2.23121748
  2.73336115 17.05918357 14.88244775  3.67959363 11.48018996 15.0171837
 16.33766688 13.00734803 17.80797854  6.43112075 13.34797281  5.68898862
  2.17602011 14.26656871  0.68981296  1.19331517  7.74278842 17.39373466
  1.64425141  3.57903919  6.49630047 17.13217582 11.83108483  9.48485067
  1.93737051 14.41796353  9.0750636   2.15036072 16.38350574 17.5603049
 11.00761751 14.25288623 16.64995771  9.07628386  4.10826401  9.2421091
  7.08217968  0.26276738 16.07755039  4.61579193 15.99930002 12.77338888
  2.9738609   1.85063852  9.37142104  1.70474983 14.71916968 14.77452041
  3.41723252 15.11435448  3.28671911 10.99239982  0.25987869 14.52430839
  6.6921237  10.34451809 15.20855053  0.23295177  6.15688078 13.7370873
 18.6123648  17.54247383 18.95226425  4.59550493 16.15254439 13.97605295
 16.30080955  7.70863308  7.38741356  7.11012239  9.7555516   0.80762252
 14.73646597  2.84904978  5.47518046  5.71457275  6.39499832  7.46412909
  2.95934476  9.47421909 11.28673278  7.96208159 16.19811547  6.84354967
 13.39984256 10.50223311 12.47097695 11.49980292 15.35060344  5.97684763
  3.39596201  6.86015889 10.99146635 13.91898403 14.00525424 10.87642863
  1.56080263  9.04426985 14.79383415 12.53413808  9.96466043 17.1201073
  9.66708416 12.9472005  11.18924558  5.12210449  7.26238699 10.6899136
  5.42007281  9.50255535 18.986686    9.49374737 14.83127225  5.06882808
 12.94044009 16.60717832  7.96238043 18.32414418 15.25400182  4.71059207
 10.38165494 16.69533944 15.78059567  4.17861158 16.89806724  0.81712194
  7.82550355 14.50862527 13.12764652  9.57480676 12.9398624  13.57629161
  0.15639472 10.1391875   0.65317562 11.91189433  6.54745512  7.77769914
 16.04360743  5.64402398  7.46503089 16.64787484  3.9837584  10.22856383
 16.25709442 16.0248224  18.66076407 11.59822444 14.77064839  3.76037684
  9.63165533 12.80373442 14.67398337  3.34815434]
2025-09-21 20:27:42,692 - pyswarms.single.global_best - INFO - Optimize for 50 iters with {'c1': 2, 'c2': 2, 'w': 0.9}
2025-09-21 20:27:43,831 - pyswarms.single.global_best - INFO - Optimization finished | best cost: 140.27730342683472, best pos: [10.40252387  6.13316763  4.69437558 13.24628061 11.64425501  6.44242854
 18.4680699   9.69374818  7.06365281  6.8934674   6.30158842  6.55765513
  9.44877327 16.27591123  3.58601402 13.21269812  3.8845752   8.89196948
  0.61288595 11.6650765  18.52900558 13.44665083 13.13607406  3.5578205
 15.46811044  6.94493868 12.23487433 11.42901416  9.35432551 16.8886524
 10.5097451   4.65159134 11.50616096  8.75908704  9.89317672 18.61652926
 13.95449642  6.51401674 11.30182609  1.76615679  7.77563119  7.56208115
 14.64342587  1.39463611 12.39133201 13.04106651 11.79568157 10.89823162
 12.92862241  2.92399401 10.54517486  2.58364467  6.91356161 14.20474221
  3.80935416  7.29573946 16.31531241 12.06782366  1.87504369  7.8880946
  4.75922787 10.56603597 16.57736365 11.60882753 13.60493256 11.57173686
 15.0733725  10.75557492 11.57393488  8.56012925 17.53784743 16.42416064
  3.77844526  2.55080421  8.26014845 15.20707861 12.25948559 17.48212355
 13.76053348  7.49239344 12.72504018  8.53933028  3.44422905 10.56027036
 16.74888967  9.6487719   5.90371665 16.86033399  3.78286389 10.77956666
  2.80968885  8.97560389  8.11230611 12.28865574  8.83748459  3.33164518
  9.59871855 12.19439395 13.49544665 10.62736117 17.96982429  6.03269754
  1.64783234  0.6380819  12.91380315  8.50598276 10.18108478  6.53060616
  6.43350941  7.29804043 15.66653763  9.64931826 14.05147197 11.55156259
 10.35007433 11.08683134 12.16925635  0.05194009  1.23302542 11.41116663
 12.71522337 16.07312941 12.71905833 16.82247477  7.8671154   9.25949493
 12.00895173  9.36212903 15.30697832  8.51129298 15.21850374 12.18312866
  8.04415952 12.60123658 14.2828076  15.83592664 15.39345986 14.86272212
  0.69312285  3.68756051 10.41440632 18.00196924  2.23983645  8.58668257
  8.99398079  4.13313366 16.41586999 13.44024747 13.49416619 13.90133792
 14.30559025  7.74756653 13.54690187  9.13712546 15.25714048  2.33179279
 11.96374956 11.95713719 13.06018816 14.99787953 12.05521404  7.00461827
  3.48330577 10.28930673  4.79304593  2.93469621 16.3481135   5.68359226
 12.10508938 11.31766855 14.41345386  9.21029361 17.46675488  0.37211945
 10.0029973   9.4902894  13.31287644  7.35151136  2.26388303  6.37797887
  2.97315875  1.88982772  9.32831646  3.78930672  1.69518497  3.66079292
  3.60611916  1.72463228 13.65233418  0.3802286  13.34925393  9.17899998
  3.50768035 10.53770155 12.45004113 12.73077972  7.64008203  9.76560231
  0.84032769 11.59554681 17.5554747  17.9331395  11.67486743 10.8782906
  9.35698884  0.90049488  6.77986484 11.76418291 18.48588876  7.84828876
  8.0907308   9.66197322 10.17363237 10.05221483  8.0538681  11.91673969
 14.42642737  8.41045453 16.00680851  6.17436683 13.69699494  3.15769576
 10.45903255 14.63387658  6.9911766   2.76980466 16.39412674  5.65810598
  4.36934825  2.54608693  2.18180667  0.27563915  6.81229236  6.46761396
 13.84399162  6.69546732 16.51497791 10.43762585  7.29027802 15.10180718
 11.58622336  2.44008426  2.90170505  0.56397824  7.47821223  0.67422945
  2.43560688  7.51424147  3.33309599 10.1629915 ]
2025-09-21 20:27:43,856 - pyswarms.single.global_best - INFO - Optimize for 50 iters with {'c1': 2, 'c2': 2, 'w': 0.9}
2025-09-21 20:27:45,035 - pyswarms.single.global_best - INFO - Optimization finished | best cost: 1316.587486910646, best pos: [ 6.93285978 10.36642603  8.80983476 12.65647765  4.57466832  6.25576223
  9.82340658 12.93116666 12.13550787 16.20240314 11.08713387 13.96806643
  7.85691654  2.80659934  6.15325584 13.97861584  4.51673287  8.07096579
  1.76415419 13.42398809 13.55597138  6.92662786  6.50080385 14.28097518
  9.55413358  2.15698209  4.26136516  9.45847371  7.754876    3.06802351
  9.80587317  0.25883395 10.03280676  9.01056006 15.44603111  2.61704685
  9.69124331 11.03592351  7.46865363  3.29590782 12.5711933  14.36448422
 13.40065214 15.10342604  6.93353824  7.99454516 11.89391451 18.67347236
 17.060394   18.37444073  6.36243727  6.57566042 11.84030713  6.81566752
  6.81291916  8.98569956  5.46398356  6.59509268  0.47415486  3.73256348
 12.72700786 13.14357081 11.97017214 18.37375058  3.88767104  3.92707189
 12.66340657 10.03918156  2.27888502 11.22227763  8.66515502 15.96648807
 12.36882911 16.19525602  2.75713699  6.9398114   8.21593177 10.56287501
 11.04795851  9.97131055 15.48424932 12.78193887 17.53957889 17.94043733
 11.57737802  6.6129913  10.31374287 16.17329402 16.1440456  11.12998608
  7.79564711 13.95927868  4.33901545 15.68788888  0.56966942  7.35120989
  6.88415412  5.84416049 16.64701712 13.30282723  5.6276809   3.50029702
  1.15236213 11.80870352  0.9377749  10.33189966  6.39099309  3.89949632
  8.40806071 15.17618198 16.35261959  4.03665979  5.88801446 12.92771778
 13.03435692 14.88906372 14.83523254  1.77639935  1.79633506  6.89686614
 10.19498515  3.56221034  3.66213141 15.88012154 11.56139757 11.68792407
  8.55901419  6.96334954  6.9984162  13.91819254 15.43908296  6.28971214
  4.62483956 16.05858825  4.06559481 13.11659901 15.83034886  8.76025265
 11.72094175 16.90725598 15.81623091 10.89303609 10.14588287 13.32063275
 12.01711407  1.37207308 16.59865823 14.66175829 16.10530943 12.6348521
 11.30311407 16.83653134 14.46986143 16.84662005 15.2726583  10.36084744
  7.55498331  5.89785241  9.58363314 10.93448897 13.49845568  7.49801351
  5.07524536  1.23540713  6.34861963 10.09180832 16.27284139  7.6266601
 15.79472337 12.94828221 16.1802134  15.39921592  3.80530265  1.50716331
 14.77038567  3.86718492 10.21284601 10.34380096 14.69516472  5.50689527
 14.6680686   3.12425868 17.67960915 18.05675591  5.66833411  5.37981005
 14.19926367  6.24427205  9.13447351 11.60394359 12.21811145  3.81873813
  1.70523365 14.39100184 10.27741058 11.17526046 12.41809088  3.92191589
 11.24159174 14.183392    0.81443965  4.4207139  12.58984214  7.78009856
 16.70366733  7.19060365 14.70722543  5.42868187 18.25653265  1.76731708
  1.40431509  4.25569975 12.36506261 12.15549738 15.59853165  7.17574038
 10.10204529 12.28856085  6.99336683 18.95741751 16.52174685 10.17728112
  3.03428583  6.23015153 11.54933032  3.45039569  9.79562423 11.92132469
 16.07774973  5.4784191   9.79922786 13.36810063  6.46062741 16.27335044
  6.85929798  1.94872559 11.77465655  6.75384238  7.07777466  7.02545485
  4.8785626   9.33593465  9.0261248  10.20364239  3.97869906  1.13849231
  6.47673784 12.29100341  0.86385571  8.69798233]
2025-11-15 20:25:34,417 - pyswarms.single.global_best - INFO - Optimize for 20 iters with {'c1': 2, 'c2': 2, 'w': 0.9}
2025-11-15 20:25:35,001 - pyswarms.single.global_best - INFO - Optimization finished | best cost: 84.11556299505953, best pos: [9.16555668e+00 6.11937536e+00 8.19537676e+00 1.51513522e+01
 8.19016707e+00 7.09498945e+00 8.32283102e+00 1.08404316e+01
 1.84829220e+00 2.21072385e+00 1.39819386e+01 2.31619432e+00
 1.46102610e+01 1.83434521e+01 9.03014128e+00 1.44871241e+01
 1.33290673e+01 1.46414034e+01 4.86193870e+00 9.60634497e+00
 8.51695151e+00 1.34616818e+00 1.12279048e+01 1.22655353e+01
 5.95261466e+00 5.51619513e+00 1.54320685e+00 1.39984843e+01
 1.62060880e+01 1.64158290e+01 8.10816801e+00 1.52017264e+01
 1.21574172e+01 6.51164768e+00 4.24919923e-03 4.79668701e-01
 1.80254753e+01 6.14099916e-01 1.21204412e+01 9.86720761e+00
 7.82758249e-01 1.10396962e+01 1.74117506e+01 2.96150831e+00
 2.60485911e+00 1.01559520e+01 2.69133534e+00 8.31494002e+00
 7.25106907e+00 1.51505972e+01 1.57770276e+01 1.51959006e+01
 8.62293088e+00 8.39062785e+00 1.80803627e+01 6.67363465e+00
 1.65549680e+01 1.91522196e+00 6.06235935e+00 1.59671489e+01
 2.76722126e+00 1.34019472e+01 6.81475202e+00 1.84242940e+01
 9.25677426e+00 6.72796109e+00 2.66401099e+00 8.64876539e+00
 6.45684485e-01 3.55635749e+00 1.17708826e+01 1.35114717e+01
 1.62086674e+01 9.97272429e+00 1.00214634e+01 1.10850017e+00
 6.88508546e+00 6.35139083e+00 1.60523282e+01 1.48741486e+01
 6.30110929e+00 3.94500570e-01 9.13671069e-01 1.28774267e+01
 1.56076677e+01 9.70718587e+00 1.37007697e+01 1.62245949e+01
 3.44189066e-01 9.09431262e+00 1.00171031e+01 1.64961652e+01
 9.67911269e+00 1.29062667e+00 8.64461687e+00 1.62975788e+01
 8.06045075e+00 1.21220842e+01 1.51499902e+01 2.02634133e-01
 1.57013125e+01 6.84901394e+00 1.29663407e+01 1.05787611e+01
 1.04469217e+01 1.26987848e+01 1.47989949e+00 1.43273428e+01
 1.42622634e+01 1.13195123e+01 1.64480473e+01 3.25189027e+00
 1.36815288e+01 5.42815127e+00 1.36164480e+01 3.21018074e+00
 1.00456260e+01 1.86286715e+01 9.00598769e+00 1.54206855e+00
 6.99767145e+00 1.43848750e+01 1.79606500e+01 1.34884368e+01
 1.70335785e+00 8.12398260e-01 3.27343126e+00 1.56730166e+01
 1.10480626e+01 6.14761232e+00 3.14663419e+00 6.13469234e+00
 3.02284567e+00 1.47231917e+01 7.02708265e+00 1.78249915e+01
 1.62466410e+01 1.43433271e+01 1.30270332e+01 1.12437112e+00
 1.68751684e+01 1.06858222e+01 6.34185999e+00 1.76466647e+01
 1.47759982e+00 1.24782667e+01 1.82671460e+01 1.16164159e+01
 2.83697723e+00 1.78258664e+00 1.59035129e+01 1.02984647e+01
 3.31779526e+00 1.13460817e+01 1.00686350e+01 9.58264263e+00
 8.74376335e+00 5.66574935e+00 1.30476673e+00 2.52096695e+00
 9.62420853e+00 1.99019258e+00 5.15374186e+00 2.02258003e+00
 1.63578932e+01 2.12784782e+00 9.47117457e+00 1.33288462e+01
 9.63670036e+00 7.92262309e+00 5.77779709e+00 1.43977472e+01
 1.66536980e+01 1.68677215e+01 9.99881792e+00 1.69476901e+01
 1.72518800e+01 1.18814696e+01 1.09162610e+01 1.73402369e+01
 1.39214945e+01 1.29404539e+01 1.14931146e+01 4.64258456e+00
 6.02839152e+00 1.70422786e+01 7.28038325e+00 1.26173654e+01
 9.84405716e+00 1.09838524e+01 1.62871564e+01 9.86544757e+00
 9.79154220e-01 7.20912810e+00 1.11297056e+01 4.44284360e+00
 1.80020240e+00 1.20969356e+01 7.78217222e+00 3.44589556e+00
 7.97339357e+00 1.29067134e+01 1.54603878e+01 8.47136768e+00
 1.21126154e+01 8.15968976e+00 1.49531260e+01 1.38746506e+01
 6.16144027e+00 1.53289363e+01 7.59562544e+00 6.60267109e-01
 1.37819667e+01 1.66175103e+01 1.00620237e+01 1.59591165e+01
 1.23245207e+01 1.55158114e+01 4.69552343e+00 6.82691478e+00
 1.36987678e+01 1.09027807e+01 1.74382572e+01 1.14176733e+00
 1.46013219e-01 8.77363378e+00 8.06421993e+00 4.71856635e+00
 1.22510742e+01 1.26948036e+01 1.26087062e+01 1.95429042e+00
 7.66209436e+00 1.53173492e+01 1.37166135e+01 1.08610604e+01
 6.32906640e+00 9.77876463e+00 5.08497807e+00 3.77687604e+00
 1.85387798e+01 1.35523448e+01 1.55401266e+01 1.14043408e+00
 3.54878295e+00 1.52330848e+01 6.02170252e-01 1.54804103e+01
 1.04117297e+01 1.37323491e+01]
2025-11-15 20:25:35,068 - pyswarms.single.global_best - INFO - Optimize for 20 iters with {'c1': 2, 'c2': 2, 'w': 0.9}
2025-11-15 20:25:35,610 - pyswarms.single.global_best - INFO - Optimization finished | best cost: 140.95329440062497, best pos: [9.03270952e+00 3.72223412e+00 1.00974939e+01 1.12527285e+01
 2.62426139e+00 6.39231115e+00 1.59387628e+01 1.25478099e+01
 7.06703937e+00 5.74619330e+00 1.27277710e+00 1.64455125e+01
 1.11387426e+01 9.49678408e+00 1.37064065e+01 9.20107324e+00
 1.11457909e+01 1.28671223e+01 1.09904999e+00 6.73815115e+00
 2.59606711e+00 4.03615650e+00 2.95302214e+00 7.82128285e+00
 1.67616151e+01 1.18239222e+01 9.75284873e+00 3.45097855e+00
 1.04346101e+01 3.30918686e+00 5.61442681e+00 1.81845994e+00
 1.16415612e+01 1.49702276e+01 1.27068650e+01 5.10843259e+00
 9.13128586e+00 9.80191855e+00 8.76896609e-01 6.63243089e+00
 1.77512558e+00 4.35672598e+00 4.78655495e+00 1.34668320e+01
 1.35406990e+01 9.85732151e+00 6.57447943e+00 1.43015692e+01
 9.21785759e+00 1.85621511e+00 8.26525113e+00 3.41737791e+00
 9.03056429e+00 9.47659334e+00 7.48070474e+00 1.00684971e+01
 6.53871083e+00 4.17542594e+00 1.16182278e+01 1.61931459e+01
 1.63524450e+01 1.64818891e+01 1.77321064e-01 3.81318083e+00
 1.19519556e+01 9.38563332e+00 1.38871904e+01 6.46350702e+00
 1.78537970e+01 9.29916414e+00 9.38016432e+00 9.52494033e-03
 6.09320389e+00 1.40682523e+01 5.10448525e+00 2.32108794e+00
 1.27857646e+01 1.16412761e+01 8.25685559e+00 1.67424277e+01
 5.64876808e+00 1.62329452e+01 1.34241583e+01 1.03584109e+01
 1.37170925e+01 1.31203611e+01 3.70642959e-01 9.68571151e+00
 5.88246785e+00 1.16741652e+01 8.58464107e+00 7.54612946e+00
 1.15498719e+01 1.20389787e+00 2.17159095e-01 3.49551695e+00
 9.18953014e-01 1.20179496e+00 6.02933105e+00 7.09870984e+00
 7.71191794e+00 5.95604434e+00 1.17075747e+01 1.26896726e+01
 1.23945774e+01 6.85746712e+00 5.20518901e+00 1.24984233e+01
 7.43711119e+00 1.12412307e+01 1.35720640e+01 9.22677030e+00
 8.29387393e+00 1.54857497e+01 7.41123398e+00 1.01337236e+01
 9.18258226e+00 2.21590397e+00 5.90615329e+00 1.21242192e+01
 1.47307936e+01 7.65813093e+00 1.85646187e+01 5.28402994e+00
 1.52058721e+01 5.89750201e+00 5.85986421e+00 1.25342500e+01
 8.96709639e+00 1.78379893e+01 1.00091287e+01 8.29566790e+00
 1.01680814e+01 1.67567413e+01 2.21998242e+00 8.41573282e+00
 9.89968955e+00 3.33899000e+00 6.44061379e+00 1.22258431e+01
 2.35742628e+00 1.56087552e+01 5.94975741e+00 7.48105064e+00
 7.71758405e+00 9.74327509e+00 1.59008092e+01 1.71495299e+01
 6.66817858e+00 7.64433325e+00 1.53226767e+01 1.25535513e+01
 1.16794401e+01 1.91688120e+00 9.85493075e+00 1.05094312e+01
 1.33743635e+01 7.63056500e+00 1.00280778e+01 4.21561606e+00
 5.93510525e+00 1.10176868e+01 1.71430498e+01 1.32660254e+01
 1.30424256e+01 3.26881558e+00 1.22925354e+01 8.14896701e+00
 1.45488374e+01 1.08621388e+01 1.25117015e+01 1.26335210e+01
 9.17332297e+00 1.30466376e+01 9.36171989e+00 4.38171013e+00
 1.10149738e+01 1.04884413e+01 7.25692224e+00 3.84624625e+00
 5.83821706e+00 1.24707588e+01 1.18238537e+01 8.85949794e+00
 7.55372708e+00 1.04761984e+01 4.92046248e+00 8.57609115e+00
 1.73503229e+01 1.24973142e+01 4.21519459e+00 8.52465225e+00
 1.23561959e+01 1.72653381e+01 5.71043846e+00 3.48554661e+00
 1.41208460e+01 1.34642955e+01 1.27996341e+01 1.53004707e+01
 1.02507501e+01 1.68631858e+01 7.61898171e+00 1.63318592e+01
 1.00283870e+01 1.81277965e+01 3.53070956e+00 1.69048108e+01
 3.67204202e+00 5.61045979e+00 1.57459758e+00 8.20421684e+00
 1.30929510e+01 1.29505505e+01 6.58861281e+00 5.58278797e+00
 6.23109668e+00 9.01008132e+00 1.35694113e+01 1.51495626e+01
 1.27413684e+01 1.50319751e+01 1.56027105e+01 8.41695993e+00
 2.40937264e+00 9.45019556e+00 1.03752797e+01 1.33620126e+01
 1.29500535e+01 1.45847185e+00 4.30251959e+00 6.00147628e+00
 1.83936437e+01 9.67943004e+00 1.60324972e+01 1.66422268e+01
 1.28451843e+01 6.70152327e+00 7.48460848e+00 1.36162669e+01
 9.51032514e+00 9.92896009e+00 1.02248778e+01 9.87970250e-01
 1.43383827e+01 1.66503169e+01 1.10769690e+01 1.25357198e+00
 1.00015707e+01 1.57598061e+01]
2025-11-15 20:25:35,668 - pyswarms.single.global_best - INFO - Optimize for 20 iters with {'c1': 2, 'c2': 2, 'w': 0.9}
2025-11-15 20:25:36,197 - pyswarms.single.global_best - INFO - Optimization finished | best cost: 1305.2269785829333, best pos: [13.92307795  5.98820968  1.70448696 11.92482485  7.69427172  9.90072117
  9.19660392  7.75651966 14.63395887  6.56756112 13.45360421 11.67544472
  6.35265712  5.8510555  16.18644802 11.60945642 16.29114135 11.93131791
 10.53298145  9.6471184   9.37081417 10.39465898  0.97994272  6.2771427
 10.70296677  9.87806686  6.3967104   2.29460444 14.46588723  4.6418734
  3.57459358 11.39594362 11.23356352 15.58907649  7.73287671 13.13892282
  7.13486114 16.90467097  2.84797054 17.74299097  8.59346139 13.3973564
  6.58860171  9.54473377 10.92892954  8.07126458  3.11704133 10.23605833
 12.95027209  7.57155816 10.365702   16.83473256  6.3532323   5.49872179
 16.79440736  5.02679917 14.54602411 10.68276957  9.57034794  8.98563292
 12.99661864  7.73176621 12.62286463  8.11022637 11.69988992 12.67246897
 10.4356125   6.25887705 12.73037955 12.65506856  8.48427677 11.14040614
 11.44364932  7.96818262  4.24816651 12.47957914  5.85141147 14.40314592
 14.03556472 14.10960676 11.65730064 18.43555828  8.93805657 11.85745136
  8.60055883 16.54195599 14.40084887  3.36490036 13.19785599  3.91999124
  8.93995797 13.24636693 16.83602906  8.94967388 11.36817512 13.56311809
  6.83805999 15.30753066  9.3428455   6.33159359  2.59689185 14.52726552
  7.35015575 15.92617394  6.74635104 15.52926535 13.2510518  12.72706734
 11.53209891 10.39513092 15.42857619 10.66802528 14.8750935   5.31653781
  1.59699453 15.6880214   1.01879396 10.24528879 12.29823853 18.03345697
  0.7747934   8.44522903  7.48748602  5.1736869  16.00188093 16.11391922
 15.20098184  8.26215144 17.20620125  5.98562894  3.38331504  7.68428727
  9.62817335 11.6883056   0.95148496 12.75289985  5.40501354  0.42620976
  8.66742237 15.02906434  2.58213041  9.98066658  5.60500104 13.9680879
 15.08774698 15.56498313  9.93386484 12.97324299  9.61991492  8.19113973
 10.18097442 14.40395374 10.87128015 12.82656986 11.53755034  9.46112603
 12.9998085  17.47977706 16.51738693  7.57687741 18.95588981  8.98026386
  2.06523388 10.83047437 12.05052508 12.03735396 15.73266323 11.61956156
  2.48910143  5.51567319 12.64024503  2.09700258  6.86138318  3.0583456
  7.0803459  16.06721158  1.36227157  8.05539688 16.31227039 11.15520512
  9.75471965  1.5898107  17.68979942  3.78116552 14.49941173 11.48917265
 14.76170521  8.08912526  9.02090777 14.99460153  9.86149612  6.79847714
  6.31235578  7.65651648  3.52734732 12.13939642  7.8751031   9.99564222
  3.27922238  1.73384995 13.23766807 17.01028001  5.25687771 10.3323145
  6.75800288 12.77314184 11.8916231  14.39462935  8.25222116 11.8562924
  9.4190982   2.54106241 16.59366346 11.67874638 11.83052602 12.05295847
 11.67118728  9.24705526 16.20162456 13.89277148  7.08963762 10.99593412
 13.42936774 11.3177528  11.12224107  6.88022624 15.82888719 10.98156113
  7.71298463 10.20697484  4.24658853 10.68028237  1.85441713 11.12269758
  3.80838668 15.36498185  7.21006364 18.59752891 12.19059966  2.76040271
  9.44033469 10.49061131  9.0909486  10.14989125 10.89588666 16.75582187
  5.78383899  6.37535279  7.98579324  6.61442198]
2025-11-15 20:26:49,550 - pyswarms.single.global_best - INFO - Optimize for 20 iters with {'c1': 2, 'c2': 2, 'w': 0.9}
2025-11-15 20:26:50,080 - pyswarms.single.global_best - INFO - Optimization finished | best cost: 84.11556299505953, best pos: [9.16555668e+00 6.11937536e+00 8.19537676e+00 1.51513522e+01
 8.19016707e+00 7.09498945e+00 8.32283102e+00 1.08404316e+01
 1.84829220e+00 2.21072385e+00 1.39819386e+01 2.31619432e+00
 1.46102610e+01 1.83434521e+01 9.03014128e+00 1.44871241e+01
 1.33290673e+01 1.46414034e+01 4.86193870e+00 9.60634497e+00
 8.51695151e+00 1.34616818e+00 1.12279048e+01 1.22655353e+01
 5.95261466e+00 5.51619513e+00 1.54320685e+00 1.39984843e+01
 1.62060880e+01 1.64158290e+01 8.10816801e+00 1.52017264e+01
 1.21574172e+01 6.51164768e+00 4.24919923e-03 4.79668701e-01
 1.80254753e+01 6.14099916e-01 1.21204412e+01 9.86720761e+00
 7.82758249e-01 1.10396962e+01 1.74117506e+01 2.96150831e+00
 2.60485911e+00 1.01559520e+01 2.69133534e+00 8.31494002e+00
 7.25106907e+00 1.51505972e+01 1.57770276e+01 1.51959006e+01
 8.62293088e+00 8.39062785e+00 1.80803627e+01 6.67363465e+00
 1.65549680e+01 1.91522196e+00 6.06235935e+00 1.59671489e+01
 2.76722126e+00 1.34019472e+01 6.81475202e+00 1.84242940e+01
 9.25677426e+00 6.72796109e+00 2.66401099e+00 8.64876539e+00
 6.45684485e-01 3.55635749e+00 1.17708826e+01 1.35114717e+01
 1.62086674e+01 9.97272429e+00 1.00214634e+01 1.10850017e+00
 6.88508546e+00 6.35139083e+00 1.60523282e+01 1.48741486e+01
 6.30110929e+00 3.94500570e-01 9.13671069e-01 1.28774267e+01
 1.56076677e+01 9.70718587e+00 1.37007697e+01 1.62245949e+01
 3.44189066e-01 9.09431262e+00 1.00171031e+01 1.64961652e+01
 9.67911269e+00 1.29062667e+00 8.64461687e+00 1.62975788e+01
 8.06045075e+00 1.21220842e+01 1.51499902e+01 2.02634133e-01
 1.57013125e+01 6.84901394e+00 1.29663407e+01 1.05787611e+01
 1.04469217e+01 1.26987848e+01 1.47989949e+00 1.43273428e+01
 1.42622634e+01 1.13195123e+01 1.64480473e+01 3.25189027e+00
 1.36815288e+01 5.42815127e+00 1.36164480e+01 3.21018074e+00
 1.00456260e+01 1.86286715e+01 9.00598769e+00 1.54206855e+00
 6.99767145e+00 1.43848750e+01 1.79606500e+01 1.34884368e+01
 1.70335785e+00 8.12398260e-01 3.27343126e+00 1.56730166e+01
 1.10480626e+01 6.14761232e+00 3.14663419e+00 6.13469234e+00
 3.02284567e+00 1.47231917e+01 7.02708265e+00 1.78249915e+01
 1.62466410e+01 1.43433271e+01 1.30270332e+01 1.12437112e+00
 1.68751684e+01 1.06858222e+01 6.34185999e+00 1.76466647e+01
 1.47759982e+00 1.24782667e+01 1.82671460e+01 1.16164159e+01
 2.83697723e+00 1.78258664e+00 1.59035129e+01 1.02984647e+01
 3.31779526e+00 1.13460817e+01 1.00686350e+01 9.58264263e+00
 8.74376335e+00 5.66574935e+00 1.30476673e+00 2.52096695e+00
 9.62420853e+00 1.99019258e+00 5.15374186e+00 2.02258003e+00
 1.63578932e+01 2.12784782e+00 9.47117457e+00 1.33288462e+01
 9.63670036e+00 7.92262309e+00 5.77779709e+00 1.43977472e+01
 1.66536980e+01 1.68677215e+01 9.99881792e+00 1.69476901e+01
 1.72518800e+01 1.18814696e+01 1.09162610e+01 1.73402369e+01
 1.39214945e+01 1.29404539e+01 1.14931146e+01 4.64258456e+00
 6.02839152e+00 1.70422786e+01 7.28038325e+00 1.26173654e+01
 9.84405716e+00 1.09838524e+01 1.62871564e+01 9.86544757e+00
 9.79154220e-01 7.20912810e+00 1.11297056e+01 4.44284360e+00
 1.80020240e+00 1.20969356e+01 7.78217222e+00 3.44589556e+00
 7.97339357e+00 1.29067134e+01 1.54603878e+01 8.47136768e+00
 1.21126154e+01 8.15968976e+00 1.49531260e+01 1.38746506e+01
 6.16144027e+00 1.53289363e+01 7.59562544e+00 6.60267109e-01
 1.37819667e+01 1.66175103e+01 1.00620237e+01 1.59591165e+01
 1.23245207e+01 1.55158114e+01 4.69552343e+00 6.82691478e+00
 1.36987678e+01 1.09027807e+01 1.74382572e+01 1.14176733e+00
 1.46013219e-01 8.77363378e+00 8.06421993e+00 4.71856635e+00
 1.22510742e+01 1.26948036e+01 1.26087062e+01 1.95429042e+00
 7.66209436e+00 1.53173492e+01 1.37166135e+01 1.08610604e+01
 6.32906640e+00 9.77876463e+00 5.08497807e+00 3.77687604e+00
 1.85387798e+01 1.35523448e+01 1.55401266e+01 1.14043408e+00
 3.54878295e+00 1.52330848e+01 6.02170252e-01 1.54804103e+01
 1.04117297e+01 1.37323491e+01]
2025-11-15 20:26:50,134 - pyswarms.single.global_best - INFO - Optimize for 20 iters with {'c1': 2, 'c2': 2, 'w': 0.9}
2025-11-15 20:26:50,648 - pyswarms.single.global_best - INFO - Optimization finished | best cost: 140.95329440062497, best pos: [9.03270952e+00 3.72223412e+00 1.00974939e+01 1.12527285e+01
 2.62426139e+00 6.39231115e+00 1.59387628e+01 1.25478099e+01
 7.06703937e+00 5.74619330e+00 1.27277710e+00 1.64455125e+01
 1.11387426e+01 9.49678408e+00 1.37064065e+01 9.20107324e+00
 1.11457909e+01 1.28671223e+01 1.09904999e+00 6.73815115e+00
 2.59606711e+00 4.03615650e+00 2.95302214e+00 7.82128285e+00
 1.67616151e+01 1.18239222e+01 9.75284873e+00 3.45097855e+00
 1.04346101e+01 3.30918686e+00 5.61442681e+00 1.81845994e+00
 1.16415612e+01 1.49702276e+01 1.27068650e+01 5.10843259e+00
 9.13128586e+00 9.80191855e+00 8.76896609e-01 6.63243089e+00
 1.77512558e+00 4.35672598e+00 4.78655495e+00 1.34668320e+01
 1.35406990e+01 9.85732151e+00 6.57447943e+00 1.43015692e+01
 9.21785759e+00 1.85621511e+00 8.26525113e+00 3.41737791e+00
 9.03056429e+00 9.47659334e+00 7.48070474e+00 1.00684971e+01
 6.53871083e+00 4.17542594e+00 1.16182278e+01 1.61931459e+01
 1.63524450e+01 1.64818891e+01 1.77321064e-01 3.81318083e+00
 1.19519556e+01 9.38563332e+00 1.38871904e+01 6.46350702e+00
 1.78537970e+01 9.29916414e+00 9.38016432e+00 9.52494033e-03
 6.09320389e+00 1.40682523e+01 5.10448525e+00 2.32108794e+00
 1.27857646e+01 1.16412761e+01 8.25685559e+00 1.67424277e+01
 5.64876808e+00 1.62329452e+01 1.34241583e+01 1.03584109e+01
 1.37170925e+01 1.31203611e+01 3.70642959e-01 9.68571151e+00
 5.88246785e+00 1.16741652e+01 8.58464107e+00 7.54612946e+00
 1.15498719e+01 1.20389787e+00 2.17159095e-01 3.49551695e+00
 9.18953014e-01 1.20179496e+00 6.02933105e+00 7.09870984e+00
 7.71191794e+00 5.95604434e+00 1.17075747e+01 1.26896726e+01
 1.23945774e+01 6.85746712e+00 5.20518901e+00 1.24984233e+01
 7.43711119e+00 1.12412307e+01 1.35720640e+01 9.22677030e+00
 8.29387393e+00 1.54857497e+01 7.41123398e+00 1.01337236e+01
 9.18258226e+00 2.21590397e+00 5.90615329e+00 1.21242192e+01
 1.47307936e+01 7.65813093e+00 1.85646187e+01 5.28402994e+00
 1.52058721e+01 5.89750201e+00 5.85986421e+00 1.25342500e+01
 8.96709639e+00 1.78379893e+01 1.00091287e+01 8.29566790e+00
 1.01680814e+01 1.67567413e+01 2.21998242e+00 8.41573282e+00
 9.89968955e+00 3.33899000e+00 6.44061379e+00 1.22258431e+01
 2.35742628e+00 1.56087552e+01 5.94975741e+00 7.48105064e+00
 7.71758405e+00 9.74327509e+00 1.59008092e+01 1.71495299e+01
 6.66817858e+00 7.64433325e+00 1.53226767e+01 1.25535513e+01
 1.16794401e+01 1.91688120e+00 9.85493075e+00 1.05094312e+01
 1.33743635e+01 7.63056500e+00 1.00280778e+01 4.21561606e+00
 5.93510525e+00 1.10176868e+01 1.71430498e+01 1.32660254e+01
 1.30424256e+01 3.26881558e+00 1.22925354e+01 8.14896701e+00
 1.45488374e+01 1.08621388e+01 1.25117015e+01 1.26335210e+01
 9.17332297e+00 1.30466376e+01 9.36171989e+00 4.38171013e+00
 1.10149738e+01 1.04884413e+01 7.25692224e+00 3.84624625e+00
 5.83821706e+00 1.24707588e+01 1.18238537e+01 8.85949794e+00
 7.55372708e+00 1.04761984e+01 4.92046248e+00 8.57609115e+00
 1.73503229e+01 1.24973142e+01 4.21519459e+00 8.52465225e+00
 1.23561959e+01 1.72653381e+01 5.71043846e+00 3.48554661e+00
 1.41208460e+01 1.34642955e+01 1.27996341e+01 1.53004707e+01
 1.02507501e+01 1.68631858e+01 7.61898171e+00 1.63318592e+01
 1.00283870e+01 1.81277965e+01 3.53070956e+00 1.69048108e+01
 3.67204202e+00 5.61045979e+00 1.57459758e+00 8.20421684e+00
 1.30929510e+01 1.29505505e+01 6.58861281e+00 5.58278797e+00
 6.23109668e+00 9.01008132e+00 1.35694113e+01 1.51495626e+01
 1.27413684e+01 1.50319751e+01 1.56027105e+01 8.41695993e+00
 2.40937264e+00 9.45019556e+00 1.03752797e+01 1.33620126e+01
 1.29500535e+01 1.45847185e+00 4.30251959e+00 6.00147628e+00
 1.83936437e+01 9.67943004e+00 1.60324972e+01 1.66422268e+01
 1.28451843e+01 6.70152327e+00 7.48460848e+00 1.36162669e+01
 9.51032514e+00 9.92896009e+00 1.02248778e+01 9.87970250e-01
 1.43383827e+01 1.66503169e+01 1.10769690e+01 1.25357198e+00
 1.00015707e+01 1.57598061e+01]
2025-11-15 20:26:50,694 - pyswarms.single.global_best - INFO - Optimize for 20 iters with {'c1': 2, 'c2': 2, 'w': 0.9}
2025-11-15 20:26:51,059 - pyswarms.single.global_best - INFO - Optimization finished | best cost: 1305.2269785829333, best pos: [13.92307795  5.98820968  1.70448696 11.92482485  7.69427172  9.90072117
  9.19660392  7.75651966 14.63395887  6.56756112 13.45360421 11.67544472
  6.35265712  5.8510555  16.18644802 11.60945642 16.29114135 11.93131791
 10.53298145  9.6471184   9.37081417 10.39465898  0.97994272  6.2771427
 10.70296677  9.87806686  6.3967104   2.29460444 14.46588723  4.6418734
  3.57459358 11.39594362 11.23356352 15.58907649  7.73287671 13.13892282
  7.13486114 16.90467097  2.84797054 17.74299097  8.59346139 13.3973564
  6.58860171  9.54473377 10.92892954  8.07126458  3.11704133 10.23605833
 12.95027209  7.57155816 10.365702   16.83473256  6.3532323   5.49872179
 16.79440736  5.02679917 14.54602411 10.68276957  9.57034794  8.98563292
 12.99661864  7.73176621 12.62286463  8.11022637 11.69988992 12.67246897
 10.4356125   6.25887705 12.73037955 12.65506856  8.48427677 11.14040614
 11.44364932  7.96818262  4.24816651 12.47957914  5.85141147 14.40314592
 14.03556472 14.10960676 11.65730064 18.43555828  8.93805657 11.85745136
  8.60055883 16.54195599 14.40084887  3.36490036 13.19785599  3.91999124
  8.93995797 13.24636693 16.83602906  8.94967388 11.36817512 13.56311809
  6.83805999 15.30753066  9.3428455   6.33159359  2.59689185 14.52726552
  7.35015575 15.92617394  6.74635104 15.52926535 13.2510518  12.72706734
 11.53209891 10.39513092 15.42857619 10.66802528 14.8750935   5.31653781
  1.59699453 15.6880214   1.01879396 10.24528879 12.29823853 18.03345697
  0.7747934   8.44522903  7.48748602  5.1736869  16.00188093 16.11391922
 15.20098184  8.26215144 17.20620125  5.98562894  3.38331504  7.68428727
  9.62817335 11.6883056   0.95148496 12.75289985  5.40501354  0.42620976
  8.66742237 15.02906434  2.58213041  9.98066658  5.60500104 13.9680879
 15.08774698 15.56498313  9.93386484 12.97324299  9.61991492  8.19113973
 10.18097442 14.40395374 10.87128015 12.82656986 11.53755034  9.46112603
 12.9998085  17.47977706 16.51738693  7.57687741 18.95588981  8.98026386
  2.06523388 10.83047437 12.05052508 12.03735396 15.73266323 11.61956156
  2.48910143  5.51567319 12.64024503  2.09700258  6.86138318  3.0583456
  7.0803459  16.06721158  1.36227157  8.05539688 16.31227039 11.15520512
  9.75471965  1.5898107  17.68979942  3.78116552 14.49941173 11.48917265
 14.76170521  8.08912526  9.02090777 14.99460153  9.86149612  6.79847714
  6.31235578  7.65651648  3.52734732 12.13939642  7.8751031   9.99564222
  3.27922238  1.73384995 13.23766807 17.01028001  5.25687771 10.3323145
  6.75800288 12.77314184 11.8916231  14.39462935  8.25222116 11.8562924
  9.4190982   2.54106241 16.59366346 11.67874638 11.83052602 12.05295847
 11.67118728  9.24705526 16.20162456 13.89277148  7.08963762 10.99593412
 13.42936774 11.3177528  11.12224107  6.88022624 15.82888719 10.98156113
  7.71298463 10.20697484  4.24658853 10.68028237  1.85441713 11.12269758
  3.80838668 15.36498185  7.21006364 18.59752891 12.19059966  2.76040271
  9.44033469 10.49061131  9.0909486  10.14989125 10.89588666 16.75582187
  5.78383899  6.37535279  7.98579324  6.61442198]
2025-11-15 20:27:07,860 - pyswarms.single.global_best - INFO - Optimize for 20 iters with {'c1': 2, 'c2': 2, 'w': 0.9}
2025-11-15 20:27:08,390 - pyswarms.single.global_best - INFO - Optimization finished | best cost: 84.11556299505953, best pos: [9.16555668e+00 6.11937536e+00 8.19537676e+00 1.51513522e+01
 8.19016707e+00 7.09498945e+00 8.32283102e+00 1.08404316e+01
 1.84829220e+00 2.21072385e+00 1.39819386e+01 2.31619432e+00
 1.46102610e+01 1.83434521e+01 9.03014128e+00 1.44871241e+01
 1.33290673e+01 1.46414034e+01 4.86193870e+00 9.60634497e+00
 8.51695151e+00 1.34616818e+00 1.12279048e+01 1.22655353e+01
 5.95261466e+00 5.51619513e+00 1.54320685e+00 1.39984843e+01
 1.62060880e+01 1.64158290e+01 8.10816801e+00 1.52017264e+01
 1.21574172e+01 6.51164768e+00 4.24919923e-03 4.79668701e-01
 1.80254753e+01 6.14099916e-01 1.21204412e+01 9.86720761e+00
 7.82758249e-01 1.10396962e+01 1.74117506e+01 2.96150831e+00
 2.60485911e+00 1.01559520e+01 2.69133534e+00 8.31494002e+00
 7.25106907e+00 1.51505972e+01 1.57770276e+01 1.51959006e+01
 8.62293088e+00 8.39062785e+00 1.80803627e+01 6.67363465e+00
 1.65549680e+01 1.91522196e+00 6.06235935e+00 1.59671489e+01
 2.76722126e+00 1.34019472e+01 6.81475202e+00 1.84242940e+01
 9.25677426e+00 6.72796109e+00 2.66401099e+00 8.64876539e+00
 6.45684485e-01 3.55635749e+00 1.17708826e+01 1.35114717e+01
 1.62086674e+01 9.97272429e+00 1.00214634e+01 1.10850017e+00
 6.88508546e+00 6.35139083e+00 1.60523282e+01 1.48741486e+01
 6.30110929e+00 3.94500570e-01 9.13671069e-01 1.28774267e+01
 1.56076677e+01 9.70718587e+00 1.37007697e+01 1.62245949e+01
 3.44189066e-01 9.09431262e+00 1.00171031e+01 1.64961652e+01
 9.67911269e+00 1.29062667e+00 8.64461687e+00 1.62975788e+01
 8.06045075e+00 1.21220842e+01 1.51499902e+01 2.02634133e-01
 1.57013125e+01 6.84901394e+00 1.29663407e+01 1.05787611e+01
 1.04469217e+01 1.26987848e+01 1.47989949e+00 1.43273428e+01
 1.42622634e+01 1.13195123e+01 1.64480473e+01 3.25189027e+00
 1.36815288e+01 5.42815127e+00 1.36164480e+01 3.21018074e+00
 1.00456260e+01 1.86286715e+01 9.00598769e+00 1.54206855e+00
 6.99767145e+00 1.43848750e+01 1.79606500e+01 1.34884368e+01
 1.70335785e+00 8.12398260e-01 3.27343126e+00 1.56730166e+01
 1.10480626e+01 6.14761232e+00 3.14663419e+00 6.13469234e+00
 3.02284567e+00 1.47231917e+01 7.02708265e+00 1.78249915e+01
 1.62466410e+01 1.43433271e+01 1.30270332e+01 1.12437112e+00
 1.68751684e+01 1.06858222e+01 6.34185999e+00 1.76466647e+01
 1.47759982e+00 1.24782667e+01 1.82671460e+01 1.16164159e+01
 2.83697723e+00 1.78258664e+00 1.59035129e+01 1.02984647e+01
 3.31779526e+00 1.13460817e+01 1.00686350e+01 9.58264263e+00
 8.74376335e+00 5.66574935e+00 1.30476673e+00 2.52096695e+00
 9.62420853e+00 1.99019258e+00 5.15374186e+00 2.02258003e+00
 1.63578932e+01 2.12784782e+00 9.47117457e+00 1.33288462e+01
 9.63670036e+00 7.92262309e+00 5.77779709e+00 1.43977472e+01
 1.66536980e+01 1.68677215e+01 9.99881792e+00 1.69476901e+01
 1.72518800e+01 1.18814696e+01 1.09162610e+01 1.73402369e+01
 1.39214945e+01 1.29404539e+01 1.14931146e+01 4.64258456e+00
 6.02839152e+00 1.70422786e+01 7.28038325e+00 1.26173654e+01
 9.84405716e+00 1.09838524e+01 1.62871564e+01 9.86544757e+00
 9.79154220e-01 7.20912810e+00 1.11297056e+01 4.44284360e+00
 1.80020240e+00 1.20969356e+01 7.78217222e+00 3.44589556e+00
 7.97339357e+00 1.29067134e+01 1.54603878e+01 8.47136768e+00
 1.21126154e+01 8.15968976e+00 1.49531260e+01 1.38746506e+01
 6.16144027e+00 1.53289363e+01 7.59562544e+00 6.60267109e-01
 1.37819667e+01 1.66175103e+01 1.00620237e+01 1.59591165e+01
 1.23245207e+01 1.55158114e+01 4.69552343e+00 6.82691478e+00
 1.36987678e+01 1.09027807e+01 1.74382572e+01 1.14176733e+00
 1.46013219e-01 8.77363378e+00 8.06421993e+00 4.71856635e+00
 1.22510742e+01 1.26948036e+01 1.26087062e+01 1.95429042e+00
 7.66209436e+00 1.53173492e+01 1.37166135e+01 1.08610604e+01
 6.32906640e+00 9.77876463e+00 5.08497807e+00 3.77687604e+00
 1.85387798e+01 1.35523448e+01 1.55401266e+01 1.14043408e+00
 3.54878295e+00 1.52330848e+01 6.02170252e-01 1.54804103e+01
 1.04117297e+01 1.37323491e+01]
2025-11-15 20:27:08,458 - pyswarms.single.global_best - INFO - Optimize for 20 iters with {'c1': 2, 'c2': 2, 'w': 0.9}
2025-11-15 20:27:08,969 - pyswarms.single.global_best - INFO - Optimization finished | best cost: 141.36565677768033, best pos: [ 1.62172689 17.16668117  1.05124337  5.47909306  6.85830317  7.205474
  8.17792037  2.87019437 15.8223816  15.12786981 13.05606055 17.02125548
  7.04635875  0.08632783 10.70381412  0.29471233 10.43722828  2.34625996
 13.70334507 12.58217657 10.06991707 15.36446995  7.45997186  2.58559022
 13.41701021  1.96996829 15.16480415  7.7558569   1.9503315  15.30993157
 13.61528636 13.21186048 10.86579162 14.3885961  16.86615631  9.76456948
  8.60344844 15.99019634 11.82392577  9.75349255 11.7721993  16.42420013
  3.44793506  6.87899586  9.87849283  7.86280181 13.1280875  17.5445238
  1.94054715 15.78299097  9.18463168  9.74710078  5.85330781 14.07861449
  6.27253999  1.74576469  0.14700064  9.28793364  1.42514993 18.92745188
 13.11363344 12.24286826 17.74657468 14.819339   14.32184824 11.54399281
 13.35776301 14.83148087 15.08876964  5.19880561  7.23082116 18.65440928
  3.13112803  9.27472658  5.57912969  5.40635621 14.60856638  4.48373619
 16.645015    7.06728939  5.06553764 14.77442733 13.58158387 14.06619998
  1.97840775 18.62756212 15.31069191  7.1460162   8.79731426 14.46495231
  7.75547251  1.9814996   1.60234875  1.34716377  7.07815532  9.86526108
 11.64612328 15.20301958  9.36424859  2.96012    13.63320129  8.47466081
 12.56968941 11.13416094 11.84687521 10.09370547 18.85045699  4.49055069
  7.7462115   6.32982662  8.10357215 11.46780085  7.21907955  8.49443114
  5.40002063  9.02351467 11.78884051  8.50720828  7.49633189  0.65934745
 16.02668278 14.92683329 11.33572939  9.98326746  8.6882109   9.08322084
  0.16246251  9.95870877 13.50047698 17.58176686 15.666581   12.09752222
 16.76597406  6.17422481  8.17666205 12.1465242   8.53048473 13.0718521
  2.69857964 11.54378209 17.67632797 16.90877086  7.25271703 14.63359717
 12.37774416 14.45163839 10.07227221  2.51025845 13.21440428  7.34475183
 10.57485763 10.39237387  9.0580105   6.12749192  7.94448858  8.41794778
  8.69534627 13.72843519 12.89325707 12.60410367  6.95567915 11.16138216
 10.85288475 17.15585428  7.84611794 12.42973341  2.5723827   8.99196754
 10.94518788 10.64895356 16.0413069  17.01549013  1.35168862  6.76039415
  3.01075759  0.85978226  3.00273684  7.84680589  8.18530881 10.63950776
  0.26826003 18.82725045  6.64086411  4.73248402 17.96583383  6.97284513
  7.35703685  3.08629031  3.02398715  5.92856758 15.70595851 13.08967784
  3.55494834  8.13100158  6.08966377 13.59105088  3.69938781 16.32198467
  5.48609267  8.82880865  7.83378929  8.56902725 11.74241407 16.80438995
  6.86790663  9.59093875  9.6632986   3.89850855  3.54990118 15.61747757
 12.45583819  8.87252478 15.2287463   5.75610525 12.33167945 14.58178994
  9.96425569 11.49872414  6.02122801  9.6213141   1.05919827 18.20207763
  3.90534605  3.37946982 16.38769839 12.56428685  2.64342357 13.38890632
 12.21007734  8.07549894  7.19683516 15.06012685 11.57680114 16.28037953
  1.79129087  7.21226018  9.41475468  9.69289201  7.25331801 15.1411098
  9.74536578  4.45003531 16.08603706  5.75121561 15.10894033 11.39268468
 17.88733542 16.95253017  3.4870696   6.28659763]
2025-11-15 20:27:09,031 - pyswarms.single.global_best - INFO - Optimize for 20 iters with {'c1': 2, 'c2': 2, 'w': 0.9}
2025-11-15 20:27:09,555 - pyswarms.single.global_best - INFO - Optimization finished | best cost: 1306.268945614745, best pos: [1.50830469e+01 8.26988450e+00 9.81581312e+00 7.42991455e+00
 9.21330411e+00 7.96579299e+00 1.63159809e+01 1.13568369e+01
 1.24288335e+01 1.00532568e+01 1.29501457e+01 5.16832680e+00
 8.76229632e+00 1.02542948e+00 1.60392626e+01 2.55456822e+00
 7.39487319e+00 1.86054430e+01 1.32246400e+01 1.30779247e+01
 1.49135639e+01 7.13665274e-02 1.81407903e+01 4.49187061e+00
 9.58573339e+00 1.62770646e+01 9.82538520e+00 1.30549474e+01
 9.34722949e+00 1.24120656e+01 7.03066871e+00 1.14697816e+01
 1.60443196e+01 7.87202737e+00 1.27422941e+01 9.39680956e+00
 2.18420016e+00 1.61018935e+01 1.60466588e+01 1.60733573e+01
 1.40998488e+01 2.18032468e+00 5.72741147e+00 5.94445190e+00
 9.27021549e-01 1.21772703e+01 1.72634239e+01 1.77650736e+01
 1.67662114e+01 1.13340731e+01 5.30807205e+00 5.58781038e+00
 1.20368252e+01 1.66607305e+01 4.63753285e-02 1.09255978e+01
 6.94351260e+00 1.05684642e+01 8.46051061e+00 6.05320687e+00
 1.63799865e+01 1.40316175e+01 1.52065352e+01 9.16048300e+00
 7.89353539e+00 1.19563941e+01 1.12349952e+01 4.89841789e+00
 2.18572616e+00 1.64657797e+01 3.87063560e+00 5.73539270e-01
 4.57071961e+00 1.64621425e+01 9.61040401e+00 9.61902279e+00
 4.55741578e+00 1.09020896e+01 1.60014181e+00 1.38118466e+01
 1.27226522e+01 1.20056473e+01 1.17552704e+01 7.75778882e+00
 1.56070993e+01 1.24085807e+01 9.10499452e+00 2.61030155e+00
 9.61177522e+00 1.23686866e+01 1.19254904e+01 2.14750852e+00
 1.67938863e+01 5.28812546e+00 3.13477917e+00 3.40623767e+00
 1.60732581e+00 6.96234881e+00 6.87202864e+00 7.19600390e+00
 1.79863868e+01 1.67915255e+01 6.54272372e+00 1.12570117e+01
 1.46865089e+01 8.08890487e+00 1.09995031e+01 1.60164913e+00
 9.66372601e+00 9.30788285e+00 1.07223510e+01 1.60743666e+01
 6.45977875e+00 1.89717759e+00 5.17290226e+00 1.16071187e+01
 1.58656095e+01 1.86645537e+01 3.19856565e-02 5.95834660e-01
 9.04883248e+00 7.99111453e+00 1.42667741e+01 1.01745922e+01
 1.26880327e+01 1.21791276e+01 1.39964737e+01 1.13226393e+01
 9.25328194e+00 1.38174535e+01 1.02669361e+01 9.22393808e+00
 1.21792885e+01 1.50551812e+01 3.23650902e+00 9.65469133e+00
 7.24320313e+00 9.53197972e+00 1.17546251e+01 7.89726541e+00
 3.51190232e+00 9.39726855e-01 4.22064028e+00 1.33344212e+01
 9.06717205e+00 1.24049209e+01 1.25380417e+01 7.96747512e+00
 1.13037754e+01 1.71749347e+01 5.55306446e+00 1.59245343e+01
 1.17793760e+01 1.33887501e+01 1.06719857e+01 6.76572660e-01
 1.98546037e+00 1.33512668e+01 1.32927226e+01 1.34008000e+01
 9.98544331e+00 1.12616004e+01 1.55636178e+01 1.06681763e+01
 8.22246191e+00 5.83908459e-01 1.53893269e+01 1.40223057e+00
 1.50015075e+01 1.22050769e+01 5.62767148e+00 1.44624713e+00
 8.85029357e+00 1.40079529e+01 1.04334856e+01 1.10554566e+01
 5.19094694e+00 1.75634222e+00 1.67079773e+01 1.76146328e+01
 1.27727507e+01 1.67708863e+01 9.84249959e+00 8.98950261e+00
 1.59256449e+01 3.56877199e+00 1.66308823e+01 1.12607988e+01
 1.27686972e+01 1.77813891e+01 9.13458621e+00 6.36189048e+00
 1.10877107e+01 4.00379053e-01 1.87430138e+01 8.90985236e+00
 1.23753334e+01 1.59803228e+01 2.82788650e+00 1.46755532e+00
 8.27801880e+00 3.57467907e+00 5.21028023e+00 5.20298454e+00
 1.19432215e+01 1.13220731e+01 8.44051585e-01 1.19964474e+01
 1.50530073e+00 2.61182854e+00 4.39657695e-01 3.30351045e+00
 1.51676708e+01 1.65662693e-03 9.01226490e+00 9.88771983e-02
 1.15520131e+00 1.68311781e+01 1.11499647e+01 1.37516220e+00
 2.48329424e+00 4.79055060e+00 2.95939776e+00 1.60757156e+01
 1.66488395e+01 3.37268729e+00 1.04586534e+01 1.28760256e+00
 1.19869910e+01 5.25561092e+00 9.58578983e+00 2.92681438e+00
 7.26223943e+00 1.27636068e+01 7.53547357e+00 7.33000039e+00
 1.31384283e+01 9.92670564e+00 1.67327595e+01 9.85504886e+00
 1.13431651e+01 1.18765832e+01 4.80673499e-01 1.34261674e+01
 7.70803081e+00 9.00528944e+00 1.79793292e+01 1.61824328e+01
 9.89171110e+00 1.41119508e+01]
2025-11-15 20:28:36,639 - pyswarms.single.global_best - INFO - Optimize for 17 iters with {'c1': 2, 'c2': 2, 'w': 0.9}
2025-11-15 20:28:37,181 - pyswarms.single.global_best - INFO - Optimization finished | best cost: 86.18005260270591, best pos: [ 7.85969004 13.32612546  8.3773023  14.78752169  8.29951955 16.64339603
  8.00573998 15.3856845   1.2998941   6.04008095 12.61148433  2.09771153
  3.90218896 13.79332403  8.27638305 14.87797112 14.74755556  1.28185834
 14.74815061  9.94309121  9.78468077 10.50819133 12.81157659  6.96459098
  6.7926617   4.75476841  0.41263145  6.34393247  1.59302916  9.31229585
 12.41636485 15.97706472  6.79202864  9.738619   11.60786649  2.46692952
  8.86169333 13.29122258  4.42799448  8.17422518 15.63644329 10.61550778
  0.3663671   2.21697751  6.38541072  8.42530515 14.88412257 15.39818535
 10.36565981  6.11523352 11.94835041  7.4448371   3.62097863 16.61348714
 10.75172317 11.95906545  7.88404111  7.59025107 13.3282556  17.73310716
 11.35634646  6.60843175 14.60925577  3.8354394   0.5860128  13.13810246
  2.3045696   4.48633201  7.2180102   6.07712863  9.51974912  4.9533631
  3.03120533 17.40375534  9.35200417  4.62509039 14.34413184  4.13024624
  6.93413799  0.92814665  6.58536453 14.20936915 11.73050197 18.03443841
  7.23503052 17.51312698 10.82386662 12.47623241  4.13305603  3.65810816
 16.57044231  9.82683839  4.63238735  6.81323445  7.49166964  7.01548843
 10.49795058 17.36594158 12.3603157  11.31134447  8.07207089  8.13690289
  3.6522272  10.97971569  8.65135577 17.89991458  6.58603679  7.22627759
  9.61916666  8.45269781 10.59731172 12.26061223  4.35139734  3.24549559
  6.76032051  3.77430956  1.50088002 14.11346118  6.79672233  7.20668596
 10.51210273  9.70767337  5.91090538 13.47921122  0.94889342 13.02698907
  3.27344048  7.2244658   9.00668613 15.51784053  1.25003109  7.35496137
 15.3052433   6.95709967  4.23094145  7.22250612 10.82012938 13.73638143
 12.53288061 11.89677227  9.12072027  1.41433706  6.99624401 11.91083828
 17.71595257  4.8636017  13.41414955 16.38721549  1.00735423 15.44275706
 11.94664427 11.28822731 13.88176417 10.13954045  6.51368831  1.48592066
  4.27708806  8.38266355 13.39138503 12.01533466 16.65743093 16.55043632
  8.19441558  3.21691163  4.21928535  7.56417199  5.7359994  10.93130976
 15.08546506 13.01275097  6.54417855  5.87426264  9.75910985  9.76112857
 16.72990845  9.13631885 11.48274427  7.36505298  6.55876992 11.87423088
 12.00927739  1.82434566 12.61971307  5.45890151 17.40436068 12.08511403
  2.35211794  1.94486157  6.20357865  5.06100589 13.44963973  7.85686767
 13.09655311  7.70493822  2.11227519 15.92102107  1.92307706 10.93958292
  1.99107318  4.72189491  5.32935826 14.69766266  9.58547012 12.10757439
  6.6700267  11.35465265  1.46210463 13.04974932 16.55728516  3.45731667
 13.90452878  1.75913485 17.21250424  4.00298685  8.7692885   4.33048049
  5.11069802  4.22673321 16.90631463 15.20423164  7.60153178 10.75328139
  8.31610747  0.47004392  7.53427167 12.91360721  8.99660921  9.01565885
  4.17396314  1.40796192 10.94340875  6.01881173  4.69909564  7.40638221
 17.36814783 11.94099158 11.49281019  1.49239506 14.61263163 14.18587309
 17.11794104 13.39376606  0.331948    0.0187597  13.21400364  5.41050466
 10.39433626  7.59385882 13.05531733  6.84373586]
2025-11-15 20:28:37,250 - pyswarms.single.global_best - INFO - Optimize for 17 iters with {'c1': 2, 'c2': 2, 'w': 0.9}
2025-11-15 20:28:37,789 - pyswarms.single.global_best - INFO - Optimization finished | best cost: 140.98283764647786, best pos: [11.12131532  9.58929255  4.81875394  5.64285639 17.91252718 10.84228426
 16.00010604  3.12364346 13.84877434  3.98670536 12.70517015 11.87495326
  2.01346425 10.13464124  0.08385857  0.76380554 12.74846958 18.04458117
  1.63227093 13.70224681  3.7212782   6.81928985  2.64377063 13.5274948
  0.15273769  4.42348236  3.12288003 11.71416582 13.86181922 13.61262624
  8.14549086 15.12480224 17.17393059  8.82813454  9.73121502  3.31232321
  5.48850851  8.87469315 18.60409598 14.09660772  1.77977662  9.44173772
 10.78547532 12.95906354  5.35947526  5.22794102 16.95405958 11.16208513
 14.03804166  5.81359836  0.50244954  6.33251522  2.44425442  8.67145484
  7.0142598  16.23776621  9.63890477  1.85822847  9.87006639  8.39026526
 18.89343981 14.07671176 10.55596037 16.78418448 10.60353413 10.24951445
 10.45822539  0.48159338  8.25382416 12.98237504  1.09295672 10.22892403
  9.81065803 14.21035529  9.61742952  6.37367409 11.79895692  5.93868471
  6.74827932 10.90888534  7.07637228  6.06001194 13.81068072 12.46703196
  7.03299066 14.65287747  9.73464833  2.67974693  7.87889524  2.95041087
  6.75723792  9.98235255  7.48445978  8.0789059   0.96035503  9.201328
 17.69124939  0.90610722  3.63484522  1.90319742 16.65680852  3.51777172
 12.39228257 12.76036327  5.79522594  7.72772652 13.82988569 10.2633979
 18.78164166  9.08536846 12.80780098  4.33861453 11.76547177 10.94280884
  3.35882499 17.65933857 13.45341914 13.22061623 12.90843185 13.33467587
 13.3011846  11.23953171 10.84967977  6.7886377  16.3344836   7.62511605
  0.95659092 12.56996674 15.912756    2.59806205 10.9270113   1.73475556
 10.68651352  7.14706375  9.98265506 13.63541388  9.89658483 12.33159433
 11.01783963  9.09508195  8.17765848  9.38704543  7.96593383 13.4128589
  5.87088162  1.97953899  5.83732839 13.84592382 11.37264206 18.44372428
  9.31809448  6.22139586 12.81827685 10.77702603 16.18071434 10.17189022
 13.21569774 10.89008323 10.33433523 15.66146807  6.26543373  4.73001977
  7.15394898  2.29028108 16.94935389  2.31885507  1.13432323  7.10995122
  2.31905562  3.46572364 12.46205253 17.62255668  7.80604814  7.67767724
 12.55975635  8.57090175  1.98591135  1.25186533 18.65137818 14.7210773
  9.76337362  1.44295698 15.29084361  2.56386894 16.5310015   4.26200063
 10.94329716  6.36770301 13.14717216  7.54190113 10.9173547  14.24378049
 16.22947657  9.18114611  1.13984369 11.76911518  9.89632263  6.5585062
  0.98655136  9.75411189  7.57670692 13.72222723 16.93891909  6.448865
 11.01407709  7.12633856  9.8180822   7.22128076  4.78445854 14.6365513
  6.29828507 10.14231299 10.51187017  8.69384545 11.7915577  12.71145513
  6.63467001  0.07368743  6.90498812  9.03185228 12.52982413  0.7910968
 15.86107186  1.33251521 12.2742342  14.42614167 10.40422147 12.48885835
 13.59896784 16.37610712  4.58232992 13.66994236  2.42176192  1.53264185
 10.76038822  3.88356431 13.14722549  3.60218031  5.16602546 15.69750943
  6.31751463 14.62241666 14.39019005 12.89016636 10.9603881   5.62042698
 13.39736749  2.68013411 11.41207787 15.37896978]
2025-11-15 20:28:37,856 - pyswarms.single.global_best - INFO - Optimize for 17 iters with {'c1': 2, 'c2': 2, 'w': 0.9}
2025-11-15 20:28:38,423 - pyswarms.single.global_best - INFO - Optimization finished | best cost: 1319.1257563816305, best pos: [1.48223145e+01 8.60751036e-02 4.20417630e+00 3.31404794e+00
 1.47339468e+01 1.56219601e+01 1.26898524e+01 8.04814311e+00
 1.14517962e+01 1.64628057e+00 6.95539522e+00 6.60870360e+00
 4.88791960e+00 8.07678371e-01 1.00073411e+01 1.38039654e+01
 1.42362866e+00 1.54185702e+01 5.19869224e+00 1.22950295e+01
 6.20499483e+00 1.50158812e+01 5.39058447e+00 1.03416866e+01
 6.47046180e+00 1.21611895e+01 1.09224209e+01 7.66761346e+00
 1.56066229e+01 1.02664505e+01 1.05841233e+01 1.12547414e+01
 5.67146696e+00 9.93306773e+00 3.56146662e+00 1.43174775e+01
 2.09140928e+00 5.26302477e+00 1.43990218e+01 1.64629923e+01
 1.23667454e+01 1.23417910e+01 1.40844676e+01 8.07955174e+00
 1.57365356e+00 2.51616301e+00 1.32687113e+01 2.07502299e+00
 1.12361159e+01 1.88189548e+01 1.32720062e+01 6.86262641e+00
 1.56017156e+01 6.63211065e+00 3.27037056e+00 9.48511976e+00
 1.57011180e+01 1.74839586e+00 4.18721739e+00 9.90283806e+00
 1.22768733e+01 1.77000204e+01 1.12055965e+01 7.54529024e+00
 9.89800179e+00 1.36779052e+01 1.87798980e+01 1.52932061e+00
 1.63671740e+01 2.53544363e+00 1.03370484e+00 6.33319316e+00
 1.66826490e+01 9.94330661e+00 1.00543579e-01 1.58690871e+01
 1.18924649e+01 1.55594476e+01 1.15684842e+01 1.85600040e+01
 7.55480106e+00 1.30928677e+01 6.17812787e+00 1.03839654e+00
 9.68727963e-01 6.90824037e+00 3.75773068e+00 5.69032565e+00
 1.49441929e+01 1.79039566e+01 1.63586561e+01 6.51666294e+00
 1.16968696e+01 6.17386601e+00 6.30661553e+00 1.18533172e+01
 5.61706973e+00 1.36577290e+01 1.46463459e+01 3.01956558e+00
 9.66682374e+00 5.75357722e+00 4.01636878e+00 1.02005882e+01
 7.15860988e+00 1.38625013e+01 1.26811321e+01 1.68447008e+01
 6.47529273e+00 9.98893204e+00 9.75006581e+00 1.17732264e+01
 7.07033407e+00 5.88570143e+00 7.97456508e+00 1.07116634e+01
 6.88823902e+00 1.46180838e+01 8.98312284e+00 1.66991750e+01
 3.37251998e+00 1.08383362e+00 9.18778673e+00 1.08734245e+01
 1.55485450e+01 1.54483326e+01 1.58539656e+01 1.22701208e+01
 1.62635573e+01 9.89724612e+00 3.82376534e-01 6.30119886e+00
 1.40150901e+01 1.64896474e+01 1.00273430e+01 8.43688778e+00
 9.50577657e+00 1.80069286e+01 3.12657092e+00 1.14497048e+01
 8.80252728e+00 1.25855840e+01 1.60011967e+01 1.23858246e+01
 1.29181268e+01 3.36570765e+00 1.27305701e+01 1.78343823e+00
 1.18721267e+01 1.59190322e+01 3.45079017e-02 7.27196476e+00
 5.07266223e-01 1.44930791e+01 4.91365209e-01 7.42597226e+00
 1.21815647e+01 5.23253706e+00 1.26837747e+01 4.79300481e+00
 4.43813448e+00 4.31307868e+00 9.70444894e+00 1.54541763e+01
 6.07427716e+00 3.58839857e+00 6.28875695e+00 1.30493874e+01
 9.61122514e+00 8.49646274e+00 1.65430051e+00 9.51155863e+00
 1.09557077e+01 2.75845581e+00 6.71102313e+00 1.46715881e+01
 9.89473819e+00 2.97526743e+00 1.07394725e+01 3.97841771e+00
 1.54495411e+01 1.52814632e-02 1.01208110e+01 1.21064740e+01
 1.83806577e+01 7.82808071e+00 1.35269173e+01 1.38521462e+00
 4.38629613e+00 1.63226347e+01 5.11021180e+00 1.34148977e+00
 1.68166772e+01 6.11400583e+00 1.14694427e+01 7.94866591e+00
 5.77643024e-01 1.84073727e+01 1.53802875e+01 1.21444519e+01
 4.46630837e+00 1.15837115e+01 2.53935325e+00 4.09499990e-02
 1.04017003e+01 7.26624781e+00 7.76820838e+00 1.14401844e+00
 1.06078350e+01 1.63650166e+01 1.42745311e+01 4.30245130e-01
 1.05874361e+01 1.59697980e+01 9.50324891e+00 1.54253527e+01
 9.01446568e+00 5.08753878e+00 1.09398854e+01 1.32802137e+00
 1.42252234e+00 3.44916456e+00 1.43976072e+01 1.12673159e+01
 7.81218654e+00 8.81253466e+00 1.14889104e+01 1.47192033e+01
 1.41243607e+01 9.35373380e+00 4.71620896e+00 3.87407194e+00
 5.82458132e+00 7.64243738e+00 1.18197586e+01 6.83006460e+00
 1.31335775e+01 7.88632581e+00 1.59821318e+01 3.88788032e+00
 1.15974317e+01 1.44007399e+01 5.82997000e+00 1.56211889e+01
 1.13173943e+01 3.45498603e+00 9.48105113e+00 1.40041646e+01
 1.86033879e+01 7.52129871e+00]
